date,state,district,market,crop_name,demand_quantity
2025-01-01,Madhya Pradesh,Indore,Indore,Tomato,1448.68
2025-01-02,Madhya Pradesh,Indore,Indore,Tomato,1444.87
2025-01-03,Madhya Pradesh,Indore,Indore,Tomato,1543.82
2025-01-04,Madhya Pradesh,Indore,Indore,Tomato,1596.8
2025-01-05,Madhya Pradesh,Indore,Indore,Tomato,1362.99
2025-01-06,Madhya Pradesh,Indore,Indore,Tomato,1329.14
2025-01-07,Madhya Pradesh,Indore,Indore,Tomato,1520.28
2025-01-08,Madhya Pradesh,Indore,Indore,Tomato,1505.49
2025-01-09,Madhya Pradesh,Indore,Indore,Tomato,1439.91
2025-01-10,Madhya Pradesh,Indore,Indore,Tomato,1564.19
2025-01-11,Madhya Pradesh,Indore,Indore,Tomato,1424.5
2025-01-12,Madhya Pradesh,Indore,Indore,Tomato,1367.63
2025-01-13,Madhya Pradesh,Indore,Indore,Tomato,1401.84
2025-01-14,Madhya Pradesh,Indore,Indore,Tomato,1209.36
2025-01-15,Madhya Pradesh,Indore,Indore,Tomato,1281.28
2025-01-16,Madhya Pradesh,Indore,Indore,Tomato,1458.61
2025-01-17,Madhya Pradesh,Indore,Indore,Tomato,1427.75
2025-01-18,Madhya Pradesh,Indore,Indore,Tomato,1534.17
2025-01-19,Madhya Pradesh,Indore,Indore,Tomato,1349.68
2025-01-20,Madhya Pradesh,Indore,Indore,Tomato,1266.29
2025-01-21,Madhya Pradesh,Indore,Indore,Tomato,1569.3
2025-01-22,Madhya Pradesh,Indore,Indore,Tomato,1461.64
2025-01-23,Madhya Pradesh,Indore,Indore,Tomato,1554.54
2025-01-24,Madhya Pradesh,Indore,Indore,Tomato,1409.54
2025-01-25,Madhya Pradesh,Indore,Indore,Tomato,1470.98
2025-01-26,Madhya Pradesh,Indore,Indore,Tomato,1479.47
2025-01-27,Madhya Pradesh,Indore,Indore,Tomato,1315.81
2025-01-28,Madhya Pradesh,Indore,Indore,Tomato,1487.4
2025-01-29,Madhya Pradesh,Indore,Indore,Tomato,1448.45
2025-01-30,Madhya Pradesh,Indore,Indore,Tomato,1542.86
2025-01-31,Madhya Pradesh,Indore,Indore,Tomato,1526.43
2025-02-01,Madhya Pradesh,Indore,Indore,Tomato,1757.99
2025-02-02,Madhya Pradesh,Indore,Indore,Tomato,1492.29
2025-02-03,Madhya Pradesh,Indore,Indore,Tomato,1348.06
2025-02-04,Madhya Pradesh,Indore,Indore,Tomato,1558.96
2025-02-05,Madhya Pradesh,Indore,Indore,Tomato,1406.21
2025-02-06,Madhya Pradesh,Indore,Indore,Tomato,1624.8
2025-02-07,Madhya Pradesh,Indore,Indore,Tomato,1397.72
2025-02-08,Madhya Pradesh,Indore,Indore,Tomato,1434.63
2025-02-09,Madhya Pradesh,Indore,Indore,Tomato,1538.78
2025-02-10,Madhya Pradesh,Indore,Indore,Tomato,1555.57
2025-02-11,Madhya Pradesh,Indore,Indore,Tomato,1515.3
2025-02-12,Madhya Pradesh,Indore,Indore,Tomato,1548.92
2025-02-13,Madhya Pradesh,Indore,Indore,Tomato,1591.73
2025-02-14,Madhya Pradesh,Indore,Indore,Tomato,1474.3
2025-02-15,Madhya Pradesh,Indore,Indore,Tomato,1524.45
2025-02-16,Madhya Pradesh,Indore,Indore,Tomato,1490.57
2025-02-17,Madhya Pradesh,Indore,Indore,Tomato,1611.64
2025-02-18,Madhya Pradesh,Indore,Indore,Tomato,1555.3
2025-02-19,Madhya Pradesh,Indore,Indore,Tomato,1388.13
2025-02-20,Madhya Pradesh,Indore,Indore,Tomato,1685.95
2025-02-21,Madhya Pradesh,Indore,Indore,Tomato,1622.0
2025-02-22,Madhya Pradesh,Indore,Indore,Tomato,1549.78
2025-02-23,Madhya Pradesh,Indore,Indore,Tomato,1627.36
2025-02-24,Madhya Pradesh,Indore,Indore,Tomato,1629.73
2025-02-25,Madhya Pradesh,Indore,Indore,Tomato,1638.35
2025-02-26,Madhya Pradesh,Indore,Indore,Tomato,1509.14
2025-02-27,Madhya Pradesh,Indore,Indore,Tomato,1632.62
2025-02-28,Madhya Pradesh,Indore,Indore,Tomato,1726.06
2025-03-01,Madhya Pradesh,Indore,Indore,Tomato,1758.41
2025-03-02,Madhya Pradesh,Indore,Indore,Tomato,1525.58
2025-03-03,Madhya Pradesh,Indore,Indore,Tomato,1517.2
2025-03-04,Madhya Pradesh,Indore,Indore,Tomato,1434.62
2025-03-05,Madhya Pradesh,Indore,Indore,Tomato,1484.92
2025-03-06,Madhya Pradesh,Indore,Indore,Tomato,1782.22
2025-03-07,Madhya Pradesh,Indore,Indore,Tomato,1866.09
2025-03-08,Madhya Pradesh,Indore,Indore,Tomato,1654.13
2025-03-09,Madhya Pradesh,Indore,Indore,Tomato,1705.92
2025-03-10,Madhya Pradesh,Indore,Indore,Tomato,1591.09
2025-03-11,Madhya Pradesh,Indore,Indore,Tomato,1498.58
2025-03-12,Madhya Pradesh,Indore,Indore,Tomato,1676.58
2025-03-13,Madhya Pradesh,Indore,Indore,Tomato,1884.2
2025-03-14,Madhya Pradesh,Indore,Indore,Tomato,1714.44
2025-03-15,Madhya Pradesh,Indore,Indore,Tomato,1859.77
2025-03-16,Madhya Pradesh,Indore,Indore,Tomato,1312.01
2025-03-17,Madhya Pradesh,Indore,Indore,Tomato,1653.72
2025-03-18,Madhya Pradesh,Indore,Indore,Tomato,1590.75
2025-03-19,Madhya Pradesh,Indore,Indore,Tomato,1612.46
2025-03-20,Madhya Pradesh,Indore,Indore,Tomato,1723.8
2025-03-21,Madhya Pradesh,Indore,Indore,Tomato,1489.44
2025-03-22,Madhya Pradesh,Indore,Indore,Tomato,1660.92
2025-03-23,Madhya Pradesh,Indore,Indore,Tomato,1656.85
2025-03-24,Madhya Pradesh,Indore,Indore,Tomato,1735.59
2025-03-25,Madhya Pradesh,Indore,Indore,Tomato,1532.23
2025-03-26,Madhya Pradesh,Indore,Indore,Tomato,1561.95
2025-03-27,Madhya Pradesh,Indore,Indore,Tomato,1660.95
2025-03-28,Madhya Pradesh,Indore,Indore,Tomato,1849.77
2025-03-29,Madhya Pradesh,Indore,Indore,Tomato,1733.42
2025-03-30,Madhya Pradesh,Indore,Indore,Tomato,1563.06
2025-03-31,Madhya Pradesh,Indore,Indore,Tomato,1635.8
2025-04-01,Madhya Pradesh,Indore,Indore,Tomato,1606.59
2025-04-02,Madhya Pradesh,Indore,Indore,Tomato,1773.92
2025-04-03,Madhya Pradesh,Indore,Indore,Tomato,1641.93
2025-04-04,Madhya Pradesh,Indore,Indore,Tomato,1703.35
2025-04-05,Madhya Pradesh,Indore,Indore,Tomato,1652.17
2025-04-06,Madhya Pradesh,Indore,Indore,Tomato,1460.32
2025-04-07,Madhya Pradesh,Indore,Indore,Tomato,1615.09
2025-04-08,Madhya Pradesh,Indore,Indore,Tomato,1627.78
2025-04-09,Madhya Pradesh,Indore,Indore,Tomato,1664.35
2025-04-10,Madhya Pradesh,Indore,Indore,Tomato,1700.51
2025-04-11,Madhya Pradesh,Indore,Indore,Tomato,1572.11
2025-04-12,Madhya Pradesh,Indore,Indore,Tomato,1649.9
2025-04-13,Madhya Pradesh,Indore,Indore,Tomato,1588.62
2025-04-14,Madhya Pradesh,Indore,Indore,Tomato,1493.64
2025-04-15,Madhya Pradesh,Indore,Indore,Tomato,1580.31
2025-04-16,Madhya Pradesh,Indore,Indore,Tomato,1710.14
2025-04-17,Madhya Pradesh,Indore,Indore,Tomato,1955.87
2025-04-18,Madhya Pradesh,Indore,Indore,Tomato,1764.67
2025-04-19,Madhya Pradesh,Indore,Indore,Tomato,1728.52
2025-04-20,Madhya Pradesh,Indore,Indore,Tomato,1616.81
2025-04-21,Madhya Pradesh,Indore,Indore,Tomato,1367.58
2025-04-22,Madhya Pradesh,Indore,Indore,Tomato,1592.21
2025-04-23,Madhya Pradesh,Indore,Indore,Tomato,1666.33
2025-04-24,Madhya Pradesh,Indore,Indore,Tomato,2020.55
2025-04-25,Madhya Pradesh,Indore,Indore,Tomato,1715.1
2025-04-26,Madhya Pradesh,Indore,Indore,Tomato,1728.47
2025-04-27,Madhya Pradesh,Indore,Indore,Tomato,1615.97
2025-04-28,Madhya Pradesh,Indore,Indore,Tomato,1445.36
2025-04-29,Madhya Pradesh,Indore,Indore,Tomato,1716.19
2025-04-30,Madhya Pradesh,Indore,Indore,Tomato,1739.55
2025-05-01,Madhya Pradesh,Indore,Indore,Tomato,1810.93
2025-05-02,Madhya Pradesh,Indore,Indore,Tomato,1620.38
2025-05-03,Madhya Pradesh,Indore,Indore,Tomato,1849.96
2025-05-04,Madhya Pradesh,Indore,Indore,Tomato,1453.51
2025-05-05,Madhya Pradesh,Indore,Indore,Tomato,1630.05
2025-05-06,Madhya Pradesh,Indore,Indore,Tomato,1822.48
2025-05-07,Madhya Pradesh,Indore,Indore,Tomato,1529.01
2025-05-08,Madhya Pradesh,Indore,Indore,Tomato,1637.88
2025-05-09,Madhya Pradesh,Indore,Indore,Tomato,1731.59
2025-05-10,Madhya Pradesh,Indore,Indore,Tomato,1614.51
2025-05-11,Madhya Pradesh,Indore,Indore,Tomato,1426.95
2025-05-12,Madhya Pradesh,Indore,Indore,Tomato,1562.17
2025-05-13,Madhya Pradesh,Indore,Indore,Tomato,1452.04
2025-05-14,Madhya Pradesh,Indore,Indore,Tomato,1684.64
2025-05-15,Madhya Pradesh,Indore,Indore,Tomato,1583.37
2025-05-16,Madhya Pradesh,Indore,Indore,Tomato,1890.97
2025-05-17,Madhya Pradesh,Indore,Indore,Tomato,1568.77
2025-05-18,Madhya Pradesh,Indore,Indore,Tomato,1551.43
2025-05-19,Madhya Pradesh,Indore,Indore,Tomato,1629.03
2025-05-20,Madhya Pradesh,Indore,Indore,Tomato,1420.82
2025-05-21,Madhya Pradesh,Indore,Indore,Tomato,1641.49
2025-05-22,Madhya Pradesh,Indore,Indore,Tomato,1829.94
2025-05-23,Madhya Pradesh,Indore,Indore,Tomato,1499.52
2025-05-24,Madhya Pradesh,Indore,Indore,Tomato,1664.86
2025-05-25,Madhya Pradesh,Indore,Indore,Tomato,1600.02
2025-05-26,Madhya Pradesh,Indore,Indore,Tomato,1609.12
2025-05-27,Madhya Pradesh,Indore,Indore,Tomato,1405.46
2025-05-28,Madhya Pradesh,Indore,Indore,Tomato,1450.95
2025-05-29,Madhya Pradesh,Indore,Indore,Tomato,1719.11
2025-05-30,Madhya Pradesh,Indore,Indore,Tomato,1705.9
2025-05-31,Madhya Pradesh,Indore,Indore,Tomato,1653.81
2025-06-01,Madhya Pradesh,Indore,Indore,Tomato,1591.32
2025-06-02,Madhya Pradesh,Indore,Indore,Tomato,1436.27
2025-06-03,Madhya Pradesh,Indore,Indore,Tomato,1545.41
2025-06-04,Madhya Pradesh,Indore,Indore,Tomato,1612.14
2025-06-05,Madhya Pradesh,Indore,Indore,Tomato,1556.59
2025-06-06,Madhya Pradesh,Indore,Indore,Tomato,1866.32
2025-06-07,Madhya Pradesh,Indore,Indore,Tomato,1658.41
2025-06-08,Madhya Pradesh,Indore,Indore,Tomato,1406.19
2025-06-09,Madhya Pradesh,Indore,Indore,Tomato,1557.29
2025-06-10,Madhya Pradesh,Indore,Indore,Tomato,1398.68
2025-06-11,Madhya Pradesh,Indore,Indore,Tomato,1645.03
2025-06-12,Madhya Pradesh,Indore,Indore,Tomato,1748.04
2025-06-13,Madhya Pradesh,Indore,Indore,Tomato,1535.13
2025-06-14,Madhya Pradesh,Indore,Indore,Tomato,1690.3
2025-06-15,Madhya Pradesh,Indore,Indore,Tomato,1556.93
2025-06-16,Madhya Pradesh,Indore,Indore,Tomato,1552.86
2025-06-17,Madhya Pradesh,Indore,Indore,Tomato,1676.75
2025-06-18,Madhya Pradesh,Indore,Indore,Tomato,1510.84
2025-06-19,Madhya Pradesh,Indore,Indore,Tomato,1509.9
2025-06-20,Madhya Pradesh,Indore,Indore,Tomato,1505.47
2025-06-21,Madhya Pradesh,Indore,Indore,Tomato,1471.58
2025-06-22,Madhya Pradesh,Indore,Indore,Tomato,1483.19
2025-06-23,Madhya Pradesh,Indore,Indore,Tomato,1481.44
2025-06-24,Madhya Pradesh,Indore,Indore,Tomato,1486.66
2025-06-25,Madhya Pradesh,Indore,Indore,Tomato,1602.13
2025-06-26,Madhya Pradesh,Indore,Indore,Tomato,1571.63
2025-06-27,Madhya Pradesh,Indore,Indore,Tomato,1742.21
2025-06-28,Madhya Pradesh,Indore,Indore,Tomato,1508.65
2025-06-29,Madhya Pradesh,Indore,Indore,Tomato,1748.22
2025-06-30,Madhya Pradesh,Indore,Indore,Tomato,1487.19
2025-07-01,Madhya Pradesh,Indore,Indore,Tomato,1349.87
2025-07-02,Madhya Pradesh,Indore,Indore,Tomato,1379.33
2025-07-03,Madhya Pradesh,Indore,Indore,Tomato,1598.12
2025-07-04,Madhya Pradesh,Indore,Indore,Tomato,1532.4
2025-07-05,Madhya Pradesh,Indore,Indore,Tomato,1588.79
2025-07-06,Madhya Pradesh,Indore,Indore,Tomato,1493.5
2025-07-07,Madhya Pradesh,Indore,Indore,Tomato,1395.3
2025-07-08,Madhya Pradesh,Indore,Indore,Tomato,1329.68
2025-07-09,Madhya Pradesh,Indore,Indore,Tomato,1311.99
2025-07-10,Madhya Pradesh,Indore,Indore,Tomato,1473.95
2025-07-11,Madhya Pradesh,Indore,Indore,Tomato,1623.99
2025-07-12,Madhya Pradesh,Indore,Indore,Tomato,1511.53
2025-07-13,Madhya Pradesh,Indore,Indore,Tomato,1298.66
2025-07-14,Madhya Pradesh,Indore,Indore,Tomato,1396.96
2025-07-15,Madhya Pradesh,Indore,Indore,Tomato,1428.58
2025-07-16,Madhya Pradesh,Indore,Indore,Tomato,1355.0
2025-07-17,Madhya Pradesh,Indore,Indore,Tomato,1513.53
2025-07-18,Madhya Pradesh,Indore,Indore,Tomato,1514.05
2025-07-19,Madhya Pradesh,Indore,Indore,Tomato,1348.42
2025-07-20,Madhya Pradesh,Indore,Indore,Tomato,1435.35
2025-07-21,Madhya Pradesh,Indore,Indore,Tomato,1411.82
2025-07-22,Madhya Pradesh,Indore,Indore,Tomato,1473.02
2025-07-23,Madhya Pradesh,Indore,Indore,Tomato,1526.61
2025-07-24,Madhya Pradesh,Indore,Indore,Tomato,1331.88
2025-07-25,Madhya Pradesh,Indore,Indore,Tomato,1386.99
2025-07-26,Madhya Pradesh,Indore,Indore,Tomato,1494.99
2025-07-27,Madhya Pradesh,Indore,Indore,Tomato,1428.25
2025-07-28,Madhya Pradesh,Indore,Indore,Tomato,1385.85
2025-07-29,Madhya Pradesh,Indore,Indore,Tomato,1711.9
2025-07-30,Madhya Pradesh,Indore,Indore,Tomato,1456.07
2025-07-31,Madhya Pradesh,Indore,Indore,Tomato,1567.16
2025-08-01,Madhya Pradesh,Indore,Indore,Tomato,1559.79
2025-08-02,Madhya Pradesh,Indore,Indore,Tomato,1486.26
2025-08-03,Madhya Pradesh,Indore,Indore,Tomato,1328.28
2025-08-04,Madhya Pradesh,Indore,Indore,Tomato,1387.99
2025-08-05,Madhya Pradesh,Indore,Indore,Tomato,1256.76
2025-08-06,Madhya Pradesh,Indore,Indore,Tomato,1357.02
2025-08-07,Madhya Pradesh,Indore,Indore,Tomato,1382.35
2025-08-08,Madhya Pradesh,Indore,Indore,Tomato,1449.67
2025-08-09,Madhya Pradesh,Indore,Indore,Tomato,1628.57
2025-08-10,Madhya Pradesh,Indore,Indore,Tomato,1164.32
2025-08-11,Madhya Pradesh,Indore,Indore,Tomato,1362.31
2025-08-12,Madhya Pradesh,Indore,Indore,Tomato,1162.64
2025-08-13,Madhya Pradesh,Indore,Indore,Tomato,1316.42
2025-08-14,Madhya Pradesh,Indore,Indore,Tomato,1519.66
2025-08-15,Madhya Pradesh,Indore,Indore,Tomato,1428.99
2025-08-16,Madhya Pradesh,Indore,Indore,Tomato,1279.08
2025-08-17,Madhya Pradesh,Indore,Indore,Tomato,1256.18
2025-08-18,Madhya Pradesh,Indore,Indore,Tomato,1344.7
2025-08-19,Madhya Pradesh,Indore,Indore,Tomato,1228.32
2025-08-20,Madhya Pradesh,Indore,Indore,Tomato,1365.33
2025-08-21,Madhya Pradesh,Indore,Indore,Tomato,1399.73
2025-08-22,Madhya Pradesh,Indore,Indore,Tomato,1341.89
2025-08-23,Madhya Pradesh,Indore,Indore,Tomato,1572.9
2025-08-24,Madhya Pradesh,Indore,Indore,Tomato,1365.62
2025-08-25,Madhya Pradesh,Indore,Indore,Tomato,1089.6
2025-08-26,Madhya Pradesh,Indore,Indore,Tomato,1297.34
2025-08-27,Madhya Pradesh,Indore,Indore,Tomato,1269.21
2025-08-28,Madhya Pradesh,Indore,Indore,Tomato,1463.42
2025-08-29,Madhya Pradesh,Indore,Indore,Tomato,1314.79
2025-08-30,Madhya Pradesh,Indore,Indore,Tomato,1343.5
2025-08-31,Madhya Pradesh,Indore,Indore,Tomato,1341.04
2025-09-01,Madhya Pradesh,Indore,Indore,Tomato,1334.17
2025-09-02,Madhya Pradesh,Indore,Indore,Tomato,1162.59
2025-09-03,Madhya Pradesh,Indore,Indore,Tomato,1288.51
2025-09-04,Madhya Pradesh,Indore,Indore,Tomato,1323.98
2025-09-05,Madhya Pradesh,Indore,Indore,Tomato,1317.67
2025-09-06,Madhya Pradesh,Indore,Indore,Tomato,1509.96
2025-09-07,Madhya Pradesh,Indore,Indore,Tomato,1322.05
2025-09-08,Madhya Pradesh,Indore,Indore,Tomato,1138.71
2025-09-09,Madhya Pradesh,Indore,Indore,Tomato,1341.55
2025-09-10,Madhya Pradesh,Indore,Indore,Tomato,1505.51
2025-09-11,Madhya Pradesh,Indore,Indore,Tomato,1459.37
2025-09-12,Madhya Pradesh,Indore,Indore,Tomato,1226.69
2025-09-13,Madhya Pradesh,Indore,Indore,Tomato,1291.1
2025-09-14,Madhya Pradesh,Indore,Indore,Tomato,1392.28
2025-09-15,Madhya Pradesh,Indore,Indore,Tomato,1181.24
2025-09-16,Madhya Pradesh,Indore,Indore,Tomato,1293.76
2025-09-17,Madhya Pradesh,Indore,Indore,Tomato,1375.99
2025-09-18,Madhya Pradesh,Indore,Indore,Tomato,1267.72
2025-09-19,Madhya Pradesh,Indore,Indore,Tomato,1362.08
2025-09-20,Madhya Pradesh,Indore,Indore,Tomato,1029.85
2025-09-21,Madhya Pradesh,Indore,Indore,Tomato,1183.74
2025-09-22,Madhya Pradesh,Indore,Indore,Tomato,1217.74
2025-09-23,Madhya Pradesh,Indore,Indore,Tomato,1142.68
2025-09-24,Madhya Pradesh,Indore,Indore,Tomato,1451.7
2025-09-25,Madhya Pradesh,Indore,Indore,Tomato,1218.16
2025-09-26,Madhya Pradesh,Indore,Indore,Tomato,1324.17
2025-09-27,Madhya Pradesh,Indore,Indore,Tomato,1343.25
2025-09-28,Madhya Pradesh,Indore,Indore,Tomato,1403.27
2025-09-29,Madhya Pradesh,Indore,Indore,Tomato,1115.01
2025-09-30,Madhya Pradesh,Indore,Indore,Tomato,1354.42
2025-10-01,Madhya Pradesh,Indore,Indore,Tomato,1304.66
2025-10-02,Madhya Pradesh,Indore,Indore,Tomato,1262.0
2025-10-03,Madhya Pradesh,Indore,Indore,Tomato,1412.44
2025-10-04,Madhya Pradesh,Indore,Indore,Tomato,1352.02
2025-10-05,Madhya Pradesh,Indore,Indore,Tomato,1223.73
2025-10-06,Madhya Pradesh,Indore,Indore,Tomato,1248.79
2025-10-07,Madhya Pradesh,Indore,Indore,Tomato,1222.17
2025-10-08,Madhya Pradesh,Indore,Indore,Tomato,1318.35
2025-10-09,Madhya Pradesh,Indore,Indore,Tomato,1423.03
2025-10-10,Madhya Pradesh,Indore,Indore,Tomato,1526.12
2025-10-11,Madhya Pradesh,Indore,Indore,Tomato,1223.19
2025-10-12,Madhya Pradesh,Indore,Indore,Tomato,1475.04
2025-10-13,Madhya Pradesh,Indore,Indore,Tomato,1078.34
2025-10-14,Madhya Pradesh,Indore,Indore,Tomato,1249.44
2025-10-15,Madhya Pradesh,Indore,Indore,Tomato,1369.7
2025-10-16,Madhya Pradesh,Indore,Indore,Tomato,1395.27
2025-10-17,Madhya Pradesh,Indore,Indore,Tomato,1322.29
2025-10-18,Madhya Pradesh,Indore,Indore,Tomato,1328.76
2025-10-19,Madhya Pradesh,Indore,Indore,Tomato,1248.05
2025-10-20,Madhya Pradesh,Indore,Indore,Tomato,1206.54
2025-10-21,Madhya Pradesh,Indore,Indore,Tomato,1348.55
2025-10-22,Madhya Pradesh,Indore,Indore,Tomato,1359.53
2025-10-23,Madhya Pradesh,Indore,Indore,Tomato,1313.18
2025-10-24,Madhya Pradesh,Indore,Indore,Tomato,1482.75
2025-10-25,Madhya Pradesh,Indore,Indore,Tomato,1390.19
2025-10-26,Madhya Pradesh,Indore,Indore,Tomato,1379.35
2025-10-27,Madhya Pradesh,Indore,Indore,Tomato,1326.99
2025-10-28,Madhya Pradesh,Indore,Indore,Tomato,1211.3
2025-10-29,Madhya Pradesh,Indore,Indore,Tomato,1287.88
2025-10-30,Madhya Pradesh,Indore,Indore,Tomato,1468.17
2025-10-31,Madhya Pradesh,Indore,Indore,Tomato,1470.86
2025-11-01,Madhya Pradesh,Indore,Indore,Tomato,1374.63
2025-11-02,Madhya Pradesh,Indore,Indore,Tomato,1331.42
2025-11-03,Madhya Pradesh,Indore,Indore,Tomato,1401.5
2025-11-04,Madhya Pradesh,Indore,Indore,Tomato,1248.05
2025-11-05,Madhya Pradesh,Indore,Indore,Tomato,1409.55
2025-11-06,Madhya Pradesh,Indore,Indore,Tomato,1393.41
2025-11-07,Madhya Pradesh,Indore,Indore,Tomato,1407.65
2025-11-08,Madhya Pradesh,Indore,Indore,Tomato,1502.74
2025-11-09,Madhya Pradesh,Indore,Indore,Tomato,1416.32
2025-11-10,Madhya Pradesh,Indore,Indore,Tomato,1379.0
2025-11-11,Madhya Pradesh,Indore,Indore,Tomato,1441.49
2025-11-12,Madhya Pradesh,Indore,Indore,Tomato,1379.57
2025-11-13,Madhya Pradesh,Indore,Indore,Tomato,1503.08
2025-11-14,Madhya Pradesh,Indore,Indore,Tomato,1419.69
2025-11-15,Madhya Pradesh,Indore,Indore,Tomato,1449.18
2025-11-16,Madhya Pradesh,Indore,Indore,Tomato,1347.63
2025-11-17,Madhya Pradesh,Indore,Indore,Tomato,1334.54
2025-11-18,Madhya Pradesh,Indore,Indore,Tomato,1398.11
2025-11-19,Madhya Pradesh,Indore,Indore,Tomato,1319.99
2025-11-20,Madhya Pradesh,Indore,Indore,Tomato,1672.11
2025-11-21,Madhya Pradesh,Indore,Indore,Tomato,1371.77
2025-11-22,Madhya Pradesh,Indore,Indore,Tomato,1318.74
2025-11-23,Madhya Pradesh,Indore,Indore,Tomato,1495.68
2025-11-24,Madhya Pradesh,Indore,Indore,Tomato,1423.45
2025-11-25,Madhya Pradesh,Indore,Indore,Tomato,1425.6
2025-11-26,Madhya Pradesh,Indore,Indore,Tomato,1487.88
2025-11-27,Madhya Pradesh,Indore,Indore,Tomato,1483.53
2025-11-28,Madhya Pradesh,Indore,Indore,Tomato,1408.21
2025-11-29,Madhya Pradesh,Indore,Indore,Tomato,1475.52
2025-11-30,Madhya Pradesh,Indore,Indore,Tomato,1342.4
2025-12-01,Madhya Pradesh,Indore,Indore,Tomato,1467.73
2025-12-02,Madhya Pradesh,Indore,Indore,Tomato,1377.36
2025-12-03,Madhya Pradesh,Indore,Indore,Tomato,1368.36
2025-12-04,Madhya Pradesh,Indore,Indore,Tomato,1479.19
2025-12-05,Madhya Pradesh,Indore,Indore,Tomato,1575.81
2025-12-06,Madhya Pradesh,Indore,Indore,Tomato,1437.17
2025-12-07,Madhya Pradesh,Indore,Indore,Tomato,1354.01
2025-12-08,Madhya Pradesh,Indore,Indore,Tomato,1424.82
2025-12-09,Madhya Pradesh,Indore,Indore,Tomato,1443.5
2025-12-10,Madhya Pradesh,Indore,Indore,Tomato,1428.55
2025-12-11,Madhya Pradesh,Indore,Indore,Tomato,1492.52
2025-12-12,Madhya Pradesh,Indore,Indore,Tomato,1587.6
2025-12-13,Madhya Pradesh,Indore,Indore,Tomato,1371.6
2025-12-14,Madhya Pradesh,Indore,Indore,Tomato,1321.31
2025-12-15,Madhya Pradesh,Indore,Indore,Tomato,1357.43
2025-12-16,Madhya Pradesh,Indore,Indore,Tomato,1426.38
2025-12-17,Madhya Pradesh,Indore,Indore,Tomato,1544.2
2025-12-18,Madhya Pradesh,Indore,Indore,Tomato,1737.62
2025-12-19,Madhya Pradesh,Indore,Indore,Tomato,1689.95
2025-12-20,Madhya Pradesh,Indore,Indore,Tomato,1540.21
2025-12-21,Madhya Pradesh,Indore,Indore,Tomato,1493.87
2025-12-22,Madhya Pradesh,Indore,Indore,Tomato,1356.38
2025-12-23,Madhya Pradesh,Indore,Indore,Tomato,1475.96
2025-12-24,Madhya Pradesh,Indore,Indore,Tomato,1511.33
2025-12-25,Madhya Pradesh,Indore,Indore,Tomato,1643.8
2025-12-26,Madhya Pradesh,Indore,Indore,Tomato,1532.95
2025-12-27,Madhya Pradesh,Indore,Indore,Tomato,1647.63
2025-12-28,Madhya Pradesh,Indore,Indore,Tomato,1690.57
2025-12-29,Madhya Pradesh,Indore,Indore,Tomato,1477.54
2025-12-30,Madhya Pradesh,Indore,Indore,Tomato,1550.77
2025-12-31,Madhya Pradesh,Indore,Indore,Tomato,1650.34
2026-01-01,Madhya Pradesh,Indore,Indore,Tomato,1594.49
2026-01-02,Madhya Pradesh,Indore,Indore,Tomato,1686.65
2026-01-03,Madhya Pradesh,Indore,Indore,Tomato,1623.87
2026-01-04,Madhya Pradesh,Indore,Indore,Tomato,1568.66
2026-01-05,Madhya Pradesh,Indore,Indore,Tomato,1437.06
2026-01-06,Madhya Pradesh,Indore,Indore,Tomato,1541.72
2026-01-07,Madhya Pradesh,Indore,Indore,Tomato,1662.25
2026-01-08,Madhya Pradesh,Indore,Indore,Tomato,1843.8
2026-01-09,Madhya Pradesh,Indore,Indore,Tomato,1807.86
2026-01-10,Madhya Pradesh,Indore,Indore,Tomato,1904.5
2026-01-11,Madhya Pradesh,Indore,Indore,Tomato,1503.84
2026-01-12,Madhya Pradesh,Indore,Indore,Tomato,1644.18
2026-01-13,Madhya Pradesh,Indore,Indore,Tomato,1589.77
2026-01-14,Madhya Pradesh,Indore,Indore,Tomato,1889.07
2026-01-15,Madhya Pradesh,Indore,Indore,Tomato,1610.12
2026-01-16,Madhya Pradesh,Indore,Indore,Tomato,1625.71
2026-01-17,Madhya Pradesh,Indore,Indore,Tomato,1616.45
2026-01-18,Madhya Pradesh,Indore,Indore,Tomato,1379.1
2026-01-19,Madhya Pradesh,Indore,Indore,Tomato,1521.23
2026-01-20,Madhya Pradesh,Indore,Indore,Tomato,1514.62
2026-01-21,Madhya Pradesh,Indore,Indore,Tomato,1686.65
2026-01-22,Madhya Pradesh,Indore,Indore,Tomato,1780.46
2026-01-23,Madhya Pradesh,Indore,Indore,Tomato,1990.66
2026-01-24,Madhya Pradesh,Indore,Indore,Tomato,1832.94
2026-01-25,Madhya Pradesh,Indore,Indore,Tomato,1583.19
2026-01-26,Madhya Pradesh,Indore,Indore,Tomato,1507.11
2026-01-27,Madhya Pradesh,Indore,Indore,Tomato,1684.74
2026-01-28,Madhya Pradesh,Indore,Indore,Tomato,1542.1
2026-01-29,Madhya Pradesh,Indore,Indore,Tomato,1996.79
2026-01-30,Madhya Pradesh,Indore,Indore,Tomato,1938.53
2026-01-31,Madhya Pradesh,Indore,Indore,Tomato,1691.28
2026-02-01,Madhya Pradesh,Indore,Indore,Tomato,1477.17
2026-02-02,Madhya Pradesh,Indore,Indore,Tomato,1790.93
2026-02-03,Madhya Pradesh,Indore,Indore,Tomato,1643.08
2026-02-04,Madhya Pradesh,Indore,Indore,Tomato,1877.42
2026-02-05,Madhya Pradesh,Indore,Indore,Tomato,1598.54
2026-02-06,Madhya Pradesh,Indore,Indore,Tomato,1743.81
2026-02-07,Madhya Pradesh,Indore,Indore,Tomato,1777.83
2026-02-08,Madhya Pradesh,Indore,Indore,Tomato,1711.06
2026-02-09,Madhya Pradesh,Indore,Indore,Tomato,1609.54
2026-02-10,Madhya Pradesh,Indore,Indore,Tomato,1755.71
2026-02-11,Madhya Pradesh,Indore,Indore,Tomato,1623.39
2026-02-12,Madhya Pradesh,Indore,Indore,Tomato,1808.69
2026-02-13,Madhya Pradesh,Indore,Indore,Tomato,1863.22
2026-02-14,Madhya Pradesh,Indore,Indore,Tomato,1868.59
2026-02-15,Madhya Pradesh,Indore,Indore,Tomato,1816.69
2026-02-16,Madhya Pradesh,Indore,Indore,Tomato,1553.22
2026-02-17,Madhya Pradesh,Indore,Indore,Tomato,1523.1
2026-02-18,Madhya Pradesh,Indore,Indore,Tomato,1938.25
2026-02-19,Madhya Pradesh,Indore,Indore,Tomato,1895.22
2026-02-20,Madhya Pradesh,Indore,Indore,Tomato,1774.65
2026-02-21,Madhya Pradesh,Indore,Indore,Tomato,2026.21
2026-02-22,Madhya Pradesh,Indore,Indore,Tomato,1767.43
2026-02-23,Madhya Pradesh,Indore,Indore,Tomato,1848.68
2026-02-24,Madhya Pradesh,Indore,Indore,Tomato,1736.14
2026-02-25,Madhya Pradesh,Indore,Indore,Tomato,2061.11
2026-02-26,Madhya Pradesh,Indore,Indore,Tomato,2105.11
2026-02-27,Madhya Pradesh,Indore,Indore,Tomato,1862.17
2026-02-28,Madhya Pradesh,Indore,Indore,Tomato,1974.96
2026-03-01,Madhya Pradesh,Indore,Indore,Tomato,1853.49
2026-03-02,Madhya Pradesh,Indore,Indore,Tomato,1892.37
2026-03-03,Madhya Pradesh,Indore,Indore,Tomato,1629.0
2026-03-04,Madhya Pradesh,Indore,Indore,Tomato,1908.09
2026-03-05,Madhya Pradesh,Indore,Indore,Tomato,2034.82
2026-03-06,Madhya Pradesh,Indore,Indore,Tomato,1678.93
2026-03-07,Madhya Pradesh,Indore,Indore,Tomato,1713.01
2026-03-08,Madhya Pradesh,Indore,Indore,Tomato,1535.07
2026-03-09,Madhya Pradesh,Indore,Indore,Tomato,1710.46
2026-03-10,Madhya Pradesh,Indore,Indore,Tomato,1851.72
2026-03-11,Madhya Pradesh,Indore,Indore,Tomato,2030.22
2026-03-12,Madhya Pradesh,Indore,Indore,Tomato,1920.92
2026-03-13,Madhya Pradesh,Indore,Indore,Tomato,2151.0
2026-03-14,Madhya Pradesh,Indore,Indore,Tomato,1701.14
2026-03-15,Madhya Pradesh,Indore,Indore,Tomato,1589.72
2026-03-16,Madhya Pradesh,Indore,Indore,Tomato,1749.92
2026-03-17,Madhya Pradesh,Indore,Indore,Tomato,1824.01
2026-03-18,Madhya Pradesh,Indore,Indore,Tomato,1845.96
2026-03-19,Madhya Pradesh,Indore,Indore,Tomato,1645.73
2026-03-20,Madhya Pradesh,Indore,Indore,Tomato,1931.57
2026-03-21,Madhya Pradesh,Indore,Indore,Tomato,1722.01
2026-03-22,Madhya Pradesh,Indore,Indore,Tomato,1901.08
2026-03-23,Madhya Pradesh,Indore,Indore,Tomato,1812.35
2026-03-24,Madhya Pradesh,Indore,Indore,Tomato,1668.63
2026-03-25,Madhya Pradesh,Indore,Indore,Tomato,1793.1
2026-03-26,Madhya Pradesh,Indore,Indore,Tomato,1790.49
2026-03-27,Madhya Pradesh,Indore,Indore,Tomato,1944.37
2026-03-28,Madhya Pradesh,Indore,Indore,Tomato,2030.84
2026-03-29,Madhya Pradesh,Indore,Indore,Tomato,1697.78
2026-03-30,Madhya Pradesh,Indore,Indore,Tomato,1836.57
2026-03-31,Madhya Pradesh,Indore,Indore,Tomato,1726.17
2026-04-01,Madhya Pradesh,Indore,Indore,Tomato,1762.75
2026-04-02,Madhya Pradesh,Indore,Indore,Tomato,1925.4
2026-04-03,Madhya Pradesh,Indore,Indore,Tomato,1816.6
2026-04-04,Madhya Pradesh,Indore,Indore,Tomato,1834.53
2026-04-05,Madhya Pradesh,Indore,Indore,Tomato,1674.57
2026-04-06,Madhya Pradesh,Indore,Indore,Tomato,2022.09
2026-04-07,Madhya Pradesh,Indore,Indore,Tomato,1800.33
2026-04-08,Madhya Pradesh,Indore,Indore,Tomato,1777.59
2026-04-09,Madhya Pradesh,Indore,Indore,Tomato,1971.42
2026-04-10,Madhya Pradesh,Indore,Indore,Tomato,1945.0
2026-04-11,Madhya Pradesh,Indore,Indore,Tomato,1880.27
2026-04-12,Madhya Pradesh,Indore,Indore,Tomato,1907.22
2026-04-13,Madhya Pradesh,Indore,Indore,Tomato,1872.15
2026-04-14,Madhya Pradesh,Indore,Indore,Tomato,1729.0
2026-04-15,Madhya Pradesh,Indore,Indore,Tomato,1793.11
2026-04-16,Madhya Pradesh,Indore,Indore,Tomato,1903.68
2026-04-17,Madhya Pradesh,Indore,Indore,Tomato,1643.0
2026-04-18,Madhya Pradesh,Indore,Indore,Tomato,1705.22
2026-04-19,Madhya Pradesh,Indore,Indore,Tomato,2000.65
2026-04-20,Madhya Pradesh,Indore,Indore,Tomato,1979.17
2026-04-21,Madhya Pradesh,Indore,Indore,Tomato,1760.87
2026-04-22,Madhya Pradesh,Indore,Indore,Tomato,1939.44
2026-04-23,Madhya Pradesh,Indore,Indore,Tomato,1978.35
2026-04-24,Madhya Pradesh,Indore,Indore,Tomato,2374.1
2026-04-25,Madhya Pradesh,Indore,Indore,Tomato,2050.77
2026-04-26,Madhya Pradesh,Indore,Indore,Tomato,1803.61
2026-04-27,Madhya Pradesh,Indore,Indore,Tomato,1650.19
2026-04-28,Madhya Pradesh,Indore,Indore,Tomato,1584.51
2026-04-29,Madhya Pradesh,Indore,Indore,Tomato,1883.04
2026-04-30,Madhya Pradesh,Indore,Indore,Tomato,1825.7
2026-05-01,Madhya Pradesh,Indore,Indore,Tomato,1750.63
2026-05-02,Madhya Pradesh,Indore,Indore,Tomato,1806.87
2026-05-03,Madhya Pradesh,Indore,Indore,Tomato,1673.55
2026-05-04,Madhya Pradesh,Indore,Indore,Tomato,1966.77
2026-05-05,Madhya Pradesh,Indore,Indore,Tomato,1884.83
2026-05-06,Madhya Pradesh,Indore,Indore,Tomato,1844.72
2026-05-07,Madhya Pradesh,Indore,Indore,Tomato,2114.52
2026-05-08,Madhya Pradesh,Indore,Indore,Tomato,1942.34
2026-05-09,Madhya Pradesh,Indore,Indore,Tomato,1766.73
2026-05-10,Madhya Pradesh,Indore,Indore,Tomato,1990.02
2026-05-11,Madhya Pradesh,Indore,Indore,Tomato,1812.5
2026-05-12,Madhya Pradesh,Indore,Indore,Tomato,1634.36
2026-05-13,Madhya Pradesh,Indore,Indore,Tomato,1807.44
2026-05-14,Madhya Pradesh,Indore,Indore,Tomato,1784.63
2026-05-15,Madhya Pradesh,Indore,Indore,Tomato,1730.93
2026-05-16,Madhya Pradesh,Indore,Indore,Tomato,1985.5
2026-05-17,Madhya Pradesh,Indore,Indore,Tomato,2021.42
2026-05-18,Madhya Pradesh,Indore,Indore,Tomato,1561.95
2026-05-19,Madhya Pradesh,Indore,Indore,Tomato,1815.46
2026-05-20,Madhya Pradesh,Indore,Indore,Tomato,1732.47
2026-05-21,Madhya Pradesh,Indore,Indore,Tomato,1819.17
2026-05-22,Madhya Pradesh,Indore,Indore,Tomato,1819.4
2026-05-23,Madhya Pradesh,Indore,Indore,Tomato,1734.72
2026-05-24,Madhya Pradesh,Indore,Indore,Tomato,1771.29
2026-05-25,Madhya Pradesh,Indore,Indore,Tomato,1614.13
2026-05-26,Madhya Pradesh,Indore,Indore,Tomato,1761.2
2026-05-27,Madhya Pradesh,Indore,Indore,Tomato,1789.59
2026-05-28,Madhya Pradesh,Indore,Indore,Tomato,1831.89
2026-05-29,Madhya Pradesh,Indore,Indore,Tomato,1757.98
2026-05-30,Madhya Pradesh,Indore,Indore,Tomato,1752.01
2026-05-31,Madhya Pradesh,Indore,Indore,Tomato,1837.47
2026-06-01,Madhya Pradesh,Indore,Indore,Tomato,1753.38
2026-06-02,Madhya Pradesh,Indore,Indore,Tomato,1591.26
2026-06-03,Madhya Pradesh,Indore,Indore,Tomato,1786.79
2026-06-04,Madhya Pradesh,Indore,Indore,Tomato,1937.27
2026-06-05,Madhya Pradesh,Indore,Indore,Tomato,1637.47
2026-06-06,Madhya Pradesh,Indore,Indore,Tomato,1871.53
2026-06-07,Madhya Pradesh,Indore,Indore,Tomato,1643.2
2026-06-08,Madhya Pradesh,Indore,Indore,Tomato,1739.07
2026-06-09,Madhya Pradesh,Indore,Indore,Tomato,1595.9
2026-06-10,Madhya Pradesh,Indore,Indore,Tomato,1529.9
2026-06-11,Madhya Pradesh,Indore,Indore,Tomato,1609.11
2026-06-12,Madhya Pradesh,Indore,Indore,Tomato,1835.38
2026-06-13,Madhya Pradesh,Indore,Indore,Tomato,1810.78
2026-06-14,Madhya Pradesh,Indore,Indore,Tomato,1591.87
2026-06-15,Madhya Pradesh,Indore,Indore,Tomato,1722.78
2026-06-16,Madhya Pradesh,Indore,Indore,Tomato,1469.01
2026-06-17,Madhya Pradesh,Indore,Indore,Tomato,1718.37
2026-06-18,Madhya Pradesh,Indore,Indore,Tomato,1638.32
2026-06-19,Madhya Pradesh,Indore,Indore,Tomato,1720.6
2026-06-20,Madhya Pradesh,Indore,Indore,Tomato,1758.41
2026-06-21,Madhya Pradesh,Indore,Indore,Tomato,1573.7
2026-06-22,Madhya Pradesh,Indore,Indore,Tomato,1580.98
2026-06-23,Madhya Pradesh,Indore,Indore,Tomato,1752.98
2026-06-24,Madhya Pradesh,Indore,Indore,Tomato,1631.83
2026-06-25,Madhya Pradesh,Indore,Indore,Tomato,1866.21
2026-06-26,Madhya Pradesh,Indore,Indore,Tomato,1635.1
2026-06-27,Madhya Pradesh,Indore,Indore,Tomato,1789.85
2026-06-28,Madhya Pradesh,Indore,Indore,Tomato,1815.23
2026-06-29,Madhya Pradesh,Indore,Indore,Tomato,1322.88
2026-06-30,Madhya Pradesh,Indore,Indore,Tomato,1522.29
2026-07-01,Madhya Pradesh,Indore,Indore,Tomato,1741.62
2026-07-02,Madhya Pradesh,Indore,Indore,Tomato,1710.81
2026-07-03,Madhya Pradesh,Indore,Indore,Tomato,1793.0
2026-07-04,Madhya Pradesh,Indore,Indore,Tomato,1626.8
2026-07-05,Madhya Pradesh,Indore,Indore,Tomato,1632.58
2026-07-06,Madhya Pradesh,Indore,Indore,Tomato,1557.08
2026-07-07,Madhya Pradesh,Indore,Indore,Tomato,1716.24
2026-07-08,Madhya Pradesh,Indore,Indore,Tomato,1676.61
2026-07-09,Madhya Pradesh,Indore,Indore,Tomato,1748.07
2026-07-10,Madhya Pradesh,Indore,Indore,Tomato,1670.01
2026-07-11,Madhya Pradesh,Indore,Indore,Tomato,1614.31
2026-07-12,Madhya Pradesh,Indore,Indore,Tomato,1548.32
2026-07-13,Madhya Pradesh,Indore,Indore,Tomato,1591.69
2026-07-14,Madhya Pradesh,Indore,Indore,Tomato,1515.02
2026-07-15,Madhya Pradesh,Indore,Indore,Tomato,1653.65
2026-07-16,Madhya Pradesh,Indore,Indore,Tomato,1924.34
2026-07-17,Madhya Pradesh,Indore,Indore,Tomato,1795.12
2026-07-18,Madhya Pradesh,Indore,Indore,Tomato,1606.98
2026-07-19,Madhya Pradesh,Indore,Indore,Tomato,1703.16
2026-07-20,Madhya Pradesh,Indore,Indore,Tomato,1480.58
2026-07-21,Madhya Pradesh,Indore,Indore,Tomato,1316.92
2026-07-22,Madhya Pradesh,Indore,Indore,Tomato,1482.38
2026-07-23,Madhya Pradesh,Indore,Indore,Tomato,1436.98
2026-07-24,Madhya Pradesh,Indore,Indore,Tomato,1624.15
2026-07-25,Madhya Pradesh,Indore,Indore,Tomato,1620.61
2026-07-26,Madhya Pradesh,Indore,Indore,Tomato,1727.79
2026-07-27,Madhya Pradesh,Indore,Indore,Tomato,1534.56
2026-07-28,Madhya Pradesh,Indore,Indore,Tomato,1488.91
2026-07-29,Madhya Pradesh,Indore,Indore,Tomato,1661.33
2026-07-30,Madhya Pradesh,Indore,Indore,Tomato,1376.01
2026-07-31,Madhya Pradesh,Indore,Indore,Tomato,1666.6
2026-08-01,Madhya Pradesh,Indore,Indore,Tomato,1679.84
2026-08-02,Madhya Pradesh,Indore,Indore,Tomato,1365.27
2026-08-03,Madhya Pradesh,Indore,Indore,Tomato,1595.96
2026-08-04,Madhya Pradesh,Indore,Indore,Tomato,1524.82
2026-08-05,Madhya Pradesh,Indore,Indore,Tomato,1501.94
2026-08-06,Madhya Pradesh,Indore,Indore,Tomato,1675.13
2026-08-07,Madhya Pradesh,Indore,Indore,Tomato,1872.5
2026-08-08,Madhya Pradesh,Indore,Indore,Tomato,1590.85
2026-08-09,Madhya Pradesh,Indore,Indore,Tomato,1527.24
2026-08-10,Madhya Pradesh,Indore,Indore,Tomato,1409.93
2026-08-11,Madhya Pradesh,Indore,Indore,Tomato,1381.34
2026-08-12,Madhya Pradesh,Indore,Indore,Tomato,1614.21
2026-08-13,Madhya Pradesh,Indore,Indore,Tomato,1487.37
2026-08-14,Madhya Pradesh,Indore,Indore,Tomato,1601.91
2026-08-15,Madhya Pradesh,Indore,Indore,Tomato,1498.14
2026-08-16,Madhya Pradesh,Indore,Indore,Tomato,1531.14
2026-08-17,Madhya Pradesh,Indore,Indore,Tomato,1471.54
2026-08-18,Madhya Pradesh,Indore,Indore,Tomato,1555.34
2026-08-19,Madhya Pradesh,Indore,Indore,Tomato,1452.66
2026-08-20,Madhya Pradesh,Indore,Indore,Tomato,1533.18
2026-08-21,Madhya Pradesh,Indore,Indore,Tomato,1466.75
2026-08-22,Madhya Pradesh,Indore,Indore,Tomato,1483.92
2026-08-23,Madhya Pradesh,Indore,Indore,Tomato,1502.87
2026-08-24,Madhya Pradesh,Indore,Indore,Tomato,1496.85
2026-08-25,Madhya Pradesh,Indore,Indore,Tomato,1341.24
2026-08-26,Madhya Pradesh,Indore,Indore,Tomato,1580.63
2026-08-27,Madhya Pradesh,Indore,Indore,Tomato,1692.67
2026-08-28,Madhya Pradesh,Indore,Indore,Tomato,1603.26
2026-08-29,Madhya Pradesh,Indore,Indore,Tomato,1715.08
2026-08-30,Madhya Pradesh,Indore,Indore,Tomato,1371.12
2026-08-31,Madhya Pradesh,Indore,Indore,Tomato,1285.11
2025-01-01,Madhya Pradesh,Indore,Indore,Onion,1575.88
2025-01-02,Madhya Pradesh,Indore,Indore,Onion,2072.3
2025-01-03,Madhya Pradesh,Indore,Indore,Onion,1985.8
2025-01-04,Madhya Pradesh,Indore,Indore,Onion,1848.02
2025-01-05,Madhya Pradesh,Indore,Indore,Onion,1816.53
2025-01-06,Madhya Pradesh,Indore,Indore,Onion,1600.49
2025-01-07,Madhya Pradesh,Indore,Indore,Onion,2061.4
2025-01-08,Madhya Pradesh,Indore,Indore,Onion,1853.56
2025-01-09,Madhya Pradesh,Indore,Indore,Onion,1928.88
2025-01-10,Madhya Pradesh,Indore,Indore,Onion,2035.96
2025-01-11,Madhya Pradesh,Indore,Indore,Onion,1956.64
2025-01-12,Madhya Pradesh,Indore,Indore,Onion,1846.13
2025-01-13,Madhya Pradesh,Indore,Indore,Onion,1674.28
2025-01-14,Madhya Pradesh,Indore,Indore,Onion,1854.59
2025-01-15,Madhya Pradesh,Indore,Indore,Onion,2120.41
2025-01-16,Madhya Pradesh,Indore,Indore,Onion,2136.06
2025-01-17,Madhya Pradesh,Indore,Indore,Onion,2196.1
2025-01-18,Madhya Pradesh,Indore,Indore,Onion,1860.98
2025-01-19,Madhya Pradesh,Indore,Indore,Onion,1724.73
2025-01-20,Madhya Pradesh,Indore,Indore,Onion,1790.8
2025-01-21,Madhya Pradesh,Indore,Indore,Onion,1837.06
2025-01-22,Madhya Pradesh,Indore,Indore,Onion,2055.67
2025-01-23,Madhya Pradesh,Indore,Indore,Onion,1753.62
2025-01-24,Madhya Pradesh,Indore,Indore,Onion,2228.56
2025-01-25,Madhya Pradesh,Indore,Indore,Onion,1944.43
2025-01-26,Madhya Pradesh,Indore,Indore,Onion,1831.12
2025-01-27,Madhya Pradesh,Indore,Indore,Onion,1709.64
2025-01-28,Madhya Pradesh,Indore,Indore,Onion,1647.52
2025-01-29,Madhya Pradesh,Indore,Indore,Onion,2056.04
2025-01-30,Madhya Pradesh,Indore,Indore,Onion,2035.42
2025-01-31,Madhya Pradesh,Indore,Indore,Onion,1863.85
2025-02-01,Madhya Pradesh,Indore,Indore,Onion,1819.46
2025-02-02,Madhya Pradesh,Indore,Indore,Onion,1875.34
2025-02-03,Madhya Pradesh,Indore,Indore,Onion,2090.5
2025-02-04,Madhya Pradesh,Indore,Indore,Onion,1860.81
2025-02-05,Madhya Pradesh,Indore,Indore,Onion,1768.92
2025-02-06,Madhya Pradesh,Indore,Indore,Onion,2023.51
2025-02-07,Madhya Pradesh,Indore,Indore,Onion,2043.01
2025-02-08,Madhya Pradesh,Indore,Indore,Onion,1649.69
2025-02-09,Madhya Pradesh,Indore,Indore,Onion,1944.12
2025-02-10,Madhya Pradesh,Indore,Indore,Onion,1870.97
2025-02-11,Madhya Pradesh,Indore,Indore,Onion,2018.98
2025-02-12,Madhya Pradesh,Indore,Indore,Onion,2267.58
2025-02-13,Madhya Pradesh,Indore,Indore,Onion,2255.44
2025-02-14,Madhya Pradesh,Indore,Indore,Onion,2074.56
2025-02-15,Madhya Pradesh,Indore,Indore,Onion,1904.13
2025-02-16,Madhya Pradesh,Indore,Indore,Onion,2337.03
2025-02-17,Madhya Pradesh,Indore,Indore,Onion,1937.34
2025-02-18,Madhya Pradesh,Indore,Indore,Onion,1954.6
2025-02-19,Madhya Pradesh,Indore,Indore,Onion,2032.57
2025-02-20,Madhya Pradesh,Indore,Indore,Onion,2148.96
2025-02-21,Madhya Pradesh,Indore,Indore,Onion,2121.54
2025-02-22,Madhya Pradesh,Indore,Indore,Onion,2007.69
2025-02-23,Madhya Pradesh,Indore,Indore,Onion,1929.61
2025-02-24,Madhya Pradesh,Indore,Indore,Onion,1949.85
2025-02-25,Madhya Pradesh,Indore,Indore,Onion,1902.31
2025-02-26,Madhya Pradesh,Indore,Indore,Onion,1958.56
2025-02-27,Madhya Pradesh,Indore,Indore,Onion,2161.5
2025-02-28,Madhya Pradesh,Indore,Indore,Onion,2130.22
2025-03-01,Madhya Pradesh,Indore,Indore,Onion,2339.1
2025-03-02,Madhya Pradesh,Indore,Indore,Onion,1652.91
2025-03-03,Madhya Pradesh,Indore,Indore,Onion,2127.37
2025-03-04,Madhya Pradesh,Indore,Indore,Onion,2173.74
2025-03-05,Madhya Pradesh,Indore,Indore,Onion,1781.24
2025-03-06,Madhya Pradesh,Indore,Indore,Onion,2116.11
2025-03-07,Madhya Pradesh,Indore,Indore,Onion,2134.25
2025-03-08,Madhya Pradesh,Indore,Indore,Onion,1926.92
2025-03-09,Madhya Pradesh,Indore,Indore,Onion,1937.78
2025-03-10,Madhya Pradesh,Indore,Indore,Onion,1840.07
2025-03-11,Madhya Pradesh,Indore,Indore,Onion,2265.37
2025-03-12,Madhya Pradesh,Indore,Indore,Onion,2240.12
2025-03-13,Madhya Pradesh,Indore,Indore,Onion,2381.75
2025-03-14,Madhya Pradesh,Indore,Indore,Onion,2321.45
2025-03-15,Madhya Pradesh,Indore,Indore,Onion,1984.77
2025-03-16,Madhya Pradesh,Indore,Indore,Onion,1989.84
2025-03-17,Madhya Pradesh,Indore,Indore,Onion,2079.41
2025-03-18,Madhya Pradesh,Indore,Indore,Onion,1858.96
2025-03-19,Madhya Pradesh,Indore,Indore,Onion,2223.17
2025-03-20,Madhya Pradesh,Indore,Indore,Onion,2165.13
2025-03-21,Madhya Pradesh,Indore,Indore,Onion,2166.12
2025-03-22,Madhya Pradesh,Indore,Indore,Onion,2276.76
2025-03-23,Madhya Pradesh,Indore,Indore,Onion,2142.92
2025-03-24,Madhya Pradesh,Indore,Indore,Onion,1971.17
2025-03-25,Madhya Pradesh,Indore,Indore,Onion,2210.07
2025-03-26,Madhya Pradesh,Indore,Indore,Onion,1967.61
2025-03-27,Madhya Pradesh,Indore,Indore,Onion,2308.66
2025-03-28,Madhya Pradesh,Indore,Indore,Onion,2327.85
2025-03-29,Madhya Pradesh,Indore,Indore,Onion,2131.34
2025-03-30,Madhya Pradesh,Indore,Indore,Onion,2134.69
2025-03-31,Madhya Pradesh,Indore,Indore,Onion,1852.43
2025-04-01,Madhya Pradesh,Indore,Indore,Onion,2184.38
2025-04-02,Madhya Pradesh,Indore,Indore,Onion,2108.28
2025-04-03,Madhya Pradesh,Indore,Indore,Onion,2138.92
2025-04-04,Madhya Pradesh,Indore,Indore,Onion,2406.03
2025-04-05,Madhya Pradesh,Indore,Indore,Onion,2076.48
2025-04-06,Madhya Pradesh,Indore,Indore,Onion,1885.62
2025-04-07,Madhya Pradesh,Indore,Indore,Onion,1812.7
2025-04-08,Madhya Pradesh,Indore,Indore,Onion,2142.48
2025-04-09,Madhya Pradesh,Indore,Indore,Onion,1947.39
2025-04-10,Madhya Pradesh,Indore,Indore,Onion,2495.92
2025-04-11,Madhya Pradesh,Indore,Indore,Onion,1916.6
2025-04-12,Madhya Pradesh,Indore,Indore,Onion,2445.21
2025-04-13,Madhya Pradesh,Indore,Indore,Onion,2123.63
2025-04-14,Madhya Pradesh,Indore,Indore,Onion,2020.88
2025-04-15,Madhya Pradesh,Indore,Indore,Onion,1976.64
2025-04-16,Madhya Pradesh,Indore,Indore,Onion,2198.01
2025-04-17,Madhya Pradesh,Indore,Indore,Onion,2215.54
2025-04-18,Madhya Pradesh,Indore,Indore,Onion,2414.59
2025-04-19,Madhya Pradesh,Indore,Indore,Onion,2200.49
2025-04-20,Madhya Pradesh,Indore,Indore,Onion,2111.63
2025-04-21,Madhya Pradesh,Indore,Indore,Onion,1979.43
2025-04-22,Madhya Pradesh,Indore,Indore,Onion,2042.75
2025-04-23,Madhya Pradesh,Indore,Indore,Onion,2179.4
2025-04-24,Madhya Pradesh,Indore,Indore,Onion,1950.53
2025-04-25,Madhya Pradesh,Indore,Indore,Onion,2024.29
2025-04-26,Madhya Pradesh,Indore,Indore,Onion,2289.62
2025-04-27,Madhya Pradesh,Indore,Indore,Onion,2107.65
2025-04-28,Madhya Pradesh,Indore,Indore,Onion,1997.83
2025-04-29,Madhya Pradesh,Indore,Indore,Onion,2045.73
2025-04-30,Madhya Pradesh,Indore,Indore,Onion,2176.43
2025-05-01,Madhya Pradesh,Indore,Indore,Onion,2122.82
2025-05-02,Madhya Pradesh,Indore,Indore,Onion,2103.76
2025-05-03,Madhya Pradesh,Indore,Indore,Onion,2195.54
2025-05-04,Madhya Pradesh,Indore,Indore,Onion,1930.22
2025-05-05,Madhya Pradesh,Indore,Indore,Onion,2070.61
2025-05-06,Madhya Pradesh,Indore,Indore,Onion,1789.54
2025-05-07,Madhya Pradesh,Indore,Indore,Onion,2264.51
2025-05-08,Madhya Pradesh,Indore,Indore,Onion,2265.31
2025-05-09,Madhya Pradesh,Indore,Indore,Onion,2250.53
2025-05-10,Madhya Pradesh,Indore,Indore,Onion,2299.64
2025-05-11,Madhya Pradesh,Indore,Indore,Onion,2297.97
2025-05-12,Madhya Pradesh,Indore,Indore,Onion,2140.84
2025-05-13,Madhya Pradesh,Indore,Indore,Onion,1756.99
2025-05-14,Madhya Pradesh,Indore,Indore,Onion,1908.69
2025-05-15,Madhya Pradesh,Indore,Indore,Onion,2080.63
2025-05-16,Madhya Pradesh,Indore,Indore,Onion,2197.29
2025-05-17,Madhya Pradesh,Indore,Indore,Onion,2211.32
2025-05-18,Madhya Pradesh,Indore,Indore,Onion,1937.03
2025-05-19,Madhya Pradesh,Indore,Indore,Onion,2007.53
2025-05-20,Madhya Pradesh,Indore,Indore,Onion,1893.3
2025-05-21,Madhya Pradesh,Indore,Indore,Onion,1988.49
2025-05-22,Madhya Pradesh,Indore,Indore,Onion,1943.3
2025-05-23,Madhya Pradesh,Indore,Indore,Onion,2032.01
2025-05-24,Madhya Pradesh,Indore,Indore,Onion,1913.28
2025-05-25,Madhya Pradesh,Indore,Indore,Onion,1882.4
2025-05-26,Madhya Pradesh,Indore,Indore,Onion,2106.19
2025-05-27,Madhya Pradesh,Indore,Indore,Onion,1846.84
2025-05-28,Madhya Pradesh,Indore,Indore,Onion,2434.26
2025-05-29,Madhya Pradesh,Indore,Indore,Onion,2206.01
2025-05-30,Madhya Pradesh,Indore,Indore,Onion,2176.43
2025-05-31,Madhya Pradesh,Indore,Indore,Onion,1964.13
2025-06-01,Madhya Pradesh,Indore,Indore,Onion,2095.46
2025-06-02,Madhya Pradesh,Indore,Indore,Onion,1860.81
2025-06-03,Madhya Pradesh,Indore,Indore,Onion,1971.87
2025-06-04,Madhya Pradesh,Indore,Indore,Onion,2395.07
2025-06-05,Madhya Pradesh,Indore,Indore,Onion,2092.51
2025-06-06,Madhya Pradesh,Indore,Indore,Onion,2293.11
2025-06-07,Madhya Pradesh,Indore,Indore,Onion,1962.2
2025-06-08,Madhya Pradesh,Indore,Indore,Onion,1967.61
2025-06-09,Madhya Pradesh,Indore,Indore,Onion,2151.54
2025-06-10,Madhya Pradesh,Indore,Indore,Onion,1845.27
2025-06-11,Madhya Pradesh,Indore,Indore,Onion,2258.92
2025-06-12,Madhya Pradesh,Indore,Indore,Onion,2181.87
2025-06-13,Madhya Pradesh,Indore,Indore,Onion,2011.59
2025-06-14,Madhya Pradesh,Indore,Indore,Onion,2126.07
2025-06-15,Madhya Pradesh,Indore,Indore,Onion,2078.0
2025-06-16,Madhya Pradesh,Indore,Indore,Onion,1970.07
2025-06-17,Madhya Pradesh,Indore,Indore,Onion,1693.95
2025-06-18,Madhya Pradesh,Indore,Indore,Onion,1875.86
2025-06-19,Madhya Pradesh,Indore,Indore,Onion,2013.92
2025-06-20,Madhya Pradesh,Indore,Indore,Onion,2053.37
2025-06-21,Madhya Pradesh,Indore,Indore,Onion,2093.8
2025-06-22,Madhya Pradesh,Indore,Indore,Onion,1941.15
2025-06-23,Madhya Pradesh,Indore,Indore,Onion,1686.39
2025-06-24,Madhya Pradesh,Indore,Indore,Onion,1925.0
2025-06-25,Madhya Pradesh,Indore,Indore,Onion,2030.36
2025-06-26,Madhya Pradesh,Indore,Indore,Onion,2097.94
2025-06-27,Madhya Pradesh,Indore,Indore,Onion,2186.93
2025-06-28,Madhya Pradesh,Indore,Indore,Onion,2091.67
2025-06-29,Madhya Pradesh,Indore,Indore,Onion,1948.87
2025-06-30,Madhya Pradesh,Indore,Indore,Onion,1822.88
2025-07-01,Madhya Pradesh,Indore,Indore,Onion,1631.66
2025-07-02,Madhya Pradesh,Indore,Indore,Onion,1974.79
2025-07-03,Madhya Pradesh,Indore,Indore,Onion,2016.49
2025-07-04,Madhya Pradesh,Indore,Indore,Onion,2039.58
2025-07-05,Madhya Pradesh,Indore,Indore,Onion,1771.62
2025-07-06,Madhya Pradesh,Indore,Indore,Onion,1718.0
2025-07-07,Madhya Pradesh,Indore,Indore,Onion,1936.08
2025-07-08,Madhya Pradesh,Indore,Indore,Onion,1812.27
2025-07-09,Madhya Pradesh,Indore,Indore,Onion,1976.94
2025-07-10,Madhya Pradesh,Indore,Indore,Onion,1960.1
2025-07-11,Madhya Pradesh,Indore,Indore,Onion,1974.0
2025-07-12,Madhya Pradesh,Indore,Indore,Onion,2040.46
2025-07-13,Madhya Pradesh,Indore,Indore,Onion,1763.13
2025-07-14,Madhya Pradesh,Indore,Indore,Onion,1786.52
2025-07-15,Madhya Pradesh,Indore,Indore,Onion,1730.63
2025-07-16,Madhya Pradesh,Indore,Indore,Onion,1800.55
2025-07-17,Madhya Pradesh,Indore,Indore,Onion,1883.58
2025-07-18,Madhya Pradesh,Indore,Indore,Onion,1968.88
2025-07-19,Madhya Pradesh,Indore,Indore,Onion,1821.3
2025-07-20,Madhya Pradesh,Indore,Indore,Onion,1958.61
2025-07-21,Madhya Pradesh,Indore,Indore,Onion,1637.26
2025-07-22,Madhya Pradesh,Indore,Indore,Onion,1737.39
2025-07-23,Madhya Pradesh,Indore,Indore,Onion,1771.68
2025-07-24,Madhya Pradesh,Indore,Indore,Onion,2087.14
2025-07-25,Madhya Pradesh,Indore,Indore,Onion,1934.82
2025-07-26,Madhya Pradesh,Indore,Indore,Onion,1989.24
2025-07-27,Madhya Pradesh,Indore,Indore,Onion,1588.24
2025-07-28,Madhya Pradesh,Indore,Indore,Onion,1751.95
2025-07-29,Madhya Pradesh,Indore,Indore,Onion,1841.46
2025-07-30,Madhya Pradesh,Indore,Indore,Onion,1810.53
2025-07-31,Madhya Pradesh,Indore,Indore,Onion,2005.76
2025-08-01,Madhya Pradesh,Indore,Indore,Onion,1811.83
2025-08-02,Madhya Pradesh,Indore,Indore,Onion,2007.87
2025-08-03,Madhya Pradesh,Indore,Indore,Onion,2027.34
2025-08-04,Madhya Pradesh,Indore,Indore,Onion,1651.5
2025-08-05,Madhya Pradesh,Indore,Indore,Onion,1654.97
2025-08-06,Madhya Pradesh,Indore,Indore,Onion,1954.64
2025-08-07,Madhya Pradesh,Indore,Indore,Onion,2043.25
2025-08-08,Madhya Pradesh,Indore,Indore,Onion,1785.41
2025-08-09,Madhya Pradesh,Indore,Indore,Onion,1748.91
2025-08-10,Madhya Pradesh,Indore,Indore,Onion,1688.1
2025-08-11,Madhya Pradesh,Indore,Indore,Onion,1513.98
2025-08-12,Madhya Pradesh,Indore,Indore,Onion,1576.7
2025-08-13,Madhya Pradesh,Indore,Indore,Onion,1627.33
2025-08-14,Madhya Pradesh,Indore,Indore,Onion,1717.89
2025-08-15,Madhya Pradesh,Indore,Indore,Onion,1824.61
2025-08-16,Madhya Pradesh,Indore,Indore,Onion,1807.88
2025-08-17,Madhya Pradesh,Indore,Indore,Onion,1884.76
2025-08-18,Madhya Pradesh,Indore,Indore,Onion,1535.06
2025-08-19,Madhya Pradesh,Indore,Indore,Onion,1779.03
2025-08-20,Madhya Pradesh,Indore,Indore,Onion,1703.32
2025-08-21,Madhya Pradesh,Indore,Indore,Onion,1787.72
2025-08-22,Madhya Pradesh,Indore,Indore,Onion,1893.14
2025-08-23,Madhya Pradesh,Indore,Indore,Onion,1620.21
2025-08-24,Madhya Pradesh,Indore,Indore,Onion,1726.2
2025-08-25,Madhya Pradesh,Indore,Indore,Onion,1651.33
2025-08-26,Madhya Pradesh,Indore,Indore,Onion,1703.27
2025-08-27,Madhya Pradesh,Indore,Indore,Onion,1745.75
2025-08-28,Madhya Pradesh,Indore,Indore,Onion,2080.76
2025-08-29,Madhya Pradesh,Indore,Indore,Onion,1709.83
2025-08-30,Madhya Pradesh,Indore,Indore,Onion,1676.61
2025-08-31,Madhya Pradesh,Indore,Indore,Onion,1592.69
2025-09-01,Madhya Pradesh,Indore,Indore,Onion,1554.45
2025-09-02,Madhya Pradesh,Indore,Indore,Onion,1559.06
2025-09-03,Madhya Pradesh,Indore,Indore,Onion,1837.56
2025-09-04,Madhya Pradesh,Indore,Indore,Onion,1935.89
2025-09-05,Madhya Pradesh,Indore,Indore,Onion,1704.41
2025-09-06,Madhya Pradesh,Indore,Indore,Onion,1627.18
2025-09-07,Madhya Pradesh,Indore,Indore,Onion,1707.47
2025-09-08,Madhya Pradesh,Indore,Indore,Onion,1543.71
2025-09-09,Madhya Pradesh,Indore,Indore,Onion,1692.52
2025-09-10,Madhya Pradesh,Indore,Indore,Onion,1709.24
2025-09-11,Madhya Pradesh,Indore,Indore,Onion,1564.2
2025-09-12,Madhya Pradesh,Indore,Indore,Onion,1956.06
2025-09-13,Madhya Pradesh,Indore,Indore,Onion,1934.22
2025-09-14,Madhya Pradesh,Indore,Indore,Onion,1573.72
2025-09-15,Madhya Pradesh,Indore,Indore,Onion,1554.52
2025-09-16,Madhya Pradesh,Indore,Indore,Onion,1645.56
2025-09-17,Madhya Pradesh,Indore,Indore,Onion,1717.42
2025-09-18,Madhya Pradesh,Indore,Indore,Onion,1823.37
2025-09-19,Madhya Pradesh,Indore,Indore,Onion,2006.03
2025-09-20,Madhya Pradesh,Indore,Indore,Onion,1691.46
2025-09-21,Madhya Pradesh,Indore,Indore,Onion,1547.9
2025-09-22,Madhya Pradesh,Indore,Indore,Onion,1439.95
2025-09-23,Madhya Pradesh,Indore,Indore,Onion,1527.4
2025-09-24,Madhya Pradesh,Indore,Indore,Onion,1671.18
2025-09-25,Madhya Pradesh,Indore,Indore,Onion,1959.08
2025-09-26,Madhya Pradesh,Indore,Indore,Onion,1692.96
2025-09-27,Madhya Pradesh,Indore,Indore,Onion,1738.18
2025-09-28,Madhya Pradesh,Indore,Indore,Onion,1636.97
2025-09-29,Madhya Pradesh,Indore,Indore,Onion,1726.36
2025-09-30,Madhya Pradesh,Indore,Indore,Onion,1895.12
2025-10-01,Madhya Pradesh,Indore,Indore,Onion,1613.93
2025-10-02,Madhya Pradesh,Indore,Indore,Onion,1682.58
2025-10-03,Madhya Pradesh,Indore,Indore,Onion,1887.67
2025-10-04,Madhya Pradesh,Indore,Indore,Onion,1796.26
2025-10-05,Madhya Pradesh,Indore,Indore,Onion,1854.69
2025-10-06,Madhya Pradesh,Indore,Indore,Onion,1663.09
2025-10-07,Madhya Pradesh,Indore,Indore,Onion,1574.3
2025-10-08,Madhya Pradesh,Indore,Indore,Onion,1751.18
2025-10-09,Madhya Pradesh,Indore,Indore,Onion,1884.27
2025-10-10,Madhya Pradesh,Indore,Indore,Onion,1867.52
2025-10-11,Madhya Pradesh,Indore,Indore,Onion,1783.0
2025-10-12,Madhya Pradesh,Indore,Indore,Onion,1773.31
2025-10-13,Madhya Pradesh,Indore,Indore,Onion,1737.32
2025-10-14,Madhya Pradesh,Indore,Indore,Onion,1780.77
2025-10-15,Madhya Pradesh,Indore,Indore,Onion,1768.19
2025-10-16,Madhya Pradesh,Indore,Indore,Onion,1738.73
2025-10-17,Madhya Pradesh,Indore,Indore,Onion,1795.82
2025-10-18,Madhya Pradesh,Indore,Indore,Onion,1880.09
2025-10-19,Madhya Pradesh,Indore,Indore,Onion,1566.95
2025-10-20,Madhya Pradesh,Indore,Indore,Onion,1659.77
2025-10-21,Madhya Pradesh,Indore,Indore,Onion,1591.46
2025-10-22,Madhya Pradesh,Indore,Indore,Onion,1708.78
2025-10-23,Madhya Pradesh,Indore,Indore,Onion,1933.23
2025-10-24,Madhya Pradesh,Indore,Indore,Onion,1817.45
2025-10-25,Madhya Pradesh,Indore,Indore,Onion,1755.44
2025-10-26,Madhya Pradesh,Indore,Indore,Onion,1518.25
2025-10-27,Madhya Pradesh,Indore,Indore,Onion,1719.47
2025-10-28,Madhya Pradesh,Indore,Indore,Onion,1728.04
2025-10-29,Madhya Pradesh,Indore,Indore,Onion,1984.4
2025-10-30,Madhya Pradesh,Indore,Indore,Onion,1755.17
2025-10-31,Madhya Pradesh,Indore,Indore,Onion,1841.44
2025-11-01,Madhya Pradesh,Indore,Indore,Onion,1800.87
2025-11-02,Madhya Pradesh,Indore,Indore,Onion,1885.36
2025-11-03,Madhya Pradesh,Indore,Indore,Onion,1642.96
2025-11-04,Madhya Pradesh,Indore,Indore,Onion,1706.65
2025-11-05,Madhya Pradesh,Indore,Indore,Onion,1819.7
2025-11-06,Madhya Pradesh,Indore,Indore,Onion,1840.99
2025-11-07,Madhya Pradesh,Indore,Indore,Onion,1780.4
2025-11-08,Madhya Pradesh,Indore,Indore,Onion,1818.48
2025-11-09,Madhya Pradesh,Indore,Indore,Onion,1850.89
2025-11-10,Madhya Pradesh,Indore,Indore,Onion,1556.93
2025-11-11,Madhya Pradesh,Indore,Indore,Onion,1713.97
2025-11-12,Madhya Pradesh,Indore,Indore,Onion,1684.33
2025-11-13,Madhya Pradesh,Indore,Indore,Onion,1998.78
2025-11-14,Madhya Pradesh,Indore,Indore,Onion,1666.9
2025-11-15,Madhya Pradesh,Indore,Indore,Onion,1750.61
2025-11-16,Madhya Pradesh,Indore,Indore,Onion,1794.77
2025-11-17,Madhya Pradesh,Indore,Indore,Onion,1891.03
2025-11-18,Madhya Pradesh,Indore,Indore,Onion,1717.74
2025-11-19,Madhya Pradesh,Indore,Indore,Onion,1730.27
2025-11-20,Madhya Pradesh,Indore,Indore,Onion,2122.13
2025-11-21,Madhya Pradesh,Indore,Indore,Onion,1705.0
2025-11-22,Madhya Pradesh,Indore,Indore,Onion,1567.8
2025-11-23,Madhya Pradesh,Indore,Indore,Onion,1833.61
2025-11-24,Madhya Pradesh,Indore,Indore,Onion,1673.12
2025-11-25,Madhya Pradesh,Indore,Indore,Onion,1630.64
2025-11-26,Madhya Pradesh,Indore,Indore,Onion,1923.26
2025-11-27,Madhya Pradesh,Indore,Indore,Onion,1941.62
2025-11-28,Madhya Pradesh,Indore,Indore,Onion,1855.61
2025-11-29,Madhya Pradesh,Indore,Indore,Onion,1717.97
2025-11-30,Madhya Pradesh,Indore,Indore,Onion,1922.47
2025-12-01,Madhya Pradesh,Indore,Indore,Onion,1846.9
2025-12-02,Madhya Pradesh,Indore,Indore,Onion,1776.88
2025-12-03,Madhya Pradesh,Indore,Indore,Onion,2108.59
2025-12-04,Madhya Pradesh,Indore,Indore,Onion,1799.85
2025-12-05,Madhya Pradesh,Indore,Indore,Onion,1758.85
2025-12-06,Madhya Pradesh,Indore,Indore,Onion,1830.53
2025-12-07,Madhya Pradesh,Indore,Indore,Onion,1841.3
2025-12-08,Madhya Pradesh,Indore,Indore,Onion,1831.87
2025-12-09,Madhya Pradesh,Indore,Indore,Onion,1793.83
2025-12-10,Madhya Pradesh,Indore,Indore,Onion,1951.21
2025-12-11,Madhya Pradesh,Indore,Indore,Onion,1810.54
2025-12-12,Madhya Pradesh,Indore,Indore,Onion,2211.57
2025-12-13,Madhya Pradesh,Indore,Indore,Onion,1951.12
2025-12-14,Madhya Pradesh,Indore,Indore,Onion,2031.88
2025-12-15,Madhya Pradesh,Indore,Indore,Onion,1881.78
2025-12-16,Madhya Pradesh,Indore,Indore,Onion,1921.26
2025-12-17,Madhya Pradesh,Indore,Indore,Onion,2020.61
2025-12-18,Madhya Pradesh,Indore,Indore,Onion,2088.41
2025-12-19,Madhya Pradesh,Indore,Indore,Onion,2141.95
2025-12-20,Madhya Pradesh,Indore,Indore,Onion,2189.03
2025-12-21,Madhya Pradesh,Indore,Indore,Onion,1949.71
2025-12-22,Madhya Pradesh,Indore,Indore,Onion,1968.63
2025-12-23,Madhya Pradesh,Indore,Indore,Onion,1888.19
2025-12-24,Madhya Pradesh,Indore,Indore,Onion,2183.14
2025-12-25,Madhya Pradesh,Indore,Indore,Onion,1968.91
2025-12-26,Madhya Pradesh,Indore,Indore,Onion,2355.82
2025-12-27,Madhya Pradesh,Indore,Indore,Onion,2038.32
2025-12-28,Madhya Pradesh,Indore,Indore,Onion,1766.38
2025-12-29,Madhya Pradesh,Indore,Indore,Onion,1931.43
2025-12-30,Madhya Pradesh,Indore,Indore,Onion,1846.87
2025-12-31,Madhya Pradesh,Indore,Indore,Onion,2143.19
2026-01-01,Madhya Pradesh,Indore,Indore,Onion,2012.94
2026-01-02,Madhya Pradesh,Indore,Indore,Onion,2068.38
2026-01-03,Madhya Pradesh,Indore,Indore,Onion,1810.08
2026-01-04,Madhya Pradesh,Indore,Indore,Onion,1939.73
2026-01-05,Madhya Pradesh,Indore,Indore,Onion,1621.92
2026-01-06,Madhya Pradesh,Indore,Indore,Onion,1759.42
2026-01-07,Madhya Pradesh,Indore,Indore,Onion,2175.11
2026-01-08,Madhya Pradesh,Indore,Indore,Onion,2270.38
2026-01-09,Madhya Pradesh,Indore,Indore,Onion,2243.0
2026-01-10,Madhya Pradesh,Indore,Indore,Onion,1983.89
2026-01-11,Madhya Pradesh,Indore,Indore,Onion,2036.44
2026-01-12,Madhya Pradesh,Indore,Indore,Onion,1991.79
2026-01-13,Madhya Pradesh,Indore,Indore,Onion,1854.46
2026-01-14,Madhya Pradesh,Indore,Indore,Onion,2327.62
2026-01-15,Madhya Pradesh,Indore,Indore,Onion,2329.08
2026-01-16,Madhya Pradesh,Indore,Indore,Onion,2186.39
2026-01-17,Madhya Pradesh,Indore,Indore,Onion,2173.4
2026-01-18,Madhya Pradesh,Indore,Indore,Onion,2113.16
2026-01-19,Madhya Pradesh,Indore,Indore,Onion,1740.38
2026-01-20,Madhya Pradesh,Indore,Indore,Onion,2021.07
2026-01-21,Madhya Pradesh,Indore,Indore,Onion,2043.52
2026-01-22,Madhya Pradesh,Indore,Indore,Onion,2078.93
2026-01-23,Madhya Pradesh,Indore,Indore,Onion,2217.8
2026-01-24,Madhya Pradesh,Indore,Indore,Onion,2487.68
2026-01-25,Madhya Pradesh,Indore,Indore,Onion,2216.35
2026-01-26,Madhya Pradesh,Indore,Indore,Onion,1985.08
2026-01-27,Madhya Pradesh,Indore,Indore,Onion,2177.91
2026-01-28,Madhya Pradesh,Indore,Indore,Onion,2398.58
2026-01-29,Madhya Pradesh,Indore,Indore,Onion,2422.86
2026-01-30,Madhya Pradesh,Indore,Indore,Onion,2311.93
2026-01-31,Madhya Pradesh,Indore,Indore,Onion,2146.52
2026-02-01,Madhya Pradesh,Indore,Indore,Onion,2263.48
2026-02-02,Madhya Pradesh,Indore,Indore,Onion,2161.22
2026-02-03,Madhya Pradesh,Indore,Indore,Onion,2263.05
2026-02-04,Madhya Pradesh,Indore,Indore,Onion,2320.12
2026-02-05,Madhya Pradesh,Indore,Indore,Onion,2483.43
2026-02-06,Madhya Pradesh,Indore,Indore,Onion,2252.55
2026-02-07,Madhya Pradesh,Indore,Indore,Onion,2495.66
2026-02-08,Madhya Pradesh,Indore,Indore,Onion,2223.06
2026-02-09,Madhya Pradesh,Indore,Indore,Onion,2447.12
2026-02-10,Madhya Pradesh,Indore,Indore,Onion,2058.69
2026-02-11,Madhya Pradesh,Indore,Indore,Onion,2529.91
2026-02-12,Madhya Pradesh,Indore,Indore,Onion,2381.41
2026-02-13,Madhya Pradesh,Indore,Indore,Onion,2267.24
2026-02-14,Madhya Pradesh,Indore,Indore,Onion,2240.42
2026-02-15,Madhya Pradesh,Indore,Indore,Onion,2175.02
2026-02-16,Madhya Pradesh,Indore,Indore,Onion,2232.0
2026-02-17,Madhya Pradesh,Indore,Indore,Onion,2274.16
2026-02-18,Madhya Pradesh,Indore,Indore,Onion,2195.59
2026-02-19,Madhya Pradesh,Indore,Indore,Onion,2377.25
2026-02-20,Madhya Pradesh,Indore,Indore,Onion,2768.93
2026-02-21,Madhya Pradesh,Indore,Indore,Onion,2634.14
2026-02-22,Madhya Pradesh,Indore,Indore,Onion,2323.0
2026-02-23,Madhya Pradesh,Indore,Indore,Onion,2201.47
2026-02-24,Madhya Pradesh,Indore,Indore,Onion,2240.35
2026-02-25,Madhya Pradesh,Indore,Indore,Onion,2415.39
2026-02-26,Madhya Pradesh,Indore,Indore,Onion,2237.82
2026-02-27,Madhya Pradesh,Indore,Indore,Onion,2392.78
2026-02-28,Madhya Pradesh,Indore,Indore,Onion,2099.84
2026-03-01,Madhya Pradesh,Indore,Indore,Onion,2343.78
2026-03-02,Madhya Pradesh,Indore,Indore,Onion,2320.92
2026-03-03,Madhya Pradesh,Indore,Indore,Onion,2170.17
2026-03-04,Madhya Pradesh,Indore,Indore,Onion,2598.76
2026-03-05,Madhya Pradesh,Indore,Indore,Onion,2226.74
2026-03-06,Madhya Pradesh,Indore,Indore,Onion,2209.35
2026-03-07,Madhya Pradesh,Indore,Indore,Onion,2439.07
2026-03-08,Madhya Pradesh,Indore,Indore,Onion,2471.06
2026-03-09,Madhya Pradesh,Indore,Indore,Onion,2505.64
2026-03-10,Madhya Pradesh,Indore,Indore,Onion,2194.1
2026-03-11,Madhya Pradesh,Indore,Indore,Onion,2540.24
2026-03-12,Madhya Pradesh,Indore,Indore,Onion,2450.39
2026-03-13,Madhya Pradesh,Indore,Indore,Onion,2452.56
2026-03-14,Madhya Pradesh,Indore,Indore,Onion,2570.84
2026-03-15,Madhya Pradesh,Indore,Indore,Onion,2426.6
2026-03-16,Madhya Pradesh,Indore,Indore,Onion,2009.44
2026-03-17,Madhya Pradesh,Indore,Indore,Onion,2519.81
2026-03-18,Madhya Pradesh,Indore,Indore,Onion,2608.64
2026-03-19,Madhya Pradesh,Indore,Indore,Onion,2365.64
2026-03-20,Madhya Pradesh,Indore,Indore,Onion,2568.27
2026-03-21,Madhya Pradesh,Indore,Indore,Onion,2520.76
2026-03-22,Madhya Pradesh,Indore,Indore,Onion,2377.4
2026-03-23,Madhya Pradesh,Indore,Indore,Onion,2184.35
2026-03-24,Madhya Pradesh,Indore,Indore,Onion,2188.51
2026-03-25,Madhya Pradesh,Indore,Indore,Onion,2387.15
2026-03-26,Madhya Pradesh,Indore,Indore,Onion,2690.52
2026-03-27,Madhya Pradesh,Indore,Indore,Onion,2606.47
2026-03-28,Madhya Pradesh,Indore,Indore,Onion,2383.95
2026-03-29,Madhya Pradesh,Indore,Indore,Onion,2471.3
2026-03-30,Madhya Pradesh,Indore,Indore,Onion,1826.04
2026-03-31,Madhya Pradesh,Indore,Indore,Onion,2490.27
2026-04-01,Madhya Pradesh,Indore,Indore,Onion,2107.35
2026-04-02,Madhya Pradesh,Indore,Indore,Onion,2430.92
2026-04-03,Madhya Pradesh,Indore,Indore,Onion,2320.75
2026-04-04,Madhya Pradesh,Indore,Indore,Onion,2231.4
2026-04-05,Madhya Pradesh,Indore,Indore,Onion,2541.04
2026-04-06,Madhya Pradesh,Indore,Indore,Onion,2210.67
2026-04-07,Madhya Pradesh,Indore,Indore,Onion,2365.02
2026-04-08,Madhya Pradesh,Indore,Indore,Onion,2395.29
2026-04-09,Madhya Pradesh,Indore,Indore,Onion,2580.67
2026-04-10,Madhya Pradesh,Indore,Indore,Onion,2534.09
2026-04-11,Madhya Pradesh,Indore,Indore,Onion,2234.95
2026-04-12,Madhya Pradesh,Indore,Indore,Onion,2515.03
2026-04-13,Madhya Pradesh,Indore,Indore,Onion,2206.84
2026-04-14,Madhya Pradesh,Indore,Indore,Onion,2057.17
2026-04-15,Madhya Pradesh,Indore,Indore,Onion,2330.26
2026-04-16,Madhya Pradesh,Indore,Indore,Onion,2757.81
2026-04-17,Madhya Pradesh,Indore,Indore,Onion,2668.08
2026-04-18,Madhya Pradesh,Indore,Indore,Onion,2392.69
2026-04-19,Madhya Pradesh,Indore,Indore,Onion,2290.24
2026-04-20,Madhya Pradesh,Indore,Indore,Onion,2230.52
2026-04-21,Madhya Pradesh,Indore,Indore,Onion,2639.1
2026-04-22,Madhya Pradesh,Indore,Indore,Onion,2460.91
2026-04-23,Madhya Pradesh,Indore,Indore,Onion,2564.29
2026-04-24,Madhya Pradesh,Indore,Indore,Onion,2692.31
2026-04-25,Madhya Pradesh,Indore,Indore,Onion,2485.95
2026-04-26,Madhya Pradesh,Indore,Indore,Onion,2297.45
2026-04-27,Madhya Pradesh,Indore,Indore,Onion,2242.51
2026-04-28,Madhya Pradesh,Indore,Indore,Onion,2283.83
2026-04-29,Madhya Pradesh,Indore,Indore,Onion,2380.84
2026-04-30,Madhya Pradesh,Indore,Indore,Onion,2604.8
2026-05-01,Madhya Pradesh,Indore,Indore,Onion,2508.76
2026-05-02,Madhya Pradesh,Indore,Indore,Onion,2558.03
2026-05-03,Madhya Pradesh,Indore,Indore,Onion,2314.81
2026-05-04,Madhya Pradesh,Indore,Indore,Onion,2274.06
2026-05-05,Madhya Pradesh,Indore,Indore,Onion,1963.23
2026-05-06,Madhya Pradesh,Indore,Indore,Onion,2525.33
2026-05-07,Madhya Pradesh,Indore,Indore,Onion,2523.22
2026-05-08,Madhya Pradesh,Indore,Indore,Onion,2657.36
2026-05-09,Madhya Pradesh,Indore,Indore,Onion,1927.17
2026-05-10,Madhya Pradesh,Indore,Indore,Onion,2650.08
2026-05-11,Madhya Pradesh,Indore,Indore,Onion,2223.71
2026-05-12,Madhya Pradesh,Indore,Indore,Onion,2441.61
2026-05-13,Madhya Pradesh,Indore,Indore,Onion,2183.79
2026-05-14,Madhya Pradesh,Indore,Indore,Onion,2549.19
2026-05-15,Madhya Pradesh,Indore,Indore,Onion,2282.29
2026-05-16,Madhya Pradesh,Indore,Indore,Onion,2292.68
2026-05-17,Madhya Pradesh,Indore,Indore,Onion,2599.7
2026-05-18,Madhya Pradesh,Indore,Indore,Onion,2196.45
2026-05-19,Madhya Pradesh,Indore,Indore,Onion,2279.85
2026-05-20,Madhya Pradesh,Indore,Indore,Onion,2475.89
2026-05-21,Madhya Pradesh,Indore,Indore,Onion,2505.53
2026-05-22,Madhya Pradesh,Indore,Indore,Onion,2466.13
2026-05-23,Madhya Pradesh,Indore,Indore,Onion,2434.58
2026-05-24,Madhya Pradesh,Indore,Indore,Onion,2651.51
2026-05-25,Madhya Pradesh,Indore,Indore,Onion,2194.59
2026-05-26,Madhya Pradesh,Indore,Indore,Onion,2253.61
2026-05-27,Madhya Pradesh,Indore,Indore,Onion,2478.83
2026-05-28,Madhya Pradesh,Indore,Indore,Onion,2580.72
2026-05-29,Madhya Pradesh,Indore,Indore,Onion,2614.14
2026-05-30,Madhya Pradesh,Indore,Indore,Onion,2452.31
2026-05-31,Madhya Pradesh,Indore,Indore,Onion,2064.29
2026-06-01,Madhya Pradesh,Indore,Indore,Onion,2427.0
2026-06-02,Madhya Pradesh,Indore,Indore,Onion,2019.96
2026-06-03,Madhya Pradesh,Indore,Indore,Onion,2329.77
2026-06-04,Madhya Pradesh,Indore,Indore,Onion,2241.37
2026-06-05,Madhya Pradesh,Indore,Indore,Onion,2373.2
2026-06-06,Madhya Pradesh,Indore,Indore,Onion,2371.43
2026-06-07,Madhya Pradesh,Indore,Indore,Onion,2265.28
2026-06-08,Madhya Pradesh,Indore,Indore,Onion,2213.57
2026-06-09,Madhya Pradesh,Indore,Indore,Onion,2412.56
2026-06-10,Madhya Pradesh,Indore,Indore,Onion,2322.95
2026-06-11,Madhya Pradesh,Indore,Indore,Onion,2294.96
2026-06-12,Madhya Pradesh,Indore,Indore,Onion,2510.57
2026-06-13,Madhya Pradesh,Indore,Indore,Onion,2476.95
2026-06-14,Madhya Pradesh,Indore,Indore,Onion,1997.24
2026-06-15,Madhya Pradesh,Indore,Indore,Onion,2208.89
2026-06-16,Madhya Pradesh,Indore,Indore,Onion,2242.21
2026-06-17,Madhya Pradesh,Indore,Indore,Onion,2173.37
2026-06-18,Madhya Pradesh,Indore,Indore,Onion,2523.15
2026-06-19,Madhya Pradesh,Indore,Indore,Onion,2293.62
2026-06-20,Madhya Pradesh,Indore,Indore,Onion,2273.15
2026-06-21,Madhya Pradesh,Indore,Indore,Onion,2126.92
2026-06-22,Madhya Pradesh,Indore,Indore,Onion,2091.2
2026-06-23,Madhya Pradesh,Indore,Indore,Onion,1943.94
2026-06-24,Madhya Pradesh,Indore,Indore,Onion,1965.97
2026-06-25,Madhya Pradesh,Indore,Indore,Onion,2519.82
2026-06-26,Madhya Pradesh,Indore,Indore,Onion,2147.45
2026-06-27,Madhya Pradesh,Indore,Indore,Onion,2064.95
2026-06-28,Madhya Pradesh,Indore,Indore,Onion,1800.39
2026-06-29,Madhya Pradesh,Indore,Indore,Onion,1964.69
2026-06-30,Madhya Pradesh,Indore,Indore,Onion,1880.87
2026-07-01,Madhya Pradesh,Indore,Indore,Onion,2399.67
2026-07-02,Madhya Pradesh,Indore,Indore,Onion,2389.05
2026-07-03,Madhya Pradesh,Indore,Indore,Onion,2138.67
2026-07-04,Madhya Pradesh,Indore,Indore,Onion,2528.27
2026-07-05,Madhya Pradesh,Indore,Indore,Onion,2229.77
2026-07-06,Madhya Pradesh,Indore,Indore,Onion,1978.0
2026-07-07,Madhya Pradesh,Indore,Indore,Onion,1682.96
2026-07-08,Madhya Pradesh,Indore,Indore,Onion,2457.57
2026-07-09,Madhya Pradesh,Indore,Indore,Onion,1982.06
2026-07-10,Madhya Pradesh,Indore,Indore,Onion,1956.25
2026-07-11,Madhya Pradesh,Indore,Indore,Onion,2302.7
2026-07-12,Madhya Pradesh,Indore,Indore,Onion,2403.45
2026-07-13,Madhya Pradesh,Indore,Indore,Onion,2184.44
2026-07-14,Madhya Pradesh,Indore,Indore,Onion,2086.25
2026-07-15,Madhya Pradesh,Indore,Indore,Onion,2170.61
2026-07-16,Madhya Pradesh,Indore,Indore,Onion,2289.37
2026-07-17,Madhya Pradesh,Indore,Indore,Onion,2290.92
2026-07-18,Madhya Pradesh,Indore,Indore,Onion,2155.99
2026-07-19,Madhya Pradesh,Indore,Indore,Onion,2034.66
2026-07-20,Madhya Pradesh,Indore,Indore,Onion,1950.99
2026-07-21,Madhya Pradesh,Indore,Indore,Onion,1870.72
2026-07-22,Madhya Pradesh,Indore,Indore,Onion,2010.33
2026-07-23,Madhya Pradesh,Indore,Indore,Onion,1874.01
2026-07-24,Madhya Pradesh,Indore,Indore,Onion,2126.13
2026-07-25,Madhya Pradesh,Indore,Indore,Onion,1936.95
2026-07-26,Madhya Pradesh,Indore,Indore,Onion,1834.55
2026-07-27,Madhya Pradesh,Indore,Indore,Onion,1953.15
2026-07-28,Madhya Pradesh,Indore,Indore,Onion,2133.57
2026-07-29,Madhya Pradesh,Indore,Indore,Onion,2148.56
2026-07-30,Madhya Pradesh,Indore,Indore,Onion,1863.02
2026-07-31,Madhya Pradesh,Indore,Indore,Onion,1961.97
2026-08-01,Madhya Pradesh,Indore,Indore,Onion,2184.16
2026-08-02,Madhya Pradesh,Indore,Indore,Onion,1823.35
2026-08-03,Madhya Pradesh,Indore,Indore,Onion,1869.97
2026-08-04,Madhya Pradesh,Indore,Indore,Onion,1988.84
2026-08-05,Madhya Pradesh,Indore,Indore,Onion,1854.06
2026-08-06,Madhya Pradesh,Indore,Indore,Onion,2077.6
2026-08-07,Madhya Pradesh,Indore,Indore,Onion,1883.33
2026-08-08,Madhya Pradesh,Indore,Indore,Onion,1934.64
2026-08-09,Madhya Pradesh,Indore,Indore,Onion,1973.26
2026-08-10,Madhya Pradesh,Indore,Indore,Onion,1664.14
2026-08-11,Madhya Pradesh,Indore,Indore,Onion,1946.57
2026-08-12,Madhya Pradesh,Indore,Indore,Onion,1958.71
2026-08-13,Madhya Pradesh,Indore,Indore,Onion,2112.91
2026-08-14,Madhya Pradesh,Indore,Indore,Onion,2081.45
2026-08-15,Madhya Pradesh,Indore,Indore,Onion,2183.11
2026-08-16,Madhya Pradesh,Indore,Indore,Onion,1921.45
2026-08-17,Madhya Pradesh,Indore,Indore,Onion,1793.23
2026-08-18,Madhya Pradesh,Indore,Indore,Onion,1880.28
2026-08-19,Madhya Pradesh,Indore,Indore,Onion,2010.51
2026-08-20,Madhya Pradesh,Indore,Indore,Onion,2016.06
2026-08-21,Madhya Pradesh,Indore,Indore,Onion,2030.28
2026-08-22,Madhya Pradesh,Indore,Indore,Onion,1872.37
2026-08-23,Madhya Pradesh,Indore,Indore,Onion,1795.19
2026-08-24,Madhya Pradesh,Indore,Indore,Onion,1648.23
2026-08-25,Madhya Pradesh,Indore,Indore,Onion,2069.21
2026-08-26,Madhya Pradesh,Indore,Indore,Onion,1748.84
2026-08-27,Madhya Pradesh,Indore,Indore,Onion,1891.26
2026-08-28,Madhya Pradesh,Indore,Indore,Onion,1902.61
2026-08-29,Madhya Pradesh,Indore,Indore,Onion,2071.14
2026-08-30,Madhya Pradesh,Indore,Indore,Onion,1825.35
2026-08-31,Madhya Pradesh,Indore,Indore,Onion,1968.07
2025-01-01,Madhya Pradesh,Indore,Indore,Potato,1524.57
2025-01-02,Madhya Pradesh,Indore,Indore,Potato,1699.99
2025-01-03,Madhya Pradesh,Indore,Indore,Potato,1589.14
2025-01-04,Madhya Pradesh,Indore,Indore,Potato,1896.73
2025-01-05,Madhya Pradesh,Indore,Indore,Potato,1452.01
2025-01-06,Madhya Pradesh,Indore,Indore,Potato,1577.82
2025-01-07,Madhya Pradesh,Indore,Indore,Potato,1633.92
2025-01-08,Madhya Pradesh,Indore,Indore,Potato,1680.14
2025-01-09,Madhya Pradesh,Indore,Indore,Potato,1679.46
2025-01-10,Madhya Pradesh,Indore,Indore,Potato,1706.59
2025-01-11,Madhya Pradesh,Indore,Indore,Potato,1687.74
2025-01-12,Madhya Pradesh,Indore,Indore,Potato,1599.05
2025-01-13,Madhya Pradesh,Indore,Indore,Potato,1681.72
2025-01-14,Madhya Pradesh,Indore,Indore,Potato,1842.8
2025-01-15,Madhya Pradesh,Indore,Indore,Potato,1600.41
2025-01-16,Madhya Pradesh,Indore,Indore,Potato,1568.9
2025-01-17,Madhya Pradesh,Indore,Indore,Potato,1745.37
2025-01-18,Madhya Pradesh,Indore,Indore,Potato,2025.4
2025-01-19,Madhya Pradesh,Indore,Indore,Potato,1554.53
2025-01-20,Madhya Pradesh,Indore,Indore,Potato,1790.23
2025-01-21,Madhya Pradesh,Indore,Indore,Potato,1817.63
2025-01-22,Madhya Pradesh,Indore,Indore,Potato,1631.5
2025-01-23,Madhya Pradesh,Indore,Indore,Potato,1838.69
2025-01-24,Madhya Pradesh,Indore,Indore,Potato,1993.32
2025-01-25,Madhya Pradesh,Indore,Indore,Potato,1701.33
2025-01-26,Madhya Pradesh,Indore,Indore,Potato,1653.89
2025-01-27,Madhya Pradesh,Indore,Indore,Potato,1568.96
2025-01-28,Madhya Pradesh,Indore,Indore,Potato,1538.68
2025-01-29,Madhya Pradesh,Indore,Indore,Potato,1649.48
2025-01-30,Madhya Pradesh,Indore,Indore,Potato,1645.8
2025-01-31,Madhya Pradesh,Indore,Indore,Potato,1825.55
2025-02-01,Madhya Pradesh,Indore,Indore,Potato,1682.67
2025-02-02,Madhya Pradesh,Indore,Indore,Potato,1735.03
2025-02-03,Madhya Pradesh,Indore,Indore,Potato,1482.62
2025-02-04,Madhya Pradesh,Indore,Indore,Potato,1723.69
2025-02-05,Madhya Pradesh,Indore,Indore,Potato,1859.81
2025-02-06,Madhya Pradesh,Indore,Indore,Potato,1574.74
2025-02-07,Madhya Pradesh,Indore,Indore,Potato,1899.83
2025-02-08,Madhya Pradesh,Indore,Indore,Potato,1962.98
2025-02-09,Madhya Pradesh,Indore,Indore,Potato,1587.82
2025-02-10,Madhya Pradesh,Indore,Indore,Potato,1888.33
2025-02-11,Madhya Pradesh,Indore,Indore,Potato,1761.44
2025-02-12,Madhya Pradesh,Indore,Indore,Potato,1696.57
2025-02-13,Madhya Pradesh,Indore,Indore,Potato,1851.04
2025-02-14,Madhya Pradesh,Indore,Indore,Potato,1952.88
2025-02-15,Madhya Pradesh,Indore,Indore,Potato,1844.43
2025-02-16,Madhya Pradesh,Indore,Indore,Potato,1826.66
2025-02-17,Madhya Pradesh,Indore,Indore,Potato,1604.44
2025-02-18,Madhya Pradesh,Indore,Indore,Potato,1756.31
2025-02-19,Madhya Pradesh,Indore,Indore,Potato,1630.69
2025-02-20,Madhya Pradesh,Indore,Indore,Potato,1869.39
2025-02-21,Madhya Pradesh,Indore,Indore,Potato,1784.52
2025-02-22,Madhya Pradesh,Indore,Indore,Potato,1763.55
2025-02-23,Madhya Pradesh,Indore,Indore,Potato,1937.8
2025-02-24,Madhya Pradesh,Indore,Indore,Potato,1869.89
2025-02-25,Madhya Pradesh,Indore,Indore,Potato,1832.76
2025-02-26,Madhya Pradesh,Indore,Indore,Potato,1692.27
2025-02-27,Madhya Pradesh,Indore,Indore,Potato,1864.89
2025-02-28,Madhya Pradesh,Indore,Indore,Potato,2091.65
2025-03-01,Madhya Pradesh,Indore,Indore,Potato,1899.81
2025-03-02,Madhya Pradesh,Indore,Indore,Potato,2096.92
2025-03-03,Madhya Pradesh,Indore,Indore,Potato,1805.14
2025-03-04,Madhya Pradesh,Indore,Indore,Potato,1801.09
2025-03-05,Madhya Pradesh,Indore,Indore,Potato,1812.06
2025-03-06,Madhya Pradesh,Indore,Indore,Potato,1945.23
2025-03-07,Madhya Pradesh,Indore,Indore,Potato,1926.97
2025-03-08,Madhya Pradesh,Indore,Indore,Potato,1994.2
2025-03-09,Madhya Pradesh,Indore,Indore,Potato,1943.65
2025-03-10,Madhya Pradesh,Indore,Indore,Potato,1675.92
2025-03-11,Madhya Pradesh,Indore,Indore,Potato,1626.51
2025-03-12,Madhya Pradesh,Indore,Indore,Potato,1628.61
2025-03-13,Madhya Pradesh,Indore,Indore,Potato,2013.2
2025-03-14,Madhya Pradesh,Indore,Indore,Potato,1812.57
2025-03-15,Madhya Pradesh,Indore,Indore,Potato,1626.95
2025-03-16,Madhya Pradesh,Indore,Indore,Potato,1886.11
2025-03-17,Madhya Pradesh,Indore,Indore,Potato,2099.02
2025-03-18,Madhya Pradesh,Indore,Indore,Potato,1806.22
2025-03-19,Madhya Pradesh,Indore,Indore,Potato,1992.68
2025-03-20,Madhya Pradesh,Indore,Indore,Potato,1968.7
2025-03-21,Madhya Pradesh,Indore,Indore,Potato,1963.63
2025-03-22,Madhya Pradesh,Indore,Indore,Potato,2051.87
2025-03-23,Madhya Pradesh,Indore,Indore,Potato,1809.83
2025-03-24,Madhya Pradesh,Indore,Indore,Potato,1831.22
2025-03-25,Madhya Pradesh,Indore,Indore,Potato,1857.96
2025-03-26,Madhya Pradesh,Indore,Indore,Potato,1803.68
2025-03-27,Madhya Pradesh,Indore,Indore,Potato,2103.94
2025-03-28,Madhya Pradesh,Indore,Indore,Potato,1962.39
2025-03-29,Madhya Pradesh,Indore,Indore,Potato,1834.04
2025-03-30,Madhya Pradesh,Indore,Indore,Potato,1924.82
2025-03-31,Madhya Pradesh,Indore,Indore,Potato,1691.15
2025-04-01,Madhya Pradesh,Indore,Indore,Potato,1827.31
2025-04-02,Madhya Pradesh,Indore,Indore,Potato,1897.39
2025-04-03,Madhya Pradesh,Indore,Indore,Potato,2123.48
2025-04-04,Madhya Pradesh,Indore,Indore,Potato,2058.59
2025-04-05,Madhya Pradesh,Indore,Indore,Potato,1938.08
2025-04-06,Madhya Pradesh,Indore,Indore,Potato,1965.87
2025-04-07,Madhya Pradesh,Indore,Indore,Potato,1984.31
2025-04-08,Madhya Pradesh,Indore,Indore,Potato,1898.27
2025-04-09,Madhya Pradesh,Indore,Indore,Potato,1902.82
2025-04-10,Madhya Pradesh,Indore,Indore,Potato,1794.44
2025-04-11,Madhya Pradesh,Indore,Indore,Potato,1845.59
2025-04-12,Madhya Pradesh,Indore,Indore,Potato,1901.3
2025-04-13,Madhya Pradesh,Indore,Indore,Potato,1780.83
2025-04-14,Madhya Pradesh,Indore,Indore,Potato,1784.91
2025-04-15,Madhya Pradesh,Indore,Indore,Potato,1833.94
2025-04-16,Madhya Pradesh,Indore,Indore,Potato,1971.16
2025-04-17,Madhya Pradesh,Indore,Indore,Potato,1964.82
2025-04-18,Madhya Pradesh,Indore,Indore,Potato,2060.27
2025-04-19,Madhya Pradesh,Indore,Indore,Potato,1949.23
2025-04-20,Madhya Pradesh,Indore,Indore,Potato,1600.61
2025-04-21,Madhya Pradesh,Indore,Indore,Potato,1686.74
2025-04-22,Madhya Pradesh,Indore,Indore,Potato,1804.66
2025-04-23,Madhya Pradesh,Indore,Indore,Potato,1735.8
2025-04-24,Madhya Pradesh,Indore,Indore,Potato,2052.3
2025-04-25,Madhya Pradesh,Indore,Indore,Potato,2199.77
2025-04-26,Madhya Pradesh,Indore,Indore,Potato,2099.61
2025-04-27,Madhya Pradesh,Indore,Indore,Potato,1823.66
2025-04-28,Madhya Pradesh,Indore,Indore,Potato,1986.74
2025-04-29,Madhya Pradesh,Indore,Indore,Potato,1834.98
2025-04-30,Madhya Pradesh,Indore,Indore,Potato,1844.09
2025-05-01,Madhya Pradesh,Indore,Indore,Potato,1876.85
2025-05-02,Madhya Pradesh,Indore,Indore,Potato,1935.88
2025-05-03,Madhya Pradesh,Indore,Indore,Potato,1872.89
2025-05-04,Madhya Pradesh,Indore,Indore,Potato,1863.87
2025-05-05,Madhya Pradesh,Indore,Indore,Potato,1809.52
2025-05-06,Madhya Pradesh,Indore,Indore,Potato,1806.32
2025-05-07,Madhya Pradesh,Indore,Indore,Potato,1935.06
2025-05-08,Madhya Pradesh,Indore,Indore,Potato,2111.58
2025-05-09,Madhya Pradesh,Indore,Indore,Potato,2095.88
2025-05-10,Madhya Pradesh,Indore,Indore,Potato,1713.76
2025-05-11,Madhya Pradesh,Indore,Indore,Potato,1502.32
2025-05-12,Madhya Pradesh,Indore,Indore,Potato,1893.02
2025-05-13,Madhya Pradesh,Indore,Indore,Potato,1621.25
2025-05-14,Madhya Pradesh,Indore,Indore,Potato,1834.21
2025-05-15,Madhya Pradesh,Indore,Indore,Potato,1775.62
2025-05-16,Madhya Pradesh,Indore,Indore,Potato,1703.67
2025-05-17,Madhya Pradesh,Indore,Indore,Potato,1968.77
2025-05-18,Madhya Pradesh,Indore,Indore,Potato,1910.35
2025-05-19,Madhya Pradesh,Indore,Indore,Potato,1690.36
2025-05-20,Madhya Pradesh,Indore,Indore,Potato,1454.61
2025-05-21,Madhya Pradesh,Indore,Indore,Potato,1775.98
2025-05-22,Madhya Pradesh,Indore,Indore,Potato,1968.59
2025-05-23,Madhya Pradesh,Indore,Indore,Potato,1731.12
2025-05-24,Madhya Pradesh,Indore,Indore,Potato,1902.53
2025-05-25,Madhya Pradesh,Indore,Indore,Potato,1794.0
2025-05-26,Madhya Pradesh,Indore,Indore,Potato,1814.27
2025-05-27,Madhya Pradesh,Indore,Indore,Potato,1773.22
2025-05-28,Madhya Pradesh,Indore,Indore,Potato,1702.66
2025-05-29,Madhya Pradesh,Indore,Indore,Potato,2054.21
2025-05-30,Madhya Pradesh,Indore,Indore,Potato,1888.7
2025-05-31,Madhya Pradesh,Indore,Indore,Potato,1853.95
2025-06-01,Madhya Pradesh,Indore,Indore,Potato,1659.59
2025-06-02,Madhya Pradesh,Indore,Indore,Potato,1670.02
2025-06-03,Madhya Pradesh,Indore,Indore,Potato,1630.29
2025-06-04,Madhya Pradesh,Indore,Indore,Potato,1783.56
2025-06-05,Madhya Pradesh,Indore,Indore,Potato,2096.98
2025-06-06,Madhya Pradesh,Indore,Indore,Potato,1705.37
2025-06-07,Madhya Pradesh,Indore,Indore,Potato,1627.27
2025-06-08,Madhya Pradesh,Indore,Indore,Potato,1933.84
2025-06-09,Madhya Pradesh,Indore,Indore,Potato,1676.63
2025-06-10,Madhya Pradesh,Indore,Indore,Potato,1635.19
2025-06-11,Madhya Pradesh,Indore,Indore,Potato,1911.57
2025-06-12,Madhya Pradesh,Indore,Indore,Potato,1769.55
2025-06-13,Madhya Pradesh,Indore,Indore,Potato,2099.29
2025-06-14,Madhya Pradesh,Indore,Indore,Potato,1895.61
2025-06-15,Madhya Pradesh,Indore,Indore,Potato,1670.31
2025-06-16,Madhya Pradesh,Indore,Indore,Potato,1931.55
2025-06-17,Madhya Pradesh,Indore,Indore,Potato,1619.95
2025-06-18,Madhya Pradesh,Indore,Indore,Potato,1848.11
2025-06-19,Madhya Pradesh,Indore,Indore,Potato,1859.88
2025-06-20,Madhya Pradesh,Indore,Indore,Potato,2001.96
2025-06-21,Madhya Pradesh,Indore,Indore,Potato,1978.62
2025-06-22,Madhya Pradesh,Indore,Indore,Potato,1708.09
2025-06-23,Madhya Pradesh,Indore,Indore,Potato,1566.37
2025-06-24,Madhya Pradesh,Indore,Indore,Potato,1720.42
2025-06-25,Madhya Pradesh,Indore,Indore,Potato,1648.68
2025-06-26,Madhya Pradesh,Indore,Indore,Potato,2047.43
2025-06-27,Madhya Pradesh,Indore,Indore,Potato,1824.49
2025-06-28,Madhya Pradesh,Indore,Indore,Potato,1711.79
2025-06-29,Madhya Pradesh,Indore,Indore,Potato,1700.08
2025-06-30,Madhya Pradesh,Indore,Indore,Potato,1474.78
2025-07-01,Madhya Pradesh,Indore,Indore,Potato,1529.56
2025-07-02,Madhya Pradesh,Indore,Indore,Potato,1847.31
2025-07-03,Madhya Pradesh,Indore,Indore,Potato,1685.51
2025-07-04,Madhya Pradesh,Indore,Indore,Potato,1648.76
2025-07-05,Madhya Pradesh,Indore,Indore,Potato,1794.29
2025-07-06,Madhya Pradesh,Indore,Indore,Potato,1789.26
2025-07-07,Madhya Pradesh,Indore,Indore,Potato,1683.46
2025-07-08,Madhya Pradesh,Indore,Indore,Potato,1728.01
2025-07-09,Madhya Pradesh,Indore,Indore,Potato,1588.41
2025-07-10,Madhya Pradesh,Indore,Indore,Potato,1565.8
2025-07-11,Madhya Pradesh,Indore,Indore,Potato,1935.04
2025-07-12,Madhya Pradesh,Indore,Indore,Potato,1663.52
2025-07-13,Madhya Pradesh,Indore,Indore,Potato,1597.42
2025-07-14,Madhya Pradesh,Indore,Indore,Potato,1724.06
2025-07-15,Madhya Pradesh,Indore,Indore,Potato,1651.68
2025-07-16,Madhya Pradesh,Indore,Indore,Potato,1703.37
2025-07-17,Madhya Pradesh,Indore,Indore,Potato,1970.68
2025-07-18,Madhya Pradesh,Indore,Indore,Potato,1645.69
2025-07-19,Madhya Pradesh,Indore,Indore,Potato,1783.86
2025-07-20,Madhya Pradesh,Indore,Indore,Potato,1606.7
2025-07-21,Madhya Pradesh,Indore,Indore,Potato,1581.76
2025-07-22,Madhya Pradesh,Indore,Indore,Potato,1732.24
2025-07-23,Madhya Pradesh,Indore,Indore,Potato,1682.6
2025-07-24,Madhya Pradesh,Indore,Indore,Potato,1748.08
2025-07-25,Madhya Pradesh,Indore,Indore,Potato,1823.87
2025-07-26,Madhya Pradesh,Indore,Indore,Potato,1606.97
2025-07-27,Madhya Pradesh,Indore,Indore,Potato,1483.06
2025-07-28,Madhya Pradesh,Indore,Indore,Potato,1416.91
2025-07-29,Madhya Pradesh,Indore,Indore,Potato,1328.8
2025-07-30,Madhya Pradesh,Indore,Indore,Potato,1830.46
2025-07-31,Madhya Pradesh,Indore,Indore,Potato,1531.02
2025-08-01,Madhya Pradesh,Indore,Indore,Potato,1645.14
2025-08-02,Madhya Pradesh,Indore,Indore,Potato,1593.03
2025-08-03,Madhya Pradesh,Indore,Indore,Potato,1585.69
2025-08-04,Madhya Pradesh,Indore,Indore,Potato,1592.26
2025-08-05,Madhya Pradesh,Indore,Indore,Potato,1609.9
2025-08-06,Madhya Pradesh,Indore,Indore,Potato,1512.65
2025-08-07,Madhya Pradesh,Indore,Indore,Potato,1616.26
2025-08-08,Madhya Pradesh,Indore,Indore,Potato,1679.91
2025-08-09,Madhya Pradesh,Indore,Indore,Potato,1573.82
2025-08-10,Madhya Pradesh,Indore,Indore,Potato,1702.95
2025-08-11,Madhya Pradesh,Indore,Indore,Potato,1536.62
2025-08-12,Madhya Pradesh,Indore,Indore,Potato,1574.88
2025-08-13,Madhya Pradesh,Indore,Indore,Potato,1628.07
2025-08-14,Madhya Pradesh,Indore,Indore,Potato,1746.31
2025-08-15,Madhya Pradesh,Indore,Indore,Potato,1646.42
2025-08-16,Madhya Pradesh,Indore,Indore,Potato,1437.56
2025-08-17,Madhya Pradesh,Indore,Indore,Potato,1553.6
2025-08-18,Madhya Pradesh,Indore,Indore,Potato,1400.13
2025-08-19,Madhya Pradesh,Indore,Indore,Potato,1424.68
2025-08-20,Madhya Pradesh,Indore,Indore,Potato,1600.17
2025-08-21,Madhya Pradesh,Indore,Indore,Potato,1732.82
2025-08-22,Madhya Pradesh,Indore,Indore,Potato,1609.28
2025-08-23,Madhya Pradesh,Indore,Indore,Potato,1596.82
2025-08-24,Madhya Pradesh,Indore,Indore,Potato,1672.46
2025-08-25,Madhya Pradesh,Indore,Indore,Potato,1475.39
2025-08-26,Madhya Pradesh,Indore,Indore,Potato,1730.11
2025-08-27,Madhya Pradesh,Indore,Indore,Potato,1581.2
2025-08-28,Madhya Pradesh,Indore,Indore,Potato,1383.77
2025-08-29,Madhya Pradesh,Indore,Indore,Potato,1674.76
2025-08-30,Madhya Pradesh,Indore,Indore,Potato,1589.15
2025-08-31,Madhya Pradesh,Indore,Indore,Potato,1613.93
2025-09-01,Madhya Pradesh,Indore,Indore,Potato,1505.38
2025-09-02,Madhya Pradesh,Indore,Indore,Potato,1436.49
2025-09-03,Madhya Pradesh,Indore,Indore,Potato,1378.66
2025-09-04,Madhya Pradesh,Indore,Indore,Potato,1542.26
2025-09-05,Madhya Pradesh,Indore,Indore,Potato,1484.13
2025-09-06,Madhya Pradesh,Indore,Indore,Potato,1473.46
2025-09-07,Madhya Pradesh,Indore,Indore,Potato,1529.8
2025-09-08,Madhya Pradesh,Indore,Indore,Potato,1594.22
2025-09-09,Madhya Pradesh,Indore,Indore,Potato,1480.44
2025-09-10,Madhya Pradesh,Indore,Indore,Potato,1372.64
2025-09-11,Madhya Pradesh,Indore,Indore,Potato,1603.84
2025-09-12,Madhya Pradesh,Indore,Indore,Potato,1700.19
2025-09-13,Madhya Pradesh,Indore,Indore,Potato,1462.12
2025-09-14,Madhya Pradesh,Indore,Indore,Potato,1447.85
2025-09-15,Madhya Pradesh,Indore,Indore,Potato,1421.81
2025-09-16,Madhya Pradesh,Indore,Indore,Potato,1355.24
2025-09-17,Madhya Pradesh,Indore,Indore,Potato,1559.37
2025-09-18,Madhya Pradesh,Indore,Indore,Potato,1536.23
2025-09-19,Madhya Pradesh,Indore,Indore,Potato,1609.08
2025-09-20,Madhya Pradesh,Indore,Indore,Potato,1427.8
2025-09-21,Madhya Pradesh,Indore,Indore,Potato,1412.72
2025-09-22,Madhya Pradesh,Indore,Indore,Potato,1488.39
2025-09-23,Madhya Pradesh,Indore,Indore,Potato,1393.55
2025-09-24,Madhya Pradesh,Indore,Indore,Potato,1668.94
2025-09-25,Madhya Pradesh,Indore,Indore,Potato,1503.79
2025-09-26,Madhya Pradesh,Indore,Indore,Potato,1585.99
2025-09-27,Madhya Pradesh,Indore,Indore,Potato,1620.53
2025-09-28,Madhya Pradesh,Indore,Indore,Potato,1312.13
2025-09-29,Madhya Pradesh,Indore,Indore,Potato,1242.08
2025-09-30,Madhya Pradesh,Indore,Indore,Potato,1278.5
2025-10-01,Madhya Pradesh,Indore,Indore,Potato,1621.65
2025-10-02,Madhya Pradesh,Indore,Indore,Potato,1488.86
2025-10-03,Madhya Pradesh,Indore,Indore,Potato,1843.65
2025-10-04,Madhya Pradesh,Indore,Indore,Potato,1463.74
2025-10-05,Madhya Pradesh,Indore,Indore,Potato,1478.75
2025-10-06,Madhya Pradesh,Indore,Indore,Potato,1573.57
2025-10-07,Madhya Pradesh,Indore,Indore,Potato,1637.06
2025-10-08,Madhya Pradesh,Indore,Indore,Potato,1710.51
2025-10-09,Madhya Pradesh,Indore,Indore,Potato,1685.75
2025-10-10,Madhya Pradesh,Indore,Indore,Potato,1682.39
2025-10-11,Madhya Pradesh,Indore,Indore,Potato,1594.03
2025-10-12,Madhya Pradesh,Indore,Indore,Potato,1546.67
2025-10-13,Madhya Pradesh,Indore,Indore,Potato,1372.37
2025-10-14,Madhya Pradesh,Indore,Indore,Potato,1360.61
2025-10-15,Madhya Pradesh,Indore,Indore,Potato,1503.1
2025-10-16,Madhya Pradesh,Indore,Indore,Potato,1545.2
2025-10-17,Madhya Pradesh,Indore,Indore,Potato,1529.93
2025-10-18,Madhya Pradesh,Indore,Indore,Potato,1616.16
2025-10-19,Madhya Pradesh,Indore,Indore,Potato,1576.12
2025-10-20,Madhya Pradesh,Indore,Indore,Potato,1447.14
2025-10-21,Madhya Pradesh,Indore,Indore,Potato,1605.14
2025-10-22,Madhya Pradesh,Indore,Indore,Potato,1394.72
2025-10-23,Madhya Pradesh,Indore,Indore,Potato,1555.9
2025-10-24,Madhya Pradesh,Indore,Indore,Potato,1514.19
2025-10-25,Madhya Pradesh,Indore,Indore,Potato,1352.12
2025-10-26,Madhya Pradesh,Indore,Indore,Potato,1482.9
2025-10-27,Madhya Pradesh,Indore,Indore,Potato,1440.16
2025-10-28,Madhya Pradesh,Indore,Indore,Potato,1625.33
2025-10-29,Madhya Pradesh,Indore,Indore,Potato,1599.58
2025-10-30,Madhya Pradesh,Indore,Indore,Potato,1480.19
2025-10-31,Madhya Pradesh,Indore,Indore,Potato,1821.33
2025-11-01,Madhya Pradesh,Indore,Indore,Potato,1707.78
2025-11-02,Madhya Pradesh,Indore,Indore,Potato,1570.72
2025-11-03,Madhya Pradesh,Indore,Indore,Potato,1446.91
2025-11-04,Madhya Pradesh,Indore,Indore,Potato,1388.03
2025-11-05,Madhya Pradesh,Indore,Indore,Potato,1511.07
2025-11-06,Madhya Pradesh,Indore,Indore,Potato,1738.44
2025-11-07,Madhya Pradesh,Indore,Indore,Potato,1849.14
2025-11-08,Madhya Pradesh,Indore,Indore,Potato,1767.04
2025-11-09,Madhya Pradesh,Indore,Indore,Potato,1477.87
2025-11-10,Madhya Pradesh,Indore,Indore,Potato,1374.22
2025-11-11,Madhya Pradesh,Indore,Indore,Potato,1524.36
2025-11-12,Madhya Pradesh,Indore,Indore,Potato,1379.45
2025-11-13,Madhya Pradesh,Indore,Indore,Potato,1676.63
2025-11-14,Madhya Pradesh,Indore,Indore,Potato,1641.39
2025-11-15,Madhya Pradesh,Indore,Indore,Potato,1566.63
2025-11-16,Madhya Pradesh,Indore,Indore,Potato,1380.8
2025-11-17,Madhya Pradesh,Indore,Indore,Potato,1569.36
2025-11-18,Madhya Pradesh,Indore,Indore,Potato,1476.74
2025-11-19,Madhya Pradesh,Indore,Indore,Potato,1469.16
2025-11-20,Madhya Pradesh,Indore,Indore,Potato,1331.71
2025-11-21,Madhya Pradesh,Indore,Indore,Potato,1683.26
2025-11-22,Madhya Pradesh,Indore,Indore,Potato,1851.46
2025-11-23,Madhya Pradesh,Indore,Indore,Potato,1765.04
2025-11-24,Madhya Pradesh,Indore,Indore,Potato,1492.07
2025-11-25,Madhya Pradesh,Indore,Indore,Potato,1495.25
2025-11-26,Madhya Pradesh,Indore,Indore,Potato,1682.24
2025-11-27,Madhya Pradesh,Indore,Indore,Potato,1578.33
2025-11-28,Madhya Pradesh,Indore,Indore,Potato,1753.51
2025-11-29,Madhya Pradesh,Indore,Indore,Potato,1767.36
2025-11-30,Madhya Pradesh,Indore,Indore,Potato,1748.82
2025-12-01,Madhya Pradesh,Indore,Indore,Potato,1559.21
2025-12-02,Madhya Pradesh,Indore,Indore,Potato,1567.82
2025-12-03,Madhya Pradesh,Indore,Indore,Potato,1557.75
2025-12-04,Madhya Pradesh,Indore,Indore,Potato,1629.31
2025-12-05,Madhya Pradesh,Indore,Indore,Potato,1722.59
2025-12-06,Madhya Pradesh,Indore,Indore,Potato,1753.93
2025-12-07,Madhya Pradesh,Indore,Indore,Potato,1746.95
2025-12-08,Madhya Pradesh,Indore,Indore,Potato,1511.04
2025-12-09,Madhya Pradesh,Indore,Indore,Potato,1791.37
2025-12-10,Madhya Pradesh,Indore,Indore,Potato,1660.57
2025-12-11,Madhya Pradesh,Indore,Indore,Potato,1761.26
2025-12-12,Madhya Pradesh,Indore,Indore,Potato,1692.01
2025-12-13,Madhya Pradesh,Indore,Indore,Potato,1448.34
2025-12-14,Madhya Pradesh,Indore,Indore,Potato,1778.77
2025-12-15,Madhya Pradesh,Indore,Indore,Potato,1717.76
2025-12-16,Madhya Pradesh,Indore,Indore,Potato,1622.28
2025-12-17,Madhya Pradesh,Indore,Indore,Potato,1735.31
2025-12-18,Madhya Pradesh,Indore,Indore,Potato,1864.96
2025-12-19,Madhya Pradesh,Indore,Indore,Potato,1622.7
2025-12-20,Madhya Pradesh,Indore,Indore,Potato,1714.25
2025-12-21,Madhya Pradesh,Indore,Indore,Potato,1804.61
2025-12-22,Madhya Pradesh,Indore,Indore,Potato,1520.77
2025-12-23,Madhya Pradesh,Indore,Indore,Potato,1723.71
2025-12-24,Madhya Pradesh,Indore,Indore,Potato,1595.45
2025-12-25,Madhya Pradesh,Indore,Indore,Potato,1897.11
2025-12-26,Madhya Pradesh,Indore,Indore,Potato,1854.98
2025-12-27,Madhya Pradesh,Indore,Indore,Potato,1611.53
2025-12-28,Madhya Pradesh,Indore,Indore,Potato,1887.13
2025-12-29,Madhya Pradesh,Indore,Indore,Potato,1614.07
2025-12-30,Madhya Pradesh,Indore,Indore,Potato,1626.07
2025-12-31,Madhya Pradesh,Indore,Indore,Potato,1824.44
2026-01-01,Madhya Pradesh,Indore,Indore,Potato,2025.69
2026-01-02,Madhya Pradesh,Indore,Indore,Potato,1762.88
2026-01-03,Madhya Pradesh,Indore,Indore,Potato,1862.22
2026-01-04,Madhya Pradesh,Indore,Indore,Potato,1834.03
2026-01-05,Madhya Pradesh,Indore,Indore,Potato,1820.55
2026-01-06,Madhya Pradesh,Indore,Indore,Potato,1780.67
2026-01-07,Madhya Pradesh,Indore,Indore,Potato,1788.55
2026-01-08,Madhya Pradesh,Indore,Indore,Potato,1802.07
2026-01-09,Madhya Pradesh,Indore,Indore,Potato,1947.8
2026-01-10,Madhya Pradesh,Indore,Indore,Potato,1749.53
2026-01-11,Madhya Pradesh,Indore,Indore,Potato,1444.82
2026-01-12,Madhya Pradesh,Indore,Indore,Potato,1825.05
2026-01-13,Madhya Pradesh,Indore,Indore,Potato,1907.37
2026-01-14,Madhya Pradesh,Indore,Indore,Potato,1562.35
2026-01-15,Madhya Pradesh,Indore,Indore,Potato,1812.64
2026-01-16,Madhya Pradesh,Indore,Indore,Potato,2059.54
2026-01-17,Madhya Pradesh,Indore,Indore,Potato,2206.0
2026-01-18,Madhya Pradesh,Indore,Indore,Potato,1854.05
2026-01-19,Madhya Pradesh,Indore,Indore,Potato,1712.99
2026-01-20,Madhya Pradesh,Indore,Indore,Potato,1804.73
2026-01-21,Madhya Pradesh,Indore,Indore,Potato,2091.1
2026-01-22,Madhya Pradesh,Indore,Indore,Potato,1897.41
2026-01-23,Madhya Pradesh,Indore,Indore,Potato,1898.44
2026-01-24,Madhya Pradesh,Indore,Indore,Potato,1897.74
2026-01-25,Madhya Pradesh,Indore,Indore,Potato,1759.68
2026-01-26,Madhya Pradesh,Indore,Indore,Potato,1853.79
2026-01-27,Madhya Pradesh,Indore,Indore,Potato,2073.0
2026-01-28,Madhya Pradesh,Indore,Indore,Potato,1985.77
2026-01-29,Madhya Pradesh,Indore,Indore,Potato,1987.0
2026-01-30,Madhya Pradesh,Indore,Indore,Potato,2004.7
2026-01-31,Madhya Pradesh,Indore,Indore,Potato,1779.84
2026-02-01,Madhya Pradesh,Indore,Indore,Potato,2036.8
2026-02-02,Madhya Pradesh,Indore,Indore,Potato,1859.4
2026-02-03,Madhya Pradesh,Indore,Indore,Potato,1869.06
2026-02-04,Madhya Pradesh,Indore,Indore,Potato,2415.88
2026-02-05,Madhya Pradesh,Indore,Indore,Potato,2099.42
2026-02-06,Madhya Pradesh,Indore,Indore,Potato,1970.73
2026-02-07,Madhya Pradesh,Indore,Indore,Potato,1970.45
2026-02-08,Madhya Pradesh,Indore,Indore,Potato,2105.78
2026-02-09,Madhya Pradesh,Indore,Indore,Potato,1914.37
2026-02-10,Madhya Pradesh,Indore,Indore,Potato,1729.13
2026-02-11,Madhya Pradesh,Indore,Indore,Potato,2134.18
2026-02-12,Madhya Pradesh,Indore,Indore,Potato,1990.23
2026-02-13,Madhya Pradesh,Indore,Indore,Potato,2388.51
2026-02-14,Madhya Pradesh,Indore,Indore,Potato,2217.15
2026-02-15,Madhya Pradesh,Indore,Indore,Potato,1915.78
2026-02-16,Madhya Pradesh,Indore,Indore,Potato,2099.57
2026-02-17,Madhya Pradesh,Indore,Indore,Potato,1959.37
2026-02-18,Madhya Pradesh,Indore,Indore,Potato,2154.67
2026-02-19,Madhya Pradesh,Indore,Indore,Potato,2188.55
2026-02-20,Madhya Pradesh,Indore,Indore,Potato,2013.51
2026-02-21,Madhya Pradesh,Indore,Indore,Potato,1994.76
2026-02-22,Madhya Pradesh,Indore,Indore,Potato,2148.15
2026-02-23,Madhya Pradesh,Indore,Indore,Potato,1905.93
2026-02-24,Madhya Pradesh,Indore,Indore,Potato,1919.03
2026-02-25,Madhya Pradesh,Indore,Indore,Potato,1920.97
2026-02-26,Madhya Pradesh,Indore,Indore,Potato,2206.1
2026-02-27,Madhya Pradesh,Indore,Indore,Potato,2478.65
2026-02-28,Madhya Pradesh,Indore,Indore,Potato,1955.45
2026-03-01,Madhya Pradesh,Indore,Indore,Potato,2030.16
2026-03-02,Madhya Pradesh,Indore,Indore,Potato,2168.73
2026-03-03,Madhya Pradesh,Indore,Indore,Potato,1985.44
2026-03-04,Madhya Pradesh,Indore,Indore,Potato,2146.64
2026-03-05,Madhya Pradesh,Indore,Indore,Potato,2004.08
2026-03-06,Madhya Pradesh,Indore,Indore,Potato,2253.77
2026-03-07,Madhya Pradesh,Indore,Indore,Potato,2106.57
2026-03-08,Madhya Pradesh,Indore,Indore,Potato,2187.71
2026-03-09,Madhya Pradesh,Indore,Indore,Potato,2157.99
2026-03-10,Madhya Pradesh,Indore,Indore,Potato,2380.3
2026-03-11,Madhya Pradesh,Indore,Indore,Potato,2184.65
2026-03-12,Madhya Pradesh,Indore,Indore,Potato,2233.82
2026-03-13,Madhya Pradesh,Indore,Indore,Potato,2236.74
2026-03-14,Madhya Pradesh,Indore,Indore,Potato,2098.87
2026-03-15,Madhya Pradesh,Indore,Indore,Potato,2111.66
2026-03-16,Madhya Pradesh,Indore,Indore,Potato,1966.2
2026-03-17,Madhya Pradesh,Indore,Indore,Potato,2053.95
2026-03-18,Madhya Pradesh,Indore,Indore,Potato,2309.54
2026-03-19,Madhya Pradesh,Indore,Indore,Potato,2044.14
2026-03-20,Madhya Pradesh,Indore,Indore,Potato,2398.61
2026-03-21,Madhya Pradesh,Indore,Indore,Potato,2365.46
2026-03-22,Madhya Pradesh,Indore,Indore,Potato,2058.22
2026-03-23,Madhya Pradesh,Indore,Indore,Potato,1719.49
2026-03-24,Madhya Pradesh,Indore,Indore,Potato,1954.46
2026-03-25,Madhya Pradesh,Indore,Indore,Potato,2318.71
2026-03-26,Madhya Pradesh,Indore,Indore,Potato,2206.61
2026-03-27,Madhya Pradesh,Indore,Indore,Potato,2075.81
2026-03-28,Madhya Pradesh,Indore,Indore,Potato,2098.63
2026-03-29,Madhya Pradesh,Indore,Indore,Potato,2206.77
2026-03-30,Madhya Pradesh,Indore,Indore,Potato,2105.0
2026-03-31,Madhya Pradesh,Indore,Indore,Potato,2014.55
2026-04-01,Madhya Pradesh,Indore,Indore,Potato,2078.19
2026-04-02,Madhya Pradesh,Indore,Indore,Potato,2156.27
2026-04-03,Madhya Pradesh,Indore,Indore,Potato,2093.8
2026-04-04,Madhya Pradesh,Indore,Indore,Potato,2427.77
2026-04-05,Madhya Pradesh,Indore,Indore,Potato,2041.83
2026-04-06,Madhya Pradesh,Indore,Indore,Potato,2204.64
2026-04-07,Madhya Pradesh,Indore,Indore,Potato,2271.03
2026-04-08,Madhya Pradesh,Indore,Indore,Potato,2285.44
2026-04-09,Madhya Pradesh,Indore,Indore,Potato,2152.73
2026-04-10,Madhya Pradesh,Indore,Indore,Potato,2303.79
2026-04-11,Madhya Pradesh,Indore,Indore,Potato,2178.95
2026-04-12,Madhya Pradesh,Indore,Indore,Potato,1957.64
2026-04-13,Madhya Pradesh,Indore,Indore,Potato,2077.99
2026-04-14,Madhya Pradesh,Indore,Indore,Potato,1882.84
2026-04-15,Madhya Pradesh,Indore,Indore,Potato,2312.86
2026-04-16,Madhya Pradesh,Indore,Indore,Potato,2146.2
2026-04-17,Madhya Pradesh,Indore,Indore,Potato,2269.92
2026-04-18,Madhya Pradesh,Indore,Indore,Potato,2223.27
2026-04-19,Madhya Pradesh,Indore,Indore,Potato,2048.97
2026-04-20,Madhya Pradesh,Indore,Indore,Potato,2111.66
2026-04-21,Madhya Pradesh,Indore,Indore,Potato,1980.04
2026-04-22,Madhya Pradesh,Indore,Indore,Potato,2260.46
2026-04-23,Madhya Pradesh,Indore,Indore,Potato,2004.27
2026-04-24,Madhya Pradesh,Indore,Indore,Potato,2251.92
2026-04-25,Madhya Pradesh,Indore,Indore,Potato,2468.39
2026-04-26,Madhya Pradesh,Indore,Indore,Potato,1934.25
2026-04-27,Madhya Pradesh,Indore,Indore,Potato,1925.24
2026-04-28,Madhya Pradesh,Indore,Indore,Potato,2113.69
2026-04-29,Madhya Pradesh,Indore,Indore,Potato,2148.5
2026-04-30,Madhya Pradesh,Indore,Indore,Potato,2257.24
2026-05-01,Madhya Pradesh,Indore,Indore,Potato,2298.02
2026-05-02,Madhya Pradesh,Indore,Indore,Potato,2258.98
2026-05-03,Madhya Pradesh,Indore,Indore,Potato,2230.04
2026-05-04,Madhya Pradesh,Indore,Indore,Potato,2067.99
2026-05-05,Madhya Pradesh,Indore,Indore,Potato,1994.62
2026-05-06,Madhya Pradesh,Indore,Indore,Potato,2208.74
2026-05-07,Madhya Pradesh,Indore,Indore,Potato,2480.97
2026-05-08,Madhya Pradesh,Indore,Indore,Potato,2187.36
2026-05-09,Madhya Pradesh,Indore,Indore,Potato,2002.08
2026-05-10,Madhya Pradesh,Indore,Indore,Potato,2214.46
2026-05-11,Madhya Pradesh,Indore,Indore,Potato,1979.31
2026-05-12,Madhya Pradesh,Indore,Indore,Potato,1707.77
2026-05-13,Madhya Pradesh,Indore,Indore,Potato,2217.73
2026-05-14,Madhya Pradesh,Indore,Indore,Potato,2091.33
2026-05-15,Madhya Pradesh,Indore,Indore,Potato,2176.32
2026-05-16,Madhya Pradesh,Indore,Indore,Potato,2180.5
2026-05-17,Madhya Pradesh,Indore,Indore,Potato,2064.99
2026-05-18,Madhya Pradesh,Indore,Indore,Potato,2077.08
2026-05-19,Madhya Pradesh,Indore,Indore,Potato,1935.3
2026-05-20,Madhya Pradesh,Indore,Indore,Potato,2148.96
2026-05-21,Madhya Pradesh,Indore,Indore,Potato,2113.35
2026-05-22,Madhya Pradesh,Indore,Indore,Potato,2281.46
2026-05-23,Madhya Pradesh,Indore,Indore,Potato,2201.06
2026-05-24,Madhya Pradesh,Indore,Indore,Potato,1885.37
2026-05-25,Madhya Pradesh,Indore,Indore,Potato,2107.54
2026-05-26,Madhya Pradesh,Indore,Indore,Potato,1901.29
2026-05-27,Madhya Pradesh,Indore,Indore,Potato,2168.55
2026-05-28,Madhya Pradesh,Indore,Indore,Potato,2183.95
2026-05-29,Madhya Pradesh,Indore,Indore,Potato,2421.47
2026-05-30,Madhya Pradesh,Indore,Indore,Potato,2053.9
2026-05-31,Madhya Pradesh,Indore,Indore,Potato,1945.74
2026-06-01,Madhya Pradesh,Indore,Indore,Potato,1933.34
2026-06-02,Madhya Pradesh,Indore,Indore,Potato,1910.74
2026-06-03,Madhya Pradesh,Indore,Indore,Potato,2141.5
2026-06-04,Madhya Pradesh,Indore,Indore,Potato,1865.41
2026-06-05,Madhya Pradesh,Indore,Indore,Potato,1962.73
2026-06-06,Madhya Pradesh,Indore,Indore,Potato,1906.5
2026-06-07,Madhya Pradesh,Indore,Indore,Potato,2100.29
2026-06-08,Madhya Pradesh,Indore,Indore,Potato,2140.02
2026-06-09,Madhya Pradesh,Indore,Indore,Potato,1912.75
2026-06-10,Madhya Pradesh,Indore,Indore,Potato,1977.66
2026-06-11,Madhya Pradesh,Indore,Indore,Potato,2085.61
2026-06-12,Madhya Pradesh,Indore,Indore,Potato,2260.56
2026-06-13,Madhya Pradesh,Indore,Indore,Potato,1900.57
2026-06-14,Madhya Pradesh,Indore,Indore,Potato,1974.64
2026-06-15,Madhya Pradesh,Indore,Indore,Potato,2013.3
2026-06-16,Madhya Pradesh,Indore,Indore,Potato,1966.47
2026-06-17,Madhya Pradesh,Indore,Indore,Potato,1999.17
2026-06-18,Madhya Pradesh,Indore,Indore,Potato,2189.14
2026-06-19,Madhya Pradesh,Indore,Indore,Potato,1670.53
2026-06-20,Madhya Pradesh,Indore,Indore,Potato,2098.01
2026-06-21,Madhya Pradesh,Indore,Indore,Potato,1826.16
2026-06-22,Madhya Pradesh,Indore,Indore,Potato,1618.88
2026-06-23,Madhya Pradesh,Indore,Indore,Potato,1938.54
2026-06-24,Madhya Pradesh,Indore,Indore,Potato,2130.31
2026-06-25,Madhya Pradesh,Indore,Indore,Potato,1995.56
2026-06-26,Madhya Pradesh,Indore,Indore,Potato,2164.5
2026-06-27,Madhya Pradesh,Indore,Indore,Potato,2195.0
2026-06-28,Madhya Pradesh,Indore,Indore,Potato,2057.84
2026-06-29,Madhya Pradesh,Indore,Indore,Potato,2038.03
2026-06-30,Madhya Pradesh,Indore,Indore,Potato,1938.25
2026-07-01,Madhya Pradesh,Indore,Indore,Potato,1923.24
2026-07-02,Madhya Pradesh,Indore,Indore,Potato,1760.98
2026-07-03,Madhya Pradesh,Indore,Indore,Potato,1962.85
2026-07-04,Madhya Pradesh,Indore,Indore,Potato,1826.69
2026-07-05,Madhya Pradesh,Indore,Indore,Potato,2136.39
2026-07-06,Madhya Pradesh,Indore,Indore,Potato,1776.98
2026-07-07,Madhya Pradesh,Indore,Indore,Potato,1828.83
2026-07-08,Madhya Pradesh,Indore,Indore,Potato,1955.28
2026-07-09,Madhya Pradesh,Indore,Indore,Potato,1957.63
2026-07-10,Madhya Pradesh,Indore,Indore,Potato,2198.43
2026-07-11,Madhya Pradesh,Indore,Indore,Potato,1826.86
2026-07-12,Madhya Pradesh,Indore,Indore,Potato,1849.62
2026-07-13,Madhya Pradesh,Indore,Indore,Potato,1678.19
2026-07-14,Madhya Pradesh,Indore,Indore,Potato,1619.18
2026-07-15,Madhya Pradesh,Indore,Indore,Potato,1772.99
2026-07-16,Madhya Pradesh,Indore,Indore,Potato,1915.3
2026-07-17,Madhya Pradesh,Indore,Indore,Potato,1875.54
2026-07-18,Madhya Pradesh,Indore,Indore,Potato,1788.34
2026-07-19,Madhya Pradesh,Indore,Indore,Potato,1618.74
2026-07-20,Madhya Pradesh,Indore,Indore,Potato,1731.71
2026-07-21,Madhya Pradesh,Indore,Indore,Potato,1570.6
2026-07-22,Madhya Pradesh,Indore,Indore,Potato,1919.75
2026-07-23,Madhya Pradesh,Indore,Indore,Potato,1900.64
2026-07-24,Madhya Pradesh,Indore,Indore,Potato,1708.83
2026-07-25,Madhya Pradesh,Indore,Indore,Potato,1809.71
2026-07-26,Madhya Pradesh,Indore,Indore,Potato,1674.18
2026-07-27,Madhya Pradesh,Indore,Indore,Potato,1752.85
2026-07-28,Madhya Pradesh,Indore,Indore,Potato,1890.27
2026-07-29,Madhya Pradesh,Indore,Indore,Potato,1558.93
2026-07-30,Madhya Pradesh,Indore,Indore,Potato,1875.54
2026-07-31,Madhya Pradesh,Indore,Indore,Potato,1852.78
2026-08-01,Madhya Pradesh,Indore,Indore,Potato,1907.12
2026-08-02,Madhya Pradesh,Indore,Indore,Potato,1766.42
2026-08-03,Madhya Pradesh,Indore,Indore,Potato,1599.86
2026-08-04,Madhya Pradesh,Indore,Indore,Potato,1664.3
2026-08-05,Madhya Pradesh,Indore,Indore,Potato,1669.38
2026-08-06,Madhya Pradesh,Indore,Indore,Potato,1971.31
2026-08-07,Madhya Pradesh,Indore,Indore,Potato,1849.26
2026-08-08,Madhya Pradesh,Indore,Indore,Potato,2034.18
2026-08-09,Madhya Pradesh,Indore,Indore,Potato,1708.32
2026-08-10,Madhya Pradesh,Indore,Indore,Potato,1582.33
2026-08-11,Madhya Pradesh,Indore,Indore,Potato,1500.67
2026-08-12,Madhya Pradesh,Indore,Indore,Potato,1523.41
2026-08-13,Madhya Pradesh,Indore,Indore,Potato,1607.7
2026-08-14,Madhya Pradesh,Indore,Indore,Potato,1855.69
2026-08-15,Madhya Pradesh,Indore,Indore,Potato,1834.47
2026-08-16,Madhya Pradesh,Indore,Indore,Potato,1505.71
2026-08-17,Madhya Pradesh,Indore,Indore,Potato,1746.34
2026-08-18,Madhya Pradesh,Indore,Indore,Potato,1601.14
2026-08-19,Madhya Pradesh,Indore,Indore,Potato,1739.33
2026-08-20,Madhya Pradesh,Indore,Indore,Potato,1987.5
2026-08-21,Madhya Pradesh,Indore,Indore,Potato,1912.56
2026-08-22,Madhya Pradesh,Indore,Indore,Potato,1717.44
2026-08-23,Madhya Pradesh,Indore,Indore,Potato,1568.98
2026-08-24,Madhya Pradesh,Indore,Indore,Potato,1379.89
2026-08-25,Madhya Pradesh,Indore,Indore,Potato,1556.13
2026-08-26,Madhya Pradesh,Indore,Indore,Potato,1677.62
2026-08-27,Madhya Pradesh,Indore,Indore,Potato,1644.73
2026-08-28,Madhya Pradesh,Indore,Indore,Potato,1764.4
2026-08-29,Madhya Pradesh,Indore,Indore,Potato,1741.8
2026-08-30,Madhya Pradesh,Indore,Indore,Potato,1630.66
2026-08-31,Madhya Pradesh,Indore,Indore,Potato,1535.67
2025-01-01,Madhya Pradesh,Indore,Indore,Wheat,2225.97
2025-01-02,Madhya Pradesh,Indore,Indore,Wheat,2363.63
2025-01-03,Madhya Pradesh,Indore,Indore,Wheat,2143.64
2025-01-04,Madhya Pradesh,Indore,Indore,Wheat,2491.46
2025-01-05,Madhya Pradesh,Indore,Indore,Wheat,2162.5
2025-01-06,Madhya Pradesh,Indore,Indore,Wheat,2126.25
2025-01-07,Madhya Pradesh,Indore,Indore,Wheat,2257.85
2025-01-08,Madhya Pradesh,Indore,Indore,Wheat,2281.81
2025-01-09,Madhya Pradesh,Indore,Indore,Wheat,2495.7
2025-01-10,Madhya Pradesh,Indore,Indore,Wheat,2415.68
2025-01-11,Madhya Pradesh,Indore,Indore,Wheat,2214.37
2025-01-12,Madhya Pradesh,Indore,Indore,Wheat,2277.78
2025-01-13,Madhya Pradesh,Indore,Indore,Wheat,1992.78
2025-01-14,Madhya Pradesh,Indore,Indore,Wheat,2210.98
2025-01-15,Madhya Pradesh,Indore,Indore,Wheat,2284.6
2025-01-16,Madhya Pradesh,Indore,Indore,Wheat,2351.26
2025-01-17,Madhya Pradesh,Indore,Indore,Wheat,2393.08
2025-01-18,Madhya Pradesh,Indore,Indore,Wheat,2048.2
2025-01-19,Madhya Pradesh,Indore,Indore,Wheat,2177.9
2025-01-20,Madhya Pradesh,Indore,Indore,Wheat,2222.55
2025-01-21,Madhya Pradesh,Indore,Indore,Wheat,2261.6
2025-01-22,Madhya Pradesh,Indore,Indore,Wheat,2165.86
2025-01-23,Madhya Pradesh,Indore,Indore,Wheat,2646.78
2025-01-24,Madhya Pradesh,Indore,Indore,Wheat,2311.19
2025-01-25,Madhya Pradesh,Indore,Indore,Wheat,2566.19
2025-01-26,Madhya Pradesh,Indore,Indore,Wheat,2375.96
2025-01-27,Madhya Pradesh,Indore,Indore,Wheat,2147.16
2025-01-28,Madhya Pradesh,Indore,Indore,Wheat,2560.48
2025-01-29,Madhya Pradesh,Indore,Indore,Wheat,2177.5
2025-01-30,Madhya Pradesh,Indore,Indore,Wheat,2634.27
2025-01-31,Madhya Pradesh,Indore,Indore,Wheat,2679.54
2025-02-01,Madhya Pradesh,Indore,Indore,Wheat,2330.68
2025-02-02,Madhya Pradesh,Indore,Indore,Wheat,2576.04
2025-02-03,Madhya Pradesh,Indore,Indore,Wheat,2247.72
2025-02-04,Madhya Pradesh,Indore,Indore,Wheat,2363.23
2025-02-05,Madhya Pradesh,Indore,Indore,Wheat,2460.28
2025-02-06,Madhya Pradesh,Indore,Indore,Wheat,2492.81
2025-02-07,Madhya Pradesh,Indore,Indore,Wheat,2690.09
2025-02-08,Madhya Pradesh,Indore,Indore,Wheat,2623.56
2025-02-09,Madhya Pradesh,Indore,Indore,Wheat,2093.27
2025-02-10,Madhya Pradesh,Indore,Indore,Wheat,2536.54
2025-02-11,Madhya Pradesh,Indore,Indore,Wheat,2079.14
2025-02-12,Madhya Pradesh,Indore,Indore,Wheat,2631.25
2025-02-13,Madhya Pradesh,Indore,Indore,Wheat,2756.68
2025-02-14,Madhya Pradesh,Indore,Indore,Wheat,2386.86
2025-02-15,Madhya Pradesh,Indore,Indore,Wheat,2450.13
2025-02-16,Madhya Pradesh,Indore,Indore,Wheat,2233.04
2025-02-17,Madhya Pradesh,Indore,Indore,Wheat,2322.61
2025-02-18,Madhya Pradesh,Indore,Indore,Wheat,2335.17
2025-02-19,Madhya Pradesh,Indore,Indore,Wheat,2624.27
2025-02-20,Madhya Pradesh,Indore,Indore,Wheat,2828.19
2025-02-21,Madhya Pradesh,Indore,Indore,Wheat,2875.38
2025-02-22,Madhya Pradesh,Indore,Indore,Wheat,2455.9
2025-02-23,Madhya Pradesh,Indore,Indore,Wheat,2416.37
2025-02-24,Madhya Pradesh,Indore,Indore,Wheat,2107.15
2025-02-25,Madhya Pradesh,Indore,Indore,Wheat,2280.64
2025-02-26,Madhya Pradesh,Indore,Indore,Wheat,2689.69
2025-02-27,Madhya Pradesh,Indore,Indore,Wheat,2918.86
2025-02-28,Madhya Pradesh,Indore,Indore,Wheat,2421.86
2025-03-01,Madhya Pradesh,Indore,Indore,Wheat,2479.31
2025-03-02,Madhya Pradesh,Indore,Indore,Wheat,2475.95
2025-03-03,Madhya Pradesh,Indore,Indore,Wheat,2462.93
2025-03-04,Madhya Pradesh,Indore,Indore,Wheat,2305.16
2025-03-05,Madhya Pradesh,Indore,Indore,Wheat,2622.28
2025-03-06,Madhya Pradesh,Indore,Indore,Wheat,2562.03
2025-03-07,Madhya Pradesh,Indore,Indore,Wheat,2675.46
2025-03-08,Madhya Pradesh,Indore,Indore,Wheat,2712.42
2025-03-09,Madhya Pradesh,Indore,Indore,Wheat,2505.91
2025-03-10,Madhya Pradesh,Indore,Indore,Wheat,2364.06
2025-03-11,Madhya Pradesh,Indore,Indore,Wheat,2447.35
2025-03-12,Madhya Pradesh,Indore,Indore,Wheat,2553.72
2025-03-13,Madhya Pradesh,Indore,Indore,Wheat,2603.86
2025-03-14,Madhya Pradesh,Indore,Indore,Wheat,2651.96
2025-03-15,Madhya Pradesh,Indore,Indore,Wheat,2928.77
2025-03-16,Madhya Pradesh,Indore,Indore,Wheat,2623.86
2025-03-17,Madhya Pradesh,Indore,Indore,Wheat,2406.5
2025-03-18,Madhya Pradesh,Indore,Indore,Wheat,2605.83
2025-03-19,Madhya Pradesh,Indore,Indore,Wheat,2527.56
2025-03-20,Madhya Pradesh,Indore,Indore,Wheat,2912.57
2025-03-21,Madhya Pradesh,Indore,Indore,Wheat,2789.16
2025-03-22,Madhya Pradesh,Indore,Indore,Wheat,2630.87
2025-03-23,Madhya Pradesh,Indore,Indore,Wheat,2619.74
2025-03-24,Madhya Pradesh,Indore,Indore,Wheat,2199.87
2025-03-25,Madhya Pradesh,Indore,Indore,Wheat,2301.38
2025-03-26,Madhya Pradesh,Indore,Indore,Wheat,2384.3
2025-03-27,Madhya Pradesh,Indore,Indore,Wheat,2732.14
2025-03-28,Madhya Pradesh,Indore,Indore,Wheat,3063.03
2025-03-29,Madhya Pradesh,Indore,Indore,Wheat,3078.55
2025-03-30,Madhya Pradesh,Indore,Indore,Wheat,2664.76
2025-03-31,Madhya Pradesh,Indore,Indore,Wheat,2568.39
2025-04-01,Madhya Pradesh,Indore,Indore,Wheat,2191.46
2025-04-02,Madhya Pradesh,Indore,Indore,Wheat,2511.41
2025-04-03,Madhya Pradesh,Indore,Indore,Wheat,2563.89
2025-04-04,Madhya Pradesh,Indore,Indore,Wheat,2620.47
2025-04-05,Madhya Pradesh,Indore,Indore,Wheat,2638.12
2025-04-06,Madhya Pradesh,Indore,Indore,Wheat,2472.23
2025-04-07,Madhya Pradesh,Indore,Indore,Wheat,2141.95
2025-04-08,Madhya Pradesh,Indore,Indore,Wheat,2643.54
2025-04-09,Madhya Pradesh,Indore,Indore,Wheat,2418.15
2025-04-10,Madhya Pradesh,Indore,Indore,Wheat,2762.34
2025-04-11,Madhya Pradesh,Indore,Indore,Wheat,3140.26
2025-04-12,Madhya Pradesh,Indore,Indore,Wheat,2499.44
2025-04-13,Madhya Pradesh,Indore,Indore,Wheat,2104.73
2025-04-14,Madhya Pradesh,Indore,Indore,Wheat,2437.02
2025-04-15,Madhya Pradesh,Indore,Indore,Wheat,2705.28
2025-04-16,Madhya Pradesh,Indore,Indore,Wheat,2971.7
2025-04-17,Madhya Pradesh,Indore,Indore,Wheat,2481.35
2025-04-18,Madhya Pradesh,Indore,Indore,Wheat,2834.83
2025-04-19,Madhya Pradesh,Indore,Indore,Wheat,2581.24
2025-04-20,Madhya Pradesh,Indore,Indore,Wheat,2535.07
2025-04-21,Madhya Pradesh,Indore,Indore,Wheat,2942.01
2025-04-22,Madhya Pradesh,Indore,Indore,Wheat,2242.97
2025-04-23,Madhya Pradesh,Indore,Indore,Wheat,2653.84
2025-04-24,Madhya Pradesh,Indore,Indore,Wheat,2796.84
2025-04-25,Madhya Pradesh,Indore,Indore,Wheat,2939.59
2025-04-26,Madhya Pradesh,Indore,Indore,Wheat,2678.27
2025-04-27,Madhya Pradesh,Indore,Indore,Wheat,2600.46
2025-04-28,Madhya Pradesh,Indore,Indore,Wheat,2405.83
2025-04-29,Madhya Pradesh,Indore,Indore,Wheat,2544.15
2025-04-30,Madhya Pradesh,Indore,Indore,Wheat,2534.51
2025-05-01,Madhya Pradesh,Indore,Indore,Wheat,2813.77
2025-05-02,Madhya Pradesh,Indore,Indore,Wheat,2649.06
2025-05-03,Madhya Pradesh,Indore,Indore,Wheat,2717.02
2025-05-04,Madhya Pradesh,Indore,Indore,Wheat,2527.42
2025-05-05,Madhya Pradesh,Indore,Indore,Wheat,2654.37
2025-05-06,Madhya Pradesh,Indore,Indore,Wheat,2474.22
2025-05-07,Madhya Pradesh,Indore,Indore,Wheat,2261.32
2025-05-08,Madhya Pradesh,Indore,Indore,Wheat,2916.79
2025-05-09,Madhya Pradesh,Indore,Indore,Wheat,2530.9
2025-05-10,Madhya Pradesh,Indore,Indore,Wheat,2509.42
2025-05-11,Madhya Pradesh,Indore,Indore,Wheat,2410.5
2025-05-12,Madhya Pradesh,Indore,Indore,Wheat,2678.16
2025-05-13,Madhya Pradesh,Indore,Indore,Wheat,2096.56
2025-05-14,Madhya Pradesh,Indore,Indore,Wheat,3125.15
2025-05-15,Madhya Pradesh,Indore,Indore,Wheat,2855.89
2025-05-16,Madhya Pradesh,Indore,Indore,Wheat,2722.57
2025-05-17,Madhya Pradesh,Indore,Indore,Wheat,2598.19
2025-05-18,Madhya Pradesh,Indore,Indore,Wheat,2544.04
2025-05-19,Madhya Pradesh,Indore,Indore,Wheat,2510.33
2025-05-20,Madhya Pradesh,Indore,Indore,Wheat,2553.57
2025-05-21,Madhya Pradesh,Indore,Indore,Wheat,2637.81
2025-05-22,Madhya Pradesh,Indore,Indore,Wheat,2651.08
2025-05-23,Madhya Pradesh,Indore,Indore,Wheat,2618.48
2025-05-24,Madhya Pradesh,Indore,Indore,Wheat,2555.48
2025-05-25,Madhya Pradesh,Indore,Indore,Wheat,2435.71
2025-05-26,Madhya Pradesh,Indore,Indore,Wheat,2587.68
2025-05-27,Madhya Pradesh,Indore,Indore,Wheat,2518.4
2025-05-28,Madhya Pradesh,Indore,Indore,Wheat,1995.18
2025-05-29,Madhya Pradesh,Indore,Indore,Wheat,2725.9
2025-05-30,Madhya Pradesh,Indore,Indore,Wheat,2661.9
2025-05-31,Madhya Pradesh,Indore,Indore,Wheat,2550.72
2025-06-01,Madhya Pradesh,Indore,Indore,Wheat,2375.03
2025-06-02,Madhya Pradesh,Indore,Indore,Wheat,2556.29
2025-06-03,Madhya Pradesh,Indore,Indore,Wheat,2548.16
2025-06-04,Madhya Pradesh,Indore,Indore,Wheat,2348.14
2025-06-05,Madhya Pradesh,Indore,Indore,Wheat,2648.19
2025-06-06,Madhya Pradesh,Indore,Indore,Wheat,2417.57
2025-06-07,Madhya Pradesh,Indore,Indore,Wheat,2278.81
2025-06-08,Madhya Pradesh,Indore,Indore,Wheat,2305.0
2025-06-09,Madhya Pradesh,Indore,Indore,Wheat,2480.89
2025-06-10,Madhya Pradesh,Indore,Indore,Wheat,2516.24
2025-06-11,Madhya Pradesh,Indore,Indore,Wheat,2538.06
2025-06-12,Madhya Pradesh,Indore,Indore,Wheat,2669.81
2025-06-13,Madhya Pradesh,Indore,Indore,Wheat,2651.85
2025-06-14,Madhya Pradesh,Indore,Indore,Wheat,2376.64
2025-06-15,Madhya Pradesh,Indore,Indore,Wheat,2449.78
2025-06-16,Madhya Pradesh,Indore,Indore,Wheat,2436.71
2025-06-17,Madhya Pradesh,Indore,Indore,Wheat,2448.87
2025-06-18,Madhya Pradesh,Indore,Indore,Wheat,2616.71
2025-06-19,Madhya Pradesh,Indore,Indore,Wheat,2629.06
2025-06-20,Madhya Pradesh,Indore,Indore,Wheat,2584.88
2025-06-21,Madhya Pradesh,Indore,Indore,Wheat,2636.25
2025-06-22,Madhya Pradesh,Indore,Indore,Wheat,2339.02
2025-06-23,Madhya Pradesh,Indore,Indore,Wheat,2133.32
2025-06-24,Madhya Pradesh,Indore,Indore,Wheat,2265.63
2025-06-25,Madhya Pradesh,Indore,Indore,Wheat,2255.75
2025-06-26,Madhya Pradesh,Indore,Indore,Wheat,2350.85
2025-06-27,Madhya Pradesh,Indore,Indore,Wheat,2459.78
2025-06-28,Madhya Pradesh,Indore,Indore,Wheat,2281.49
2025-06-29,Madhya Pradesh,Indore,Indore,Wheat,2258.02
2025-06-30,Madhya Pradesh,Indore,Indore,Wheat,1942.18
2025-07-01,Madhya Pradesh,Indore,Indore,Wheat,2290.32
2025-07-02,Madhya Pradesh,Indore,Indore,Wheat,2343.36
2025-07-03,Madhya Pradesh,Indore,Indore,Wheat,2290.33
2025-07-04,Madhya Pradesh,Indore,Indore,Wheat,2559.21
2025-07-05,Madhya Pradesh,Indore,Indore,Wheat,2533.88
2025-07-06,Madhya Pradesh,Indore,Indore,Wheat,2016.05
2025-07-07,Madhya Pradesh,Indore,Indore,Wheat,2086.18
2025-07-08,Madhya Pradesh,Indore,Indore,Wheat,2101.56
2025-07-09,Madhya Pradesh,Indore,Indore,Wheat,2154.51
2025-07-10,Madhya Pradesh,Indore,Indore,Wheat,2529.76
2025-07-11,Madhya Pradesh,Indore,Indore,Wheat,2374.98
2025-07-12,Madhya Pradesh,Indore,Indore,Wheat,2296.86
2025-07-13,Madhya Pradesh,Indore,Indore,Wheat,1922.1
2025-07-14,Madhya Pradesh,Indore,Indore,Wheat,2265.4
2025-07-15,Madhya Pradesh,Indore,Indore,Wheat,1996.32
2025-07-16,Madhya Pradesh,Indore,Indore,Wheat,2279.23
2025-07-17,Madhya Pradesh,Indore,Indore,Wheat,2398.77
2025-07-18,Madhya Pradesh,Indore,Indore,Wheat,2595.25
2025-07-19,Madhya Pradesh,Indore,Indore,Wheat,2092.2
2025-07-20,Madhya Pradesh,Indore,Indore,Wheat,1735.34
2025-07-21,Madhya Pradesh,Indore,Indore,Wheat,2162.25
2025-07-22,Madhya Pradesh,Indore,Indore,Wheat,2422.8
2025-07-23,Madhya Pradesh,Indore,Indore,Wheat,2427.91
2025-07-24,Madhya Pradesh,Indore,Indore,Wheat,2350.33
2025-07-25,Madhya Pradesh,Indore,Indore,Wheat,2252.41
2025-07-26,Madhya Pradesh,Indore,Indore,Wheat,2395.63
2025-07-27,Madhya Pradesh,Indore,Indore,Wheat,2018.83
2025-07-28,Madhya Pradesh,Indore,Indore,Wheat,2172.08
2025-07-29,Madhya Pradesh,Indore,Indore,Wheat,2193.7
2025-07-30,Madhya Pradesh,Indore,Indore,Wheat,2363.48
2025-07-31,Madhya Pradesh,Indore,Indore,Wheat,2722.03
2025-08-01,Madhya Pradesh,Indore,Indore,Wheat,2360.77
2025-08-02,Madhya Pradesh,Indore,Indore,Wheat,2154.12
2025-08-03,Madhya Pradesh,Indore,Indore,Wheat,2130.57
2025-08-04,Madhya Pradesh,Indore,Indore,Wheat,1814.62
2025-08-05,Madhya Pradesh,Indore,Indore,Wheat,1986.32
2025-08-06,Madhya Pradesh,Indore,Indore,Wheat,2106.28
2025-08-07,Madhya Pradesh,Indore,Indore,Wheat,2166.17
2025-08-08,Madhya Pradesh,Indore,Indore,Wheat,2289.23
2025-08-09,Madhya Pradesh,Indore,Indore,Wheat,2075.55
2025-08-10,Madhya Pradesh,Indore,Indore,Wheat,2269.91
2025-08-11,Madhya Pradesh,Indore,Indore,Wheat,2042.68
2025-08-12,Madhya Pradesh,Indore,Indore,Wheat,2058.17
2025-08-13,Madhya Pradesh,Indore,Indore,Wheat,2090.22
2025-08-14,Madhya Pradesh,Indore,Indore,Wheat,2243.01
2025-08-15,Madhya Pradesh,Indore,Indore,Wheat,2364.62
2025-08-16,Madhya Pradesh,Indore,Indore,Wheat,2042.03
2025-08-17,Madhya Pradesh,Indore,Indore,Wheat,1982.32
2025-08-18,Madhya Pradesh,Indore,Indore,Wheat,1974.26
2025-08-19,Madhya Pradesh,Indore,Indore,Wheat,1842.56
2025-08-20,Madhya Pradesh,Indore,Indore,Wheat,1992.29
2025-08-21,Madhya Pradesh,Indore,Indore,Wheat,2119.49
2025-08-22,Madhya Pradesh,Indore,Indore,Wheat,2344.7
2025-08-23,Madhya Pradesh,Indore,Indore,Wheat,2188.66
2025-08-24,Madhya Pradesh,Indore,Indore,Wheat,2082.64
2025-08-25,Madhya Pradesh,Indore,Indore,Wheat,2113.87
2025-08-26,Madhya Pradesh,Indore,Indore,Wheat,1993.06
2025-08-27,Madhya Pradesh,Indore,Indore,Wheat,2148.52
2025-08-28,Madhya Pradesh,Indore,Indore,Wheat,2154.49
2025-08-29,Madhya Pradesh,Indore,Indore,Wheat,2228.08
2025-08-30,Madhya Pradesh,Indore,Indore,Wheat,2041.48
2025-08-31,Madhya Pradesh,Indore,Indore,Wheat,1687.92
2025-09-01,Madhya Pradesh,Indore,Indore,Wheat,1958.17
2025-09-02,Madhya Pradesh,Indore,Indore,Wheat,2193.15
2025-09-03,Madhya Pradesh,Indore,Indore,Wheat,2207.77
2025-09-04,Madhya Pradesh,Indore,Indore,Wheat,2297.53
2025-09-05,Madhya Pradesh,Indore,Indore,Wheat,2357.62
2025-09-06,Madhya Pradesh,Indore,Indore,Wheat,2124.92
2025-09-07,Madhya Pradesh,Indore,Indore,Wheat,2048.15
2025-09-08,Madhya Pradesh,Indore,Indore,Wheat,1877.77
2025-09-09,Madhya Pradesh,Indore,Indore,Wheat,1937.05
2025-09-10,Madhya Pradesh,Indore,Indore,Wheat,2148.6
2025-09-11,Madhya Pradesh,Indore,Indore,Wheat,2318.96
2025-09-12,Madhya Pradesh,Indore,Indore,Wheat,2136.02
2025-09-13,Madhya Pradesh,Indore,Indore,Wheat,2033.87
2025-09-14,Madhya Pradesh,Indore,Indore,Wheat,2009.72
2025-09-15,Madhya Pradesh,Indore,Indore,Wheat,2035.17
2025-09-16,Madhya Pradesh,Indore,Indore,Wheat,1772.5
2025-09-17,Madhya Pradesh,Indore,Indore,Wheat,1721.38
2025-09-18,Madhya Pradesh,Indore,Indore,Wheat,2048.26
2025-09-19,Madhya Pradesh,Indore,Indore,Wheat,1965.7
2025-09-20,Madhya Pradesh,Indore,Indore,Wheat,2018.81
2025-09-21,Madhya Pradesh,Indore,Indore,Wheat,1983.12
2025-09-22,Madhya Pradesh,Indore,Indore,Wheat,1886.22
2025-09-23,Madhya Pradesh,Indore,Indore,Wheat,2167.52
2025-09-24,Madhya Pradesh,Indore,Indore,Wheat,2094.13
2025-09-25,Madhya Pradesh,Indore,Indore,Wheat,2171.95
2025-09-26,Madhya Pradesh,Indore,Indore,Wheat,2240.48
2025-09-27,Madhya Pradesh,Indore,Indore,Wheat,1924.94
2025-09-28,Madhya Pradesh,Indore,Indore,Wheat,2148.75
2025-09-29,Madhya Pradesh,Indore,Indore,Wheat,1937.62
2025-09-30,Madhya Pradesh,Indore,Indore,Wheat,2060.49
2025-10-01,Madhya Pradesh,Indore,Indore,Wheat,1894.99
2025-10-02,Madhya Pradesh,Indore,Indore,Wheat,1897.84
2025-10-03,Madhya Pradesh,Indore,Indore,Wheat,2273.1
2025-10-04,Madhya Pradesh,Indore,Indore,Wheat,2150.62
2025-10-05,Madhya Pradesh,Indore,Indore,Wheat,1880.6
2025-10-06,Madhya Pradesh,Indore,Indore,Wheat,1833.96
2025-10-07,Madhya Pradesh,Indore,Indore,Wheat,2129.28
2025-10-08,Madhya Pradesh,Indore,Indore,Wheat,1884.23
2025-10-09,Madhya Pradesh,Indore,Indore,Wheat,2382.88
2025-10-10,Madhya Pradesh,Indore,Indore,Wheat,2022.47
2025-10-11,Madhya Pradesh,Indore,Indore,Wheat,2198.54
2025-10-12,Madhya Pradesh,Indore,Indore,Wheat,1970.4
2025-10-13,Madhya Pradesh,Indore,Indore,Wheat,2045.61
2025-10-14,Madhya Pradesh,Indore,Indore,Wheat,1908.91
2025-10-15,Madhya Pradesh,Indore,Indore,Wheat,2043.69
2025-10-16,Madhya Pradesh,Indore,Indore,Wheat,2156.42
2025-10-17,Madhya Pradesh,Indore,Indore,Wheat,2020.17
2025-10-18,Madhya Pradesh,Indore,Indore,Wheat,2228.81
2025-10-19,Madhya Pradesh,Indore,Indore,Wheat,1958.35
2025-10-20,Madhya Pradesh,Indore,Indore,Wheat,1945.93
2025-10-21,Madhya Pradesh,Indore,Indore,Wheat,1860.97
2025-10-22,Madhya Pradesh,Indore,Indore,Wheat,1710.46
2025-10-23,Madhya Pradesh,Indore,Indore,Wheat,2139.76
2025-10-24,Madhya Pradesh,Indore,Indore,Wheat,2562.2
2025-10-25,Madhya Pradesh,Indore,Indore,Wheat,2256.04
2025-10-26,Madhya Pradesh,Indore,Indore,Wheat,2048.09
2025-10-27,Madhya Pradesh,Indore,Indore,Wheat,1960.49
2025-10-28,Madhya Pradesh,Indore,Indore,Wheat,2023.92
2025-10-29,Madhya Pradesh,Indore,Indore,Wheat,2187.08
2025-10-30,Madhya Pradesh,Indore,Indore,Wheat,2011.22
2025-10-31,Madhya Pradesh,Indore,Indore,Wheat,2389.55
2025-11-01,Madhya Pradesh,Indore,Indore,Wheat,2271.63
2025-11-02,Madhya Pradesh,Indore,Indore,Wheat,2179.51
2025-11-03,Madhya Pradesh,Indore,Indore,Wheat,2083.6
2025-11-04,Madhya Pradesh,Indore,Indore,Wheat,2048.76
2025-11-05,Madhya Pradesh,Indore,Indore,Wheat,2233.78
2025-11-06,Madhya Pradesh,Indore,Indore,Wheat,2313.1
2025-11-07,Madhya Pradesh,Indore,Indore,Wheat,2190.57
2025-11-08,Madhya Pradesh,Indore,Indore,Wheat,2104.75
2025-11-09,Madhya Pradesh,Indore,Indore,Wheat,2119.07
2025-11-10,Madhya Pradesh,Indore,Indore,Wheat,2272.55
2025-11-11,Madhya Pradesh,Indore,Indore,Wheat,1895.51
2025-11-12,Madhya Pradesh,Indore,Indore,Wheat,1942.35
2025-11-13,Madhya Pradesh,Indore,Indore,Wheat,2280.37
2025-11-14,Madhya Pradesh,Indore,Indore,Wheat,2288.6
2025-11-15,Madhya Pradesh,Indore,Indore,Wheat,2253.78
2025-11-16,Madhya Pradesh,Indore,Indore,Wheat,2173.67
2025-11-17,Madhya Pradesh,Indore,Indore,Wheat,2050.44
2025-11-18,Madhya Pradesh,Indore,Indore,Wheat,2329.13
2025-11-19,Madhya Pradesh,Indore,Indore,Wheat,1953.72
2025-11-20,Madhya Pradesh,Indore,Indore,Wheat,2158.99
2025-11-21,Madhya Pradesh,Indore,Indore,Wheat,2302.18
2025-11-22,Madhya Pradesh,Indore,Indore,Wheat,2004.29
2025-11-23,Madhya Pradesh,Indore,Indore,Wheat,2147.35
2025-11-24,Madhya Pradesh,Indore,Indore,Wheat,2365.9
2025-11-25,Madhya Pradesh,Indore,Indore,Wheat,2149.59
2025-11-26,Madhya Pradesh,Indore,Indore,Wheat,2275.76
2025-11-27,Madhya Pradesh,Indore,Indore,Wheat,2127.45
2025-11-28,Madhya Pradesh,Indore,Indore,Wheat,2259.32
2025-11-29,Madhya Pradesh,Indore,Indore,Wheat,2245.87
2025-11-30,Madhya Pradesh,Indore,Indore,Wheat,2165.2
2025-12-01,Madhya Pradesh,Indore,Indore,Wheat,2352.76
2025-12-02,Madhya Pradesh,Indore,Indore,Wheat,2272.3
2025-12-03,Madhya Pradesh,Indore,Indore,Wheat,2104.6
2025-12-04,Madhya Pradesh,Indore,Indore,Wheat,2418.97
2025-12-05,Madhya Pradesh,Indore,Indore,Wheat,2490.65
2025-12-06,Madhya Pradesh,Indore,Indore,Wheat,2538.84
2025-12-07,Madhya Pradesh,Indore,Indore,Wheat,2507.46
2025-12-08,Madhya Pradesh,Indore,Indore,Wheat,2045.03
2025-12-09,Madhya Pradesh,Indore,Indore,Wheat,2103.53
2025-12-10,Madhya Pradesh,Indore,Indore,Wheat,2122.57
2025-12-11,Madhya Pradesh,Indore,Indore,Wheat,2385.63
2025-12-12,Madhya Pradesh,Indore,Indore,Wheat,2535.07
2025-12-13,Madhya Pradesh,Indore,Indore,Wheat,2564.26
2025-12-14,Madhya Pradesh,Indore,Indore,Wheat,2291.02
2025-12-15,Madhya Pradesh,Indore,Indore,Wheat,2195.78
2025-12-16,Madhya Pradesh,Indore,Indore,Wheat,2299.62
2025-12-17,Madhya Pradesh,Indore,Indore,Wheat,2236.07
2025-12-18,Madhya Pradesh,Indore,Indore,Wheat,2836.95
2025-12-19,Madhya Pradesh,Indore,Indore,Wheat,2223.3
2025-12-20,Madhya Pradesh,Indore,Indore,Wheat,2479.39
2025-12-21,Madhya Pradesh,Indore,Indore,Wheat,2683.62
2025-12-22,Madhya Pradesh,Indore,Indore,Wheat,2293.42
2025-12-23,Madhya Pradesh,Indore,Indore,Wheat,2291.48
2025-12-24,Madhya Pradesh,Indore,Indore,Wheat,2363.28
2025-12-25,Madhya Pradesh,Indore,Indore,Wheat,2494.16
2025-12-26,Madhya Pradesh,Indore,Indore,Wheat,2802.71
2025-12-27,Madhya Pradesh,Indore,Indore,Wheat,2111.49
2025-12-28,Madhya Pradesh,Indore,Indore,Wheat,2656.72
2025-12-29,Madhya Pradesh,Indore,Indore,Wheat,2106.44
2025-12-30,Madhya Pradesh,Indore,Indore,Wheat,2326.04
2025-12-31,Madhya Pradesh,Indore,Indore,Wheat,2399.54
2026-01-01,Madhya Pradesh,Indore,Indore,Wheat,2684.25
2026-01-02,Madhya Pradesh,Indore,Indore,Wheat,2317.6
2026-01-03,Madhya Pradesh,Indore,Indore,Wheat,2632.03
2026-01-04,Madhya Pradesh,Indore,Indore,Wheat,2795.22
2026-01-05,Madhya Pradesh,Indore,Indore,Wheat,2159.61
2026-01-06,Madhya Pradesh,Indore,Indore,Wheat,2450.67
2026-01-07,Madhya Pradesh,Indore,Indore,Wheat,2407.15
2026-01-08,Madhya Pradesh,Indore,Indore,Wheat,2708.64
2026-01-09,Madhya Pradesh,Indore,Indore,Wheat,2665.73
2026-01-10,Madhya Pradesh,Indore,Indore,Wheat,2484.01
2026-01-11,Madhya Pradesh,Indore,Indore,Wheat,2582.6
2026-01-12,Madhya Pradesh,Indore,Indore,Wheat,2742.58
2026-01-13,Madhya Pradesh,Indore,Indore,Wheat,2433.6
2026-01-14,Madhya Pradesh,Indore,Indore,Wheat,2703.67
2026-01-15,Madhya Pradesh,Indore,Indore,Wheat,2439.14
2026-01-16,Madhya Pradesh,Indore,Indore,Wheat,2532.51
2026-01-17,Madhya Pradesh,Indore,Indore,Wheat,2739.06
2026-01-18,Madhya Pradesh,Indore,Indore,Wheat,2810.08
2026-01-19,Madhya Pradesh,Indore,Indore,Wheat,2543.62
2026-01-20,Madhya Pradesh,Indore,Indore,Wheat,2458.6
2026-01-21,Madhya Pradesh,Indore,Indore,Wheat,2622.71
2026-01-22,Madhya Pradesh,Indore,Indore,Wheat,2493.33
2026-01-23,Madhya Pradesh,Indore,Indore,Wheat,2882.05
2026-01-24,Madhya Pradesh,Indore,Indore,Wheat,2867.46
2026-01-25,Madhya Pradesh,Indore,Indore,Wheat,2510.52
2026-01-26,Madhya Pradesh,Indore,Indore,Wheat,2444.1
2026-01-27,Madhya Pradesh,Indore,Indore,Wheat,2606.95
2026-01-28,Madhya Pradesh,Indore,Indore,Wheat,2588.43
2026-01-29,Madhya Pradesh,Indore,Indore,Wheat,2768.38
2026-01-30,Madhya Pradesh,Indore,Indore,Wheat,3227.54
2026-01-31,Madhya Pradesh,Indore,Indore,Wheat,2700.46
2026-02-01,Madhya Pradesh,Indore,Indore,Wheat,2571.4
2026-02-02,Madhya Pradesh,Indore,Indore,Wheat,2454.16
2026-02-03,Madhya Pradesh,Indore,Indore,Wheat,2738.44
2026-02-04,Madhya Pradesh,Indore,Indore,Wheat,2680.55
2026-02-05,Madhya Pradesh,Indore,Indore,Wheat,2699.04
2026-02-06,Madhya Pradesh,Indore,Indore,Wheat,3124.83
2026-02-07,Madhya Pradesh,Indore,Indore,Wheat,3070.23
2026-02-08,Madhya Pradesh,Indore,Indore,Wheat,2567.36
2026-02-09,Madhya Pradesh,Indore,Indore,Wheat,2270.33
2026-02-10,Madhya Pradesh,Indore,Indore,Wheat,2830.17
2026-02-11,Madhya Pradesh,Indore,Indore,Wheat,2624.95
2026-02-12,Madhya Pradesh,Indore,Indore,Wheat,3029.72
2026-02-13,Madhya Pradesh,Indore,Indore,Wheat,2503.05
2026-02-14,Madhya Pradesh,Indore,Indore,Wheat,3011.39
2026-02-15,Madhya Pradesh,Indore,Indore,Wheat,2488.79
2026-02-16,Madhya Pradesh,Indore,Indore,Wheat,2784.86
2026-02-17,Madhya Pradesh,Indore,Indore,Wheat,2684.07
2026-02-18,Madhya Pradesh,Indore,Indore,Wheat,2609.09
2026-02-19,Madhya Pradesh,Indore,Indore,Wheat,2827.57
2026-02-20,Madhya Pradesh,Indore,Indore,Wheat,3084.31
2026-02-21,Madhya Pradesh,Indore,Indore,Wheat,2893.47
2026-02-22,Madhya Pradesh,Indore,Indore,Wheat,2867.78
2026-02-23,Madhya Pradesh,Indore,Indore,Wheat,3054.81
2026-02-24,Madhya Pradesh,Indore,Indore,Wheat,2418.07
2026-02-25,Madhya Pradesh,Indore,Indore,Wheat,3151.01
2026-02-26,Madhya Pradesh,Indore,Indore,Wheat,2967.56
2026-02-27,Madhya Pradesh,Indore,Indore,Wheat,2790.79
2026-02-28,Madhya Pradesh,Indore,Indore,Wheat,2635.28
2026-03-01,Madhya Pradesh,Indore,Indore,Wheat,2749.85
2026-03-02,Madhya Pradesh,Indore,Indore,Wheat,2888.81
2026-03-03,Madhya Pradesh,Indore,Indore,Wheat,2720.77
2026-03-04,Madhya Pradesh,Indore,Indore,Wheat,3163.67
2026-03-05,Madhya Pradesh,Indore,Indore,Wheat,2674.59
2026-03-06,Madhya Pradesh,Indore,Indore,Wheat,3006.18
2026-03-07,Madhya Pradesh,Indore,Indore,Wheat,2677.68
2026-03-08,Madhya Pradesh,Indore,Indore,Wheat,2885.56
2026-03-09,Madhya Pradesh,Indore,Indore,Wheat,2909.6
2026-03-10,Madhya Pradesh,Indore,Indore,Wheat,2689.07
2026-03-11,Madhya Pradesh,Indore,Indore,Wheat,2360.52
2026-03-12,Madhya Pradesh,Indore,Indore,Wheat,3044.83
2026-03-13,Madhya Pradesh,Indore,Indore,Wheat,3127.0
2026-03-14,Madhya Pradesh,Indore,Indore,Wheat,3042.84
2026-03-15,Madhya Pradesh,Indore,Indore,Wheat,3081.68
2026-03-16,Madhya Pradesh,Indore,Indore,Wheat,2553.63
2026-03-17,Madhya Pradesh,Indore,Indore,Wheat,2924.17
2026-03-18,Madhya Pradesh,Indore,Indore,Wheat,3150.16
2026-03-19,Madhya Pradesh,Indore,Indore,Wheat,2647.28
2026-03-20,Madhya Pradesh,Indore,Indore,Wheat,3122.72
2026-03-21,Madhya Pradesh,Indore,Indore,Wheat,2872.85
2026-03-22,Madhya Pradesh,Indore,Indore,Wheat,2837.35
2026-03-23,Madhya Pradesh,Indore,Indore,Wheat,2844.3
2026-03-24,Madhya Pradesh,Indore,Indore,Wheat,2711.08
2026-03-25,Madhya Pradesh,Indore,Indore,Wheat,2784.61
2026-03-26,Madhya Pradesh,Indore,Indore,Wheat,3046.21
2026-03-27,Madhya Pradesh,Indore,Indore,Wheat,2835.35
2026-03-28,Madhya Pradesh,Indore,Indore,Wheat,2763.95
2026-03-29,Madhya Pradesh,Indore,Indore,Wheat,3001.96
2026-03-30,Madhya Pradesh,Indore,Indore,Wheat,2563.51
2026-03-31,Madhya Pradesh,Indore,Indore,Wheat,2948.52
2026-04-01,Madhya Pradesh,Indore,Indore,Wheat,3027.78
2026-04-02,Madhya Pradesh,Indore,Indore,Wheat,2680.2
2026-04-03,Madhya Pradesh,Indore,Indore,Wheat,2931.72
2026-04-04,Madhya Pradesh,Indore,Indore,Wheat,3249.75
2026-04-05,Madhya Pradesh,Indore,Indore,Wheat,2675.05
2026-04-06,Madhya Pradesh,Indore,Indore,Wheat,2702.58
2026-04-07,Madhya Pradesh,Indore,Indore,Wheat,2913.41
2026-04-08,Madhya Pradesh,Indore,Indore,Wheat,3098.29
2026-04-09,Madhya Pradesh,Indore,Indore,Wheat,2998.49
2026-04-10,Madhya Pradesh,Indore,Indore,Wheat,2951.8
2026-04-11,Madhya Pradesh,Indore,Indore,Wheat,3299.95
2026-04-12,Madhya Pradesh,Indore,Indore,Wheat,3223.3
2026-04-13,Madhya Pradesh,Indore,Indore,Wheat,2985.24
2026-04-14,Madhya Pradesh,Indore,Indore,Wheat,2838.64
2026-04-15,Madhya Pradesh,Indore,Indore,Wheat,2769.96
2026-04-16,Madhya Pradesh,Indore,Indore,Wheat,2872.91
2026-04-17,Madhya Pradesh,Indore,Indore,Wheat,3190.38
2026-04-18,Madhya Pradesh,Indore,Indore,Wheat,3085.35
2026-04-19,Madhya Pradesh,Indore,Indore,Wheat,3150.85
2026-04-20,Madhya Pradesh,Indore,Indore,Wheat,2915.97
2026-04-21,Madhya Pradesh,Indore,Indore,Wheat,2519.87
2026-04-22,Madhya Pradesh,Indore,Indore,Wheat,3145.18
2026-04-23,Madhya Pradesh,Indore,Indore,Wheat,2829.98
2026-04-24,Madhya Pradesh,Indore,Indore,Wheat,2986.75
2026-04-25,Madhya Pradesh,Indore,Indore,Wheat,3040.78
2026-04-26,Madhya Pradesh,Indore,Indore,Wheat,3259.37
2026-04-27,Madhya Pradesh,Indore,Indore,Wheat,3384.03
2026-04-28,Madhya Pradesh,Indore,Indore,Wheat,2924.56
2026-04-29,Madhya Pradesh,Indore,Indore,Wheat,2880.1
2026-04-30,Madhya Pradesh,Indore,Indore,Wheat,3142.69
2026-05-01,Madhya Pradesh,Indore,Indore,Wheat,3244.99
2026-05-02,Madhya Pradesh,Indore,Indore,Wheat,2907.21
2026-05-03,Madhya Pradesh,Indore,Indore,Wheat,3202.83
2026-05-04,Madhya Pradesh,Indore,Indore,Wheat,2808.71
2026-05-05,Madhya Pradesh,Indore,Indore,Wheat,2886.91
2026-05-06,Madhya Pradesh,Indore,Indore,Wheat,3035.67
2026-05-07,Madhya Pradesh,Indore,Indore,Wheat,3099.76
2026-05-08,Madhya Pradesh,Indore,Indore,Wheat,3214.08
2026-05-09,Madhya Pradesh,Indore,Indore,Wheat,2826.75
2026-05-10,Madhya Pradesh,Indore,Indore,Wheat,2715.44
2026-05-11,Madhya Pradesh,Indore,Indore,Wheat,2533.31
2026-05-12,Madhya Pradesh,Indore,Indore,Wheat,2854.56
2026-05-13,Madhya Pradesh,Indore,Indore,Wheat,3035.58
2026-05-14,Madhya Pradesh,Indore,Indore,Wheat,3083.26
2026-05-15,Madhya Pradesh,Indore,Indore,Wheat,3364.53
2026-05-16,Madhya Pradesh,Indore,Indore,Wheat,2928.95
2026-05-17,Madhya Pradesh,Indore,Indore,Wheat,2933.16
2026-05-18,Madhya Pradesh,Indore,Indore,Wheat,2512.94
2026-05-19,Madhya Pradesh,Indore,Indore,Wheat,2670.34
2026-05-20,Madhya Pradesh,Indore,Indore,Wheat,2991.24
2026-05-21,Madhya Pradesh,Indore,Indore,Wheat,3135.53
2026-05-22,Madhya Pradesh,Indore,Indore,Wheat,2921.37
2026-05-23,Madhya Pradesh,Indore,Indore,Wheat,2886.93
2026-05-24,Madhya Pradesh,Indore,Indore,Wheat,2479.29
2026-05-25,Madhya Pradesh,Indore,Indore,Wheat,2625.83
2026-05-26,Madhya Pradesh,Indore,Indore,Wheat,2885.47
2026-05-27,Madhya Pradesh,Indore,Indore,Wheat,2935.76
2026-05-28,Madhya Pradesh,Indore,Indore,Wheat,3030.26
2026-05-29,Madhya Pradesh,Indore,Indore,Wheat,2960.22
2026-05-30,Madhya Pradesh,Indore,Indore,Wheat,2870.42
2026-05-31,Madhya Pradesh,Indore,Indore,Wheat,2615.68
2026-06-01,Madhya Pradesh,Indore,Indore,Wheat,2792.18
2026-06-02,Madhya Pradesh,Indore,Indore,Wheat,2763.33
2026-06-03,Madhya Pradesh,Indore,Indore,Wheat,2884.46
2026-06-04,Madhya Pradesh,Indore,Indore,Wheat,2785.67
2026-06-05,Madhya Pradesh,Indore,Indore,Wheat,2474.47
2026-06-06,Madhya Pradesh,Indore,Indore,Wheat,3050.8
2026-06-07,Madhya Pradesh,Indore,Indore,Wheat,2617.01
2026-06-08,Madhya Pradesh,Indore,Indore,Wheat,2469.15
2026-06-09,Madhya Pradesh,Indore,Indore,Wheat,2778.01
2026-06-10,Madhya Pradesh,Indore,Indore,Wheat,2676.29
2026-06-11,Madhya Pradesh,Indore,Indore,Wheat,3065.45
2026-06-12,Madhya Pradesh,Indore,Indore,Wheat,2998.64
2026-06-13,Madhya Pradesh,Indore,Indore,Wheat,2928.42
2026-06-14,Madhya Pradesh,Indore,Indore,Wheat,2415.21
2026-06-15,Madhya Pradesh,Indore,Indore,Wheat,2811.23
2026-06-16,Madhya Pradesh,Indore,Indore,Wheat,2660.03
2026-06-17,Madhya Pradesh,Indore,Indore,Wheat,2642.73
2026-06-18,Madhya Pradesh,Indore,Indore,Wheat,2841.19
2026-06-19,Madhya Pradesh,Indore,Indore,Wheat,2480.81
2026-06-20,Madhya Pradesh,Indore,Indore,Wheat,2832.87
2026-06-21,Madhya Pradesh,Indore,Indore,Wheat,2441.83
2026-06-22,Madhya Pradesh,Indore,Indore,Wheat,2311.38
2026-06-23,Madhya Pradesh,Indore,Indore,Wheat,2299.18
2026-06-24,Madhya Pradesh,Indore,Indore,Wheat,2880.35
2026-06-25,Madhya Pradesh,Indore,Indore,Wheat,2648.51
2026-06-26,Madhya Pradesh,Indore,Indore,Wheat,3089.62
2026-06-27,Madhya Pradesh,Indore,Indore,Wheat,2610.32
2026-06-28,Madhya Pradesh,Indore,Indore,Wheat,2281.38
2026-06-29,Madhya Pradesh,Indore,Indore,Wheat,2317.26
2026-06-30,Madhya Pradesh,Indore,Indore,Wheat,2752.65
2026-07-01,Madhya Pradesh,Indore,Indore,Wheat,2601.86
2026-07-02,Madhya Pradesh,Indore,Indore,Wheat,2622.5
2026-07-03,Madhya Pradesh,Indore,Indore,Wheat,2776.98
2026-07-04,Madhya Pradesh,Indore,Indore,Wheat,2763.01
2026-07-05,Madhya Pradesh,Indore,Indore,Wheat,2749.48
2026-07-06,Madhya Pradesh,Indore,Indore,Wheat,2724.63
2026-07-07,Madhya Pradesh,Indore,Indore,Wheat,2430.36
2026-07-08,Madhya Pradesh,Indore,Indore,Wheat,2348.29
2026-07-09,Madhya Pradesh,Indore,Indore,Wheat,2605.88
2026-07-10,Madhya Pradesh,Indore,Indore,Wheat,2751.44
2026-07-11,Madhya Pradesh,Indore,Indore,Wheat,2449.23
2026-07-12,Madhya Pradesh,Indore,Indore,Wheat,2340.94
2026-07-13,Madhya Pradesh,Indore,Indore,Wheat,2492.6
2026-07-14,Madhya Pradesh,Indore,Indore,Wheat,2444.68
2026-07-15,Madhya Pradesh,Indore,Indore,Wheat,2552.77
2026-07-16,Madhya Pradesh,Indore,Indore,Wheat,2500.19
2026-07-17,Madhya Pradesh,Indore,Indore,Wheat,2615.89
2026-07-18,Madhya Pradesh,Indore,Indore,Wheat,2417.04
2026-07-19,Madhya Pradesh,Indore,Indore,Wheat,2622.64
2026-07-20,Madhya Pradesh,Indore,Indore,Wheat,2568.6
2026-07-21,Madhya Pradesh,Indore,Indore,Wheat,2101.88
2026-07-22,Madhya Pradesh,Indore,Indore,Wheat,2343.24
2026-07-23,Madhya Pradesh,Indore,Indore,Wheat,2326.19
2026-07-24,Madhya Pradesh,Indore,Indore,Wheat,2497.55
2026-07-25,Madhya Pradesh,Indore,Indore,Wheat,2528.54
2026-07-26,Madhya Pradesh,Indore,Indore,Wheat,2183.36
2026-07-27,Madhya Pradesh,Indore,Indore,Wheat,2205.37
2026-07-28,Madhya Pradesh,Indore,Indore,Wheat,2209.18
2026-07-29,Madhya Pradesh,Indore,Indore,Wheat,2503.2
2026-07-30,Madhya Pradesh,Indore,Indore,Wheat,2570.69
2026-07-31,Madhya Pradesh,Indore,Indore,Wheat,2446.28
2026-08-01,Madhya Pradesh,Indore,Indore,Wheat,2535.6
2026-08-02,Madhya Pradesh,Indore,Indore,Wheat,2301.54
2026-08-03,Madhya Pradesh,Indore,Indore,Wheat,2277.87
2026-08-04,Madhya Pradesh,Indore,Indore,Wheat,2614.87
2026-08-05,Madhya Pradesh,Indore,Indore,Wheat,2658.94
2026-08-06,Madhya Pradesh,Indore,Indore,Wheat,2291.38
2026-08-07,Madhya Pradesh,Indore,Indore,Wheat,2686.41
2026-08-08,Madhya Pradesh,Indore,Indore,Wheat,2608.68
2026-08-09,Madhya Pradesh,Indore,Indore,Wheat,2169.34
2026-08-10,Madhya Pradesh,Indore,Indore,Wheat,2420.43
2026-08-11,Madhya Pradesh,Indore,Indore,Wheat,2556.44
2026-08-12,Madhya Pradesh,Indore,Indore,Wheat,2208.9
2026-08-13,Madhya Pradesh,Indore,Indore,Wheat,2326.61
2026-08-14,Madhya Pradesh,Indore,Indore,Wheat,2683.16
2026-08-15,Madhya Pradesh,Indore,Indore,Wheat,2481.95
2026-08-16,Madhya Pradesh,Indore,Indore,Wheat,2417.9
2026-08-17,Madhya Pradesh,Indore,Indore,Wheat,2313.52
2026-08-18,Madhya Pradesh,Indore,Indore,Wheat,2340.93
2026-08-19,Madhya Pradesh,Indore,Indore,Wheat,2147.45
2026-08-20,Madhya Pradesh,Indore,Indore,Wheat,2635.71
2026-08-21,Madhya Pradesh,Indore,Indore,Wheat,2677.01
2026-08-22,Madhya Pradesh,Indore,Indore,Wheat,2368.07
2026-08-23,Madhya Pradesh,Indore,Indore,Wheat,2293.88
2026-08-24,Madhya Pradesh,Indore,Indore,Wheat,1994.4
2026-08-25,Madhya Pradesh,Indore,Indore,Wheat,2334.21
2026-08-26,Madhya Pradesh,Indore,Indore,Wheat,2435.08
2026-08-27,Madhya Pradesh,Indore,Indore,Wheat,2418.8
2026-08-28,Madhya Pradesh,Indore,Indore,Wheat,2641.26
2026-08-29,Madhya Pradesh,Indore,Indore,Wheat,2326.46
2026-08-30,Madhya Pradesh,Indore,Indore,Wheat,2368.04
2026-08-31,Madhya Pradesh,Indore,Indore,Wheat,2054.31
2025-01-01,Madhya Pradesh,Indore,Indore,Soybean,1297.86
2025-01-02,Madhya Pradesh,Indore,Indore,Soybean,1338.25
2025-01-03,Madhya Pradesh,Indore,Indore,Soybean,1393.0
2025-01-04,Madhya Pradesh,Indore,Indore,Soybean,1305.23
2025-01-05,Madhya Pradesh,Indore,Indore,Soybean,1274.88
2025-01-06,Madhya Pradesh,Indore,Indore,Soybean,1327.32
2025-01-07,Madhya Pradesh,Indore,Indore,Soybean,1232.3
2025-01-08,Madhya Pradesh,Indore,Indore,Soybean,1177.48
2025-01-09,Madhya Pradesh,Indore,Indore,Soybean,1551.81
2025-01-10,Madhya Pradesh,Indore,Indore,Soybean,1534.64
2025-01-11,Madhya Pradesh,Indore,Indore,Soybean,1243.43
2025-01-12,Madhya Pradesh,Indore,Indore,Soybean,1376.12
2025-01-13,Madhya Pradesh,Indore,Indore,Soybean,1234.96
2025-01-14,Madhya Pradesh,Indore,Indore,Soybean,1320.55
2025-01-15,Madhya Pradesh,Indore,Indore,Soybean,1381.01
2025-01-16,Madhya Pradesh,Indore,Indore,Soybean,1386.79
2025-01-17,Madhya Pradesh,Indore,Indore,Soybean,1348.65
2025-01-18,Madhya Pradesh,Indore,Indore,Soybean,1326.54
2025-01-19,Madhya Pradesh,Indore,Indore,Soybean,1252.51
2025-01-20,Madhya Pradesh,Indore,Indore,Soybean,1228.87
2025-01-21,Madhya Pradesh,Indore,Indore,Soybean,1315.4
2025-01-22,Madhya Pradesh,Indore,Indore,Soybean,1309.93
2025-01-23,Madhya Pradesh,Indore,Indore,Soybean,1505.31
2025-01-24,Madhya Pradesh,Indore,Indore,Soybean,1605.21
2025-01-25,Madhya Pradesh,Indore,Indore,Soybean,1362.36
2025-01-26,Madhya Pradesh,Indore,Indore,Soybean,1386.06
2025-01-27,Madhya Pradesh,Indore,Indore,Soybean,1375.37
2025-01-28,Madhya Pradesh,Indore,Indore,Soybean,1390.23
2025-01-29,Madhya Pradesh,Indore,Indore,Soybean,1411.48
2025-01-30,Madhya Pradesh,Indore,Indore,Soybean,1538.55
2025-01-31,Madhya Pradesh,Indore,Indore,Soybean,1529.68
2025-02-01,Madhya Pradesh,Indore,Indore,Soybean,1319.86
2025-02-02,Madhya Pradesh,Indore,Indore,Soybean,1471.4
2025-02-03,Madhya Pradesh,Indore,Indore,Soybean,1435.83
2025-02-04,Madhya Pradesh,Indore,Indore,Soybean,1295.66
2025-02-05,Madhya Pradesh,Indore,Indore,Soybean,1431.58
2025-02-06,Madhya Pradesh,Indore,Indore,Soybean,1558.13
2025-02-07,Madhya Pradesh,Indore,Indore,Soybean,1482.19
2025-02-08,Madhya Pradesh,Indore,Indore,Soybean,1579.02
2025-02-09,Madhya Pradesh,Indore,Indore,Soybean,1642.67
2025-02-10,Madhya Pradesh,Indore,Indore,Soybean,1297.9
2025-02-11,Madhya Pradesh,Indore,Indore,Soybean,1255.98
2025-02-12,Madhya Pradesh,Indore,Indore,Soybean,1480.86
2025-02-13,Madhya Pradesh,Indore,Indore,Soybean,1586.13
2025-02-14,Madhya Pradesh,Indore,Indore,Soybean,1502.36
2025-02-15,Madhya Pradesh,Indore,Indore,Soybean,1642.31
2025-02-16,Madhya Pradesh,Indore,Indore,Soybean,1296.21
2025-02-17,Madhya Pradesh,Indore,Indore,Soybean,1461.0
2025-02-18,Madhya Pradesh,Indore,Indore,Soybean,1350.47
2025-02-19,Madhya Pradesh,Indore,Indore,Soybean,1647.43
2025-02-20,Madhya Pradesh,Indore,Indore,Soybean,1744.31
2025-02-21,Madhya Pradesh,Indore,Indore,Soybean,1464.8
2025-02-22,Madhya Pradesh,Indore,Indore,Soybean,1452.55
2025-02-23,Madhya Pradesh,Indore,Indore,Soybean,1536.27
2025-02-24,Madhya Pradesh,Indore,Indore,Soybean,1373.21
2025-02-25,Madhya Pradesh,Indore,Indore,Soybean,1423.68
2025-02-26,Madhya Pradesh,Indore,Indore,Soybean,1491.45
2025-02-27,Madhya Pradesh,Indore,Indore,Soybean,1341.32
2025-02-28,Madhya Pradesh,Indore,Indore,Soybean,1564.93
2025-03-01,Madhya Pradesh,Indore,Indore,Soybean,1454.64
2025-03-02,Madhya Pradesh,Indore,Indore,Soybean,1415.18
2025-03-03,Madhya Pradesh,Indore,Indore,Soybean,1571.62
2025-03-04,Madhya Pradesh,Indore,Indore,Soybean,1316.97
2025-03-05,Madhya Pradesh,Indore,Indore,Soybean,1590.52
2025-03-06,Madhya Pradesh,Indore,Indore,Soybean,1535.28
2025-03-07,Madhya Pradesh,Indore,Indore,Soybean,1551.56
2025-03-08,Madhya Pradesh,Indore,Indore,Soybean,1629.17
2025-03-09,Madhya Pradesh,Indore,Indore,Soybean,1515.33
2025-03-10,Madhya Pradesh,Indore,Indore,Soybean,1498.52
2025-03-11,Madhya Pradesh,Indore,Indore,Soybean,1556.11
2025-03-12,Madhya Pradesh,Indore,Indore,Soybean,1483.2
2025-03-13,Madhya Pradesh,Indore,Indore,Soybean,1511.86
2025-03-14,Madhya Pradesh,Indore,Indore,Soybean,1474.75
2025-03-15,Madhya Pradesh,Indore,Indore,Soybean,1466.53
2025-03-16,Madhya Pradesh,Indore,Indore,Soybean,1799.86
2025-03-17,Madhya Pradesh,Indore,Indore,Soybean,1578.57
2025-03-18,Madhya Pradesh,Indore,Indore,Soybean,1329.33
2025-03-19,Madhya Pradesh,Indore,Indore,Soybean,1387.73
2025-03-20,Madhya Pradesh,Indore,Indore,Soybean,1644.11
2025-03-21,Madhya Pradesh,Indore,Indore,Soybean,1668.12
2025-03-22,Madhya Pradesh,Indore,Indore,Soybean,1626.56
2025-03-23,Madhya Pradesh,Indore,Indore,Soybean,1474.2
2025-03-24,Madhya Pradesh,Indore,Indore,Soybean,1447.7
2025-03-25,Madhya Pradesh,Indore,Indore,Soybean,1510.23
2025-03-26,Madhya Pradesh,Indore,Indore,Soybean,1546.64
2025-03-27,Madhya Pradesh,Indore,Indore,Soybean,1350.13
2025-03-28,Madhya Pradesh,Indore,Indore,Soybean,1588.24
2025-03-29,Madhya Pradesh,Indore,Indore,Soybean,1479.62
2025-03-30,Madhya Pradesh,Indore,Indore,Soybean,1525.79
2025-03-31,Madhya Pradesh,Indore,Indore,Soybean,1772.69
2025-04-01,Madhya Pradesh,Indore,Indore,Soybean,1519.88
2025-04-02,Madhya Pradesh,Indore,Indore,Soybean,1508.76
2025-04-03,Madhya Pradesh,Indore,Indore,Soybean,1706.91
2025-04-04,Madhya Pradesh,Indore,Indore,Soybean,1673.51
2025-04-05,Madhya Pradesh,Indore,Indore,Soybean,1623.84
2025-04-06,Madhya Pradesh,Indore,Indore,Soybean,1574.96
2025-04-07,Madhya Pradesh,Indore,Indore,Soybean,1680.78
2025-04-08,Madhya Pradesh,Indore,Indore,Soybean,1366.87
2025-04-09,Madhya Pradesh,Indore,Indore,Soybean,1596.14
2025-04-10,Madhya Pradesh,Indore,Indore,Soybean,1501.3
2025-04-11,Madhya Pradesh,Indore,Indore,Soybean,1683.36
2025-04-12,Madhya Pradesh,Indore,Indore,Soybean,1477.02
2025-04-13,Madhya Pradesh,Indore,Indore,Soybean,1467.25
2025-04-14,Madhya Pradesh,Indore,Indore,Soybean,1439.12
2025-04-15,Madhya Pradesh,Indore,Indore,Soybean,1585.57
2025-04-16,Madhya Pradesh,Indore,Indore,Soybean,1643.59
2025-04-17,Madhya Pradesh,Indore,Indore,Soybean,1464.44
2025-04-18,Madhya Pradesh,Indore,Indore,Soybean,1625.07
2025-04-19,Madhya Pradesh,Indore,Indore,Soybean,1498.32
2025-04-20,Madhya Pradesh,Indore,Indore,Soybean,1376.24
2025-04-21,Madhya Pradesh,Indore,Indore,Soybean,1444.64
2025-04-22,Madhya Pradesh,Indore,Indore,Soybean,1449.24
2025-04-23,Madhya Pradesh,Indore,Indore,Soybean,1802.55
2025-04-24,Madhya Pradesh,Indore,Indore,Soybean,1648.79
2025-04-25,Madhya Pradesh,Indore,Indore,Soybean,1458.66
2025-04-26,Madhya Pradesh,Indore,Indore,Soybean,1509.69
2025-04-27,Madhya Pradesh,Indore,Indore,Soybean,1611.75
2025-04-28,Madhya Pradesh,Indore,Indore,Soybean,1675.39
2025-04-29,Madhya Pradesh,Indore,Indore,Soybean,1311.75
2025-04-30,Madhya Pradesh,Indore,Indore,Soybean,1332.59
2025-05-01,Madhya Pradesh,Indore,Indore,Soybean,1802.03
2025-05-02,Madhya Pradesh,Indore,Indore,Soybean,1650.75
2025-05-03,Madhya Pradesh,Indore,Indore,Soybean,1469.15
2025-05-04,Madhya Pradesh,Indore,Indore,Soybean,1552.55
2025-05-05,Madhya Pradesh,Indore,Indore,Soybean,1185.65
2025-05-06,Madhya Pradesh,Indore,Indore,Soybean,1467.67
2025-05-07,Madhya Pradesh,Indore,Indore,Soybean,1560.58
2025-05-08,Madhya Pradesh,Indore,Indore,Soybean,1686.13
2025-05-09,Madhya Pradesh,Indore,Indore,Soybean,1483.44
2025-05-10,Madhya Pradesh,Indore,Indore,Soybean,1563.28
2025-05-11,Madhya Pradesh,Indore,Indore,Soybean,1390.08
2025-05-12,Madhya Pradesh,Indore,Indore,Soybean,1469.46
2025-05-13,Madhya Pradesh,Indore,Indore,Soybean,1365.35
2025-05-14,Madhya Pradesh,Indore,Indore,Soybean,1470.86
2025-05-15,Madhya Pradesh,Indore,Indore,Soybean,1461.87
2025-05-16,Madhya Pradesh,Indore,Indore,Soybean,1656.24
2025-05-17,Madhya Pradesh,Indore,Indore,Soybean,1633.83
2025-05-18,Madhya Pradesh,Indore,Indore,Soybean,1449.63
2025-05-19,Madhya Pradesh,Indore,Indore,Soybean,1435.0
2025-05-20,Madhya Pradesh,Indore,Indore,Soybean,1297.33
2025-05-21,Madhya Pradesh,Indore,Indore,Soybean,1468.88
2025-05-22,Madhya Pradesh,Indore,Indore,Soybean,1551.31
2025-05-23,Madhya Pradesh,Indore,Indore,Soybean,1856.79
2025-05-24,Madhya Pradesh,Indore,Indore,Soybean,1407.42
2025-05-25,Madhya Pradesh,Indore,Indore,Soybean,1608.75
2025-05-26,Madhya Pradesh,Indore,Indore,Soybean,1515.5
2025-05-27,Madhya Pradesh,Indore,Indore,Soybean,1456.85
2025-05-28,Madhya Pradesh,Indore,Indore,Soybean,1667.28
2025-05-29,Madhya Pradesh,Indore,Indore,Soybean,1580.16
2025-05-30,Madhya Pradesh,Indore,Indore,Soybean,1594.06
2025-05-31,Madhya Pradesh,Indore,Indore,Soybean,1503.61
2025-06-01,Madhya Pradesh,Indore,Indore,Soybean,1566.23
2025-06-02,Madhya Pradesh,Indore,Indore,Soybean,1507.82
2025-06-03,Madhya Pradesh,Indore,Indore,Soybean,1350.23
2025-06-04,Madhya Pradesh,Indore,Indore,Soybean,1331.43
2025-06-05,Madhya Pradesh,Indore,Indore,Soybean,1499.87
2025-06-06,Madhya Pradesh,Indore,Indore,Soybean,1446.98
2025-06-07,Madhya Pradesh,Indore,Indore,Soybean,1483.89
2025-06-08,Madhya Pradesh,Indore,Indore,Soybean,1547.93
2025-06-09,Madhya Pradesh,Indore,Indore,Soybean,1338.26
2025-06-10,Madhya Pradesh,Indore,Indore,Soybean,1389.69
2025-06-11,Madhya Pradesh,Indore,Indore,Soybean,1453.64
2025-06-12,Madhya Pradesh,Indore,Indore,Soybean,1590.58
2025-06-13,Madhya Pradesh,Indore,Indore,Soybean,1274.49
2025-06-14,Madhya Pradesh,Indore,Indore,Soybean,1407.96
2025-06-15,Madhya Pradesh,Indore,Indore,Soybean,1425.9
2025-06-16,Madhya Pradesh,Indore,Indore,Soybean,1478.02
2025-06-17,Madhya Pradesh,Indore,Indore,Soybean,1327.16
2025-06-18,Madhya Pradesh,Indore,Indore,Soybean,1239.93
2025-06-19,Madhya Pradesh,Indore,Indore,Soybean,1544.35
2025-06-20,Madhya Pradesh,Indore,Indore,Soybean,1424.45
2025-06-21,Madhya Pradesh,Indore,Indore,Soybean,1328.54
2025-06-22,Madhya Pradesh,Indore,Indore,Soybean,1324.2
2025-06-23,Madhya Pradesh,Indore,Indore,Soybean,1326.18
2025-06-24,Madhya Pradesh,Indore,Indore,Soybean,1296.91
2025-06-25,Madhya Pradesh,Indore,Indore,Soybean,1189.16
2025-06-26,Madhya Pradesh,Indore,Indore,Soybean,1549.61
2025-06-27,Madhya Pradesh,Indore,Indore,Soybean,1599.4
2025-06-28,Madhya Pradesh,Indore,Indore,Soybean,1492.42
2025-06-29,Madhya Pradesh,Indore,Indore,Soybean,1255.08
2025-06-30,Madhya Pradesh,Indore,Indore,Soybean,1304.36
2025-07-01,Madhya Pradesh,Indore,Indore,Soybean,1332.85
2025-07-02,Madhya Pradesh,Indore,Indore,Soybean,1442.63
2025-07-03,Madhya Pradesh,Indore,Indore,Soybean,1502.64
2025-07-04,Madhya Pradesh,Indore,Indore,Soybean,1371.26
2025-07-05,Madhya Pradesh,Indore,Indore,Soybean,1413.14
2025-07-06,Madhya Pradesh,Indore,Indore,Soybean,1385.33
2025-07-07,Madhya Pradesh,Indore,Indore,Soybean,1434.98
2025-07-08,Madhya Pradesh,Indore,Indore,Soybean,1377.22
2025-07-09,Madhya Pradesh,Indore,Indore,Soybean,1438.05
2025-07-10,Madhya Pradesh,Indore,Indore,Soybean,1421.12
2025-07-11,Madhya Pradesh,Indore,Indore,Soybean,1563.17
2025-07-12,Madhya Pradesh,Indore,Indore,Soybean,1422.51
2025-07-13,Madhya Pradesh,Indore,Indore,Soybean,1241.47
2025-07-14,Madhya Pradesh,Indore,Indore,Soybean,1407.54
2025-07-15,Madhya Pradesh,Indore,Indore,Soybean,1354.8
2025-07-16,Madhya Pradesh,Indore,Indore,Soybean,1299.6
2025-07-17,Madhya Pradesh,Indore,Indore,Soybean,1343.78
2025-07-18,Madhya Pradesh,Indore,Indore,Soybean,1429.26
2025-07-19,Madhya Pradesh,Indore,Indore,Soybean,1405.12
2025-07-20,Madhya Pradesh,Indore,Indore,Soybean,1318.21
2025-07-21,Madhya Pradesh,Indore,Indore,Soybean,1288.95
2025-07-22,Madhya Pradesh,Indore,Indore,Soybean,1422.7
2025-07-23,Madhya Pradesh,Indore,Indore,Soybean,1419.21
2025-07-24,Madhya Pradesh,Indore,Indore,Soybean,1387.01
2025-07-25,Madhya Pradesh,Indore,Indore,Soybean,1469.23
2025-07-26,Madhya Pradesh,Indore,Indore,Soybean,1243.05
2025-07-27,Madhya Pradesh,Indore,Indore,Soybean,1315.85
2025-07-28,Madhya Pradesh,Indore,Indore,Soybean,1399.39
2025-07-29,Madhya Pradesh,Indore,Indore,Soybean,1232.87
2025-07-30,Madhya Pradesh,Indore,Indore,Soybean,1222.97
2025-07-31,Madhya Pradesh,Indore,Indore,Soybean,1286.53
2025-08-01,Madhya Pradesh,Indore,Indore,Soybean,1254.15
2025-08-02,Madhya Pradesh,Indore,Indore,Soybean,1247.41
2025-08-03,Madhya Pradesh,Indore,Indore,Soybean,1228.52
2025-08-04,Madhya Pradesh,Indore,Indore,Soybean,1103.42
2025-08-05,Madhya Pradesh,Indore,Indore,Soybean,1235.08
2025-08-06,Madhya Pradesh,Indore,Indore,Soybean,1362.26
2025-08-07,Madhya Pradesh,Indore,Indore,Soybean,1244.32
2025-08-08,Madhya Pradesh,Indore,Indore,Soybean,1480.8
2025-08-09,Madhya Pradesh,Indore,Indore,Soybean,1347.91
2025-08-10,Madhya Pradesh,Indore,Indore,Soybean,1333.44
2025-08-11,Madhya Pradesh,Indore,Indore,Soybean,1151.44
2025-08-12,Madhya Pradesh,Indore,Indore,Soybean,1289.78
2025-08-13,Madhya Pradesh,Indore,Indore,Soybean,1167.52
2025-08-14,Madhya Pradesh,Indore,Indore,Soybean,1392.88
2025-08-15,Madhya Pradesh,Indore,Indore,Soybean,1336.87
2025-08-16,Madhya Pradesh,Indore,Indore,Soybean,1334.38
2025-08-17,Madhya Pradesh,Indore,Indore,Soybean,1126.89
2025-08-18,Madhya Pradesh,Indore,Indore,Soybean,1117.27
2025-08-19,Madhya Pradesh,Indore,Indore,Soybean,1252.29
2025-08-20,Madhya Pradesh,Indore,Indore,Soybean,1165.97
2025-08-21,Madhya Pradesh,Indore,Indore,Soybean,1337.62
2025-08-22,Madhya Pradesh,Indore,Indore,Soybean,1180.65
2025-08-23,Madhya Pradesh,Indore,Indore,Soybean,1345.36
2025-08-24,Madhya Pradesh,Indore,Indore,Soybean,1109.44
2025-08-25,Madhya Pradesh,Indore,Indore,Soybean,1224.47
2025-08-26,Madhya Pradesh,Indore,Indore,Soybean,1241.23
2025-08-27,Madhya Pradesh,Indore,Indore,Soybean,1175.53
2025-08-28,Madhya Pradesh,Indore,Indore,Soybean,1334.62
2025-08-29,Madhya Pradesh,Indore,Indore,Soybean,1316.15
2025-08-30,Madhya Pradesh,Indore,Indore,Soybean,1210.2
2025-08-31,Madhya Pradesh,Indore,Indore,Soybean,1117.82
2025-09-01,Madhya Pradesh,Indore,Indore,Soybean,1007.6
2025-09-02,Madhya Pradesh,Indore,Indore,Soybean,1207.42
2025-09-03,Madhya Pradesh,Indore,Indore,Soybean,1090.96
2025-09-04,Madhya Pradesh,Indore,Indore,Soybean,1280.18
2025-09-05,Madhya Pradesh,Indore,Indore,Soybean,1258.55
2025-09-06,Madhya Pradesh,Indore,Indore,Soybean,1307.22
2025-09-07,Madhya Pradesh,Indore,Indore,Soybean,1168.54
2025-09-08,Madhya Pradesh,Indore,Indore,Soybean,1132.99
2025-09-09,Madhya Pradesh,Indore,Indore,Soybean,1230.48
2025-09-10,Madhya Pradesh,Indore,Indore,Soybean,1245.71
2025-09-11,Madhya Pradesh,Indore,Indore,Soybean,1291.76
2025-09-12,Madhya Pradesh,Indore,Indore,Soybean,1316.5
2025-09-13,Madhya Pradesh,Indore,Indore,Soybean,1107.55
2025-09-14,Madhya Pradesh,Indore,Indore,Soybean,1250.42
2025-09-15,Madhya Pradesh,Indore,Indore,Soybean,1203.51
2025-09-16,Madhya Pradesh,Indore,Indore,Soybean,1082.23
2025-09-17,Madhya Pradesh,Indore,Indore,Soybean,1191.28
2025-09-18,Madhya Pradesh,Indore,Indore,Soybean,1255.38
2025-09-19,Madhya Pradesh,Indore,Indore,Soybean,1258.12
2025-09-20,Madhya Pradesh,Indore,Indore,Soybean,1265.84
2025-09-21,Madhya Pradesh,Indore,Indore,Soybean,1302.73
2025-09-22,Madhya Pradesh,Indore,Indore,Soybean,1238.27
2025-09-23,Madhya Pradesh,Indore,Indore,Soybean,1055.81
2025-09-24,Madhya Pradesh,Indore,Indore,Soybean,1262.45
2025-09-25,Madhya Pradesh,Indore,Indore,Soybean,1373.92
2025-09-26,Madhya Pradesh,Indore,Indore,Soybean,1303.01
2025-09-27,Madhya Pradesh,Indore,Indore,Soybean,1330.38
2025-09-28,Madhya Pradesh,Indore,Indore,Soybean,1350.34
2025-09-29,Madhya Pradesh,Indore,Indore,Soybean,1233.55
2025-09-30,Madhya Pradesh,Indore,Indore,Soybean,1183.28
2025-10-01,Madhya Pradesh,Indore,Indore,Soybean,1299.16
2025-10-02,Madhya Pradesh,Indore,Indore,Soybean,1271.07
2025-10-03,Madhya Pradesh,Indore,Indore,Soybean,1272.58
2025-10-04,Madhya Pradesh,Indore,Indore,Soybean,1207.74
2025-10-05,Madhya Pradesh,Indore,Indore,Soybean,1315.97
2025-10-06,Madhya Pradesh,Indore,Indore,Soybean,1087.85
2025-10-07,Madhya Pradesh,Indore,Indore,Soybean,1291.44
2025-10-08,Madhya Pradesh,Indore,Indore,Soybean,1257.02
2025-10-09,Madhya Pradesh,Indore,Indore,Soybean,1139.15
2025-10-10,Madhya Pradesh,Indore,Indore,Soybean,1308.33
2025-10-11,Madhya Pradesh,Indore,Indore,Soybean,1060.76
2025-10-12,Madhya Pradesh,Indore,Indore,Soybean,1243.92
2025-10-13,Madhya Pradesh,Indore,Indore,Soybean,1231.67
2025-10-14,Madhya Pradesh,Indore,Indore,Soybean,1124.03
2025-10-15,Madhya Pradesh,Indore,Indore,Soybean,1232.12
2025-10-16,Madhya Pradesh,Indore,Indore,Soybean,1444.42
2025-10-17,Madhya Pradesh,Indore,Indore,Soybean,1238.35
2025-10-18,Madhya Pradesh,Indore,Indore,Soybean,1159.28
2025-10-19,Madhya Pradesh,Indore,Indore,Soybean,1324.82
2025-10-20,Madhya Pradesh,Indore,Indore,Soybean,1329.11
2025-10-21,Madhya Pradesh,Indore,Indore,Soybean,1182.24
2025-10-22,Madhya Pradesh,Indore,Indore,Soybean,1318.84
2025-10-23,Madhya Pradesh,Indore,Indore,Soybean,1401.88
2025-10-24,Madhya Pradesh,Indore,Indore,Soybean,1227.96
2025-10-25,Madhya Pradesh,Indore,Indore,Soybean,1220.78
2025-10-26,Madhya Pradesh,Indore,Indore,Soybean,1316.29
2025-10-27,Madhya Pradesh,Indore,Indore,Soybean,1319.39
2025-10-28,Madhya Pradesh,Indore,Indore,Soybean,1241.12
2025-10-29,Madhya Pradesh,Indore,Indore,Soybean,1168.04
2025-10-30,Madhya Pradesh,Indore,Indore,Soybean,1475.74
2025-10-31,Madhya Pradesh,Indore,Indore,Soybean,1261.15
2025-11-01,Madhya Pradesh,Indore,Indore,Soybean,1248.32
2025-11-02,Madhya Pradesh,Indore,Indore,Soybean,1255.63
2025-11-03,Madhya Pradesh,Indore,Indore,Soybean,1324.51
2025-11-04,Madhya Pradesh,Indore,Indore,Soybean,1281.24
2025-11-05,Madhya Pradesh,Indore,Indore,Soybean,1297.2
2025-11-06,Madhya Pradesh,Indore,Indore,Soybean,1355.02
2025-11-07,Madhya Pradesh,Indore,Indore,Soybean,1331.37
2025-11-08,Madhya Pradesh,Indore,Indore,Soybean,1346.37
2025-11-09,Madhya Pradesh,Indore,Indore,Soybean,1023.16
2025-11-10,Madhya Pradesh,Indore,Indore,Soybean,1186.35
2025-11-11,Madhya Pradesh,Indore,Indore,Soybean,1247.17
2025-11-12,Madhya Pradesh,Indore,Indore,Soybean,1176.09
2025-11-13,Madhya Pradesh,Indore,Indore,Soybean,1368.15
2025-11-14,Madhya Pradesh,Indore,Indore,Soybean,1328.27
2025-11-15,Madhya Pradesh,Indore,Indore,Soybean,1477.5
2025-11-16,Madhya Pradesh,Indore,Indore,Soybean,1401.93
2025-11-17,Madhya Pradesh,Indore,Indore,Soybean,1190.72
2025-11-18,Madhya Pradesh,Indore,Indore,Soybean,1233.17
2025-11-19,Madhya Pradesh,Indore,Indore,Soybean,1293.44
2025-11-20,Madhya Pradesh,Indore,Indore,Soybean,1311.49
2025-11-21,Madhya Pradesh,Indore,Indore,Soybean,1388.99
2025-11-22,Madhya Pradesh,Indore,Indore,Soybean,1267.25
2025-11-23,Madhya Pradesh,Indore,Indore,Soybean,1183.03
2025-11-24,Madhya Pradesh,Indore,Indore,Soybean,1306.97
2025-11-25,Madhya Pradesh,Indore,Indore,Soybean,1324.25
2025-11-26,Madhya Pradesh,Indore,Indore,Soybean,1248.89
2025-11-27,Madhya Pradesh,Indore,Indore,Soybean,1465.16
2025-11-28,Madhya Pradesh,Indore,Indore,Soybean,1333.57
2025-11-29,Madhya Pradesh,Indore,Indore,Soybean,1387.05
2025-11-30,Madhya Pradesh,Indore,Indore,Soybean,1383.68
2025-12-01,Madhya Pradesh,Indore,Indore,Soybean,1272.8
2025-12-02,Madhya Pradesh,Indore,Indore,Soybean,1333.41
2025-12-03,Madhya Pradesh,Indore,Indore,Soybean,1299.8
2025-12-04,Madhya Pradesh,Indore,Indore,Soybean,1385.82
2025-12-05,Madhya Pradesh,Indore,Indore,Soybean,1401.65
2025-12-06,Madhya Pradesh,Indore,Indore,Soybean,1316.73
2025-12-07,Madhya Pradesh,Indore,Indore,Soybean,1317.57
2025-12-08,Madhya Pradesh,Indore,Indore,Soybean,1159.84
2025-12-09,Madhya Pradesh,Indore,Indore,Soybean,1272.49
2025-12-10,Madhya Pradesh,Indore,Indore,Soybean,1347.89
2025-12-11,Madhya Pradesh,Indore,Indore,Soybean,1407.47
2025-12-12,Madhya Pradesh,Indore,Indore,Soybean,1426.11
2025-12-13,Madhya Pradesh,Indore,Indore,Soybean,1411.16
2025-12-14,Madhya Pradesh,Indore,Indore,Soybean,1406.7
2025-12-15,Madhya Pradesh,Indore,Indore,Soybean,1408.47
2025-12-16,Madhya Pradesh,Indore,Indore,Soybean,1283.43
2025-12-17,Madhya Pradesh,Indore,Indore,Soybean,1285.16
2025-12-18,Madhya Pradesh,Indore,Indore,Soybean,1355.79
2025-12-19,Madhya Pradesh,Indore,Indore,Soybean,1429.88
2025-12-20,Madhya Pradesh,Indore,Indore,Soybean,1410.76
2025-12-21,Madhya Pradesh,Indore,Indore,Soybean,1314.15
2025-12-22,Madhya Pradesh,Indore,Indore,Soybean,1231.66
2025-12-23,Madhya Pradesh,Indore,Indore,Soybean,1328.5
2025-12-24,Madhya Pradesh,Indore,Indore,Soybean,1450.51
2025-12-25,Madhya Pradesh,Indore,Indore,Soybean,1554.84
2025-12-26,Madhya Pradesh,Indore,Indore,Soybean,1451.99
2025-12-27,Madhya Pradesh,Indore,Indore,Soybean,1433.59
2025-12-28,Madhya Pradesh,Indore,Indore,Soybean,1325.74
2025-12-29,Madhya Pradesh,Indore,Indore,Soybean,1379.48
2025-12-30,Madhya Pradesh,Indore,Indore,Soybean,1317.44
2025-12-31,Madhya Pradesh,Indore,Indore,Soybean,1520.48
2026-01-01,Madhya Pradesh,Indore,Indore,Soybean,1332.95
2026-01-02,Madhya Pradesh,Indore,Indore,Soybean,1503.17
2026-01-03,Madhya Pradesh,Indore,Indore,Soybean,1538.3
2026-01-04,Madhya Pradesh,Indore,Indore,Soybean,1465.34
2026-01-05,Madhya Pradesh,Indore,Indore,Soybean,1676.7
2026-01-06,Madhya Pradesh,Indore,Indore,Soybean,1464.14
2026-01-07,Madhya Pradesh,Indore,Indore,Soybean,1386.69
2026-01-08,Madhya Pradesh,Indore,Indore,Soybean,1543.84
2026-01-09,Madhya Pradesh,Indore,Indore,Soybean,1377.5
2026-01-10,Madhya Pradesh,Indore,Indore,Soybean,1528.16
2026-01-11,Madhya Pradesh,Indore,Indore,Soybean,1389.63
2026-01-12,Madhya Pradesh,Indore,Indore,Soybean,1531.08
2026-01-13,Madhya Pradesh,Indore,Indore,Soybean,1401.45
2026-01-14,Madhya Pradesh,Indore,Indore,Soybean,1508.56
2026-01-15,Madhya Pradesh,Indore,Indore,Soybean,1514.28
2026-01-16,Madhya Pradesh,Indore,Indore,Soybean,1799.09
2026-01-17,Madhya Pradesh,Indore,Indore,Soybean,1531.49
2026-01-18,Madhya Pradesh,Indore,Indore,Soybean,1697.19
2026-01-19,Madhya Pradesh,Indore,Indore,Soybean,1550.12
2026-01-20,Madhya Pradesh,Indore,Indore,Soybean,1535.48
2026-01-21,Madhya Pradesh,Indore,Indore,Soybean,1589.86
2026-01-22,Madhya Pradesh,Indore,Indore,Soybean,1659.17
2026-01-23,Madhya Pradesh,Indore,Indore,Soybean,1413.42
2026-01-24,Madhya Pradesh,Indore,Indore,Soybean,1564.69
2026-01-25,Madhya Pradesh,Indore,Indore,Soybean,1622.61
2026-01-26,Madhya Pradesh,Indore,Indore,Soybean,1488.27
2026-01-27,Madhya Pradesh,Indore,Indore,Soybean,1363.56
2026-01-28,Madhya Pradesh,Indore,Indore,Soybean,1571.97
2026-01-29,Madhya Pradesh,Indore,Indore,Soybean,1839.51
2026-01-30,Madhya Pradesh,Indore,Indore,Soybean,1807.92
2026-01-31,Madhya Pradesh,Indore,Indore,Soybean,1616.75
2026-02-01,Madhya Pradesh,Indore,Indore,Soybean,1662.36
2026-02-02,Madhya Pradesh,Indore,Indore,Soybean,1480.07
2026-02-03,Madhya Pradesh,Indore,Indore,Soybean,1354.6
2026-02-04,Madhya Pradesh,Indore,Indore,Soybean,1500.49
2026-02-05,Madhya Pradesh,Indore,Indore,Soybean,1853.63
2026-02-06,Madhya Pradesh,Indore,Indore,Soybean,1657.75
2026-02-07,Madhya Pradesh,Indore,Indore,Soybean,1622.12
2026-02-08,Madhya Pradesh,Indore,Indore,Soybean,1550.4
2026-02-09,Madhya Pradesh,Indore,Indore,Soybean,1748.88
2026-02-10,Madhya Pradesh,Indore,Indore,Soybean,1740.0
2026-02-11,Madhya Pradesh,Indore,Indore,Soybean,1882.22
2026-02-12,Madhya Pradesh,Indore,Indore,Soybean,1677.52
2026-02-13,Madhya Pradesh,Indore,Indore,Soybean,1751.19
2026-02-14,Madhya Pradesh,Indore,Indore,Soybean,1497.0
2026-02-15,Madhya Pradesh,Indore,Indore,Soybean,1773.01
2026-02-16,Madhya Pradesh,Indore,Indore,Soybean,1437.54
2026-02-17,Madhya Pradesh,Indore,Indore,Soybean,1608.5
2026-02-18,Madhya Pradesh,Indore,Indore,Soybean,1525.15
2026-02-19,Madhya Pradesh,Indore,Indore,Soybean,1648.94
2026-02-20,Madhya Pradesh,Indore,Indore,Soybean,1637.08
2026-02-21,Madhya Pradesh,Indore,Indore,Soybean,1624.98
2026-02-22,Madhya Pradesh,Indore,Indore,Soybean,1566.56
2026-02-23,Madhya Pradesh,Indore,Indore,Soybean,1524.87
2026-02-24,Madhya Pradesh,Indore,Indore,Soybean,1698.15
2026-02-25,Madhya Pradesh,Indore,Indore,Soybean,1543.25
2026-02-26,Madhya Pradesh,Indore,Indore,Soybean,1767.71
2026-02-27,Madhya Pradesh,Indore,Indore,Soybean,1909.86
2026-02-28,Madhya Pradesh,Indore,Indore,Soybean,1655.43
2026-03-01,Madhya Pradesh,Indore,Indore,Soybean,1563.96
2026-03-02,Madhya Pradesh,Indore,Indore,Soybean,1577.69
2026-03-03,Madhya Pradesh,Indore,Indore,Soybean,1756.17
2026-03-04,Madhya Pradesh,Indore,Indore,Soybean,1713.58
2026-03-05,Madhya Pradesh,Indore,Indore,Soybean,1693.72
2026-03-06,Madhya Pradesh,Indore,Indore,Soybean,1838.1
2026-03-07,Madhya Pradesh,Indore,Indore,Soybean,1600.49
2026-03-08,Madhya Pradesh,Indore,Indore,Soybean,1742.09
2026-03-09,Madhya Pradesh,Indore,Indore,Soybean,1665.11
2026-03-10,Madhya Pradesh,Indore,Indore,Soybean,1601.94
2026-03-11,Madhya Pradesh,Indore,Indore,Soybean,1605.68
2026-03-12,Madhya Pradesh,Indore,Indore,Soybean,1664.37
2026-03-13,Madhya Pradesh,Indore,Indore,Soybean,1860.08
2026-03-14,Madhya Pradesh,Indore,Indore,Soybean,1898.98
2026-03-15,Madhya Pradesh,Indore,Indore,Soybean,1601.24
2026-03-16,Madhya Pradesh,Indore,Indore,Soybean,1683.61
2026-03-17,Madhya Pradesh,Indore,Indore,Soybean,1408.42
2026-03-18,Madhya Pradesh,Indore,Indore,Soybean,1647.73
2026-03-19,Madhya Pradesh,Indore,Indore,Soybean,1782.87
2026-03-20,Madhya Pradesh,Indore,Indore,Soybean,1689.93
2026-03-21,Madhya Pradesh,Indore,Indore,Soybean,1644.34
2026-03-22,Madhya Pradesh,Indore,Indore,Soybean,1607.42
2026-03-23,Madhya Pradesh,Indore,Indore,Soybean,1674.35
2026-03-24,Madhya Pradesh,Indore,Indore,Soybean,1636.82
2026-03-25,Madhya Pradesh,Indore,Indore,Soybean,1456.54
2026-03-26,Madhya Pradesh,Indore,Indore,Soybean,1529.17
2026-03-27,Madhya Pradesh,Indore,Indore,Soybean,1736.41
2026-03-28,Madhya Pradesh,Indore,Indore,Soybean,1824.23
2026-03-29,Madhya Pradesh,Indore,Indore,Soybean,1367.68
2026-03-30,Madhya Pradesh,Indore,Indore,Soybean,1589.64
2026-03-31,Madhya Pradesh,Indore,Indore,Soybean,1603.34
2026-04-01,Madhya Pradesh,Indore,Indore,Soybean,1901.45
2026-04-02,Madhya Pradesh,Indore,Indore,Soybean,1752.82
2026-04-03,Madhya Pradesh,Indore,Indore,Soybean,1867.39
2026-04-04,Madhya Pradesh,Indore,Indore,Soybean,1789.7
2026-04-05,Madhya Pradesh,Indore,Indore,Soybean,1444.15
2026-04-06,Madhya Pradesh,Indore,Indore,Soybean,1739.4
2026-04-07,Madhya Pradesh,Indore,Indore,Soybean,1692.76
2026-04-08,Madhya Pradesh,Indore,Indore,Soybean,1797.38
2026-04-09,Madhya Pradesh,Indore,Indore,Soybean,2299.28
2026-04-10,Madhya Pradesh,Indore,Indore,Soybean,1554.81
2026-04-11,Madhya Pradesh,Indore,Indore,Soybean,1987.5
2026-04-12,Madhya Pradesh,Indore,Indore,Soybean,1663.83
2026-04-13,Madhya Pradesh,Indore,Indore,Soybean,1684.09
2026-04-14,Madhya Pradesh,Indore,Indore,Soybean,1662.11
2026-04-15,Madhya Pradesh,Indore,Indore,Soybean,1683.44
2026-04-16,Madhya Pradesh,Indore,Indore,Soybean,1730.51
2026-04-17,Madhya Pradesh,Indore,Indore,Soybean,1860.65
2026-04-18,Madhya Pradesh,Indore,Indore,Soybean,1583.17
2026-04-19,Madhya Pradesh,Indore,Indore,Soybean,1784.6
2026-04-20,Madhya Pradesh,Indore,Indore,Soybean,1600.02
2026-04-21,Madhya Pradesh,Indore,Indore,Soybean,1532.46
2026-04-22,Madhya Pradesh,Indore,Indore,Soybean,1676.52
2026-04-23,Madhya Pradesh,Indore,Indore,Soybean,1956.08
2026-04-24,Madhya Pradesh,Indore,Indore,Soybean,1745.68
2026-04-25,Madhya Pradesh,Indore,Indore,Soybean,1810.2
2026-04-26,Madhya Pradesh,Indore,Indore,Soybean,1603.45
2026-04-27,Madhya Pradesh,Indore,Indore,Soybean,1729.29
2026-04-28,Madhya Pradesh,Indore,Indore,Soybean,1737.29
2026-04-29,Madhya Pradesh,Indore,Indore,Soybean,1947.07
2026-04-30,Madhya Pradesh,Indore,Indore,Soybean,1768.07
2026-05-01,Madhya Pradesh,Indore,Indore,Soybean,1889.82
2026-05-02,Madhya Pradesh,Indore,Indore,Soybean,1769.41
2026-05-03,Madhya Pradesh,Indore,Indore,Soybean,1833.82
2026-05-04,Madhya Pradesh,Indore,Indore,Soybean,1551.2
2026-05-05,Madhya Pradesh,Indore,Indore,Soybean,1734.43
2026-05-06,Madhya Pradesh,Indore,Indore,Soybean,1690.55
2026-05-07,Madhya Pradesh,Indore,Indore,Soybean,1771.18
2026-05-08,Madhya Pradesh,Indore,Indore,Soybean,1805.41
2026-05-09,Madhya Pradesh,Indore,Indore,Soybean,1776.61
2026-05-10,Madhya Pradesh,Indore,Indore,Soybean,1656.25
2026-05-11,Madhya Pradesh,Indore,Indore,Soybean,1646.23
2026-05-12,Madhya Pradesh,Indore,Indore,Soybean,1817.21
2026-05-13,Madhya Pradesh,Indore,Indore,Soybean,1818.34
2026-05-14,Madhya Pradesh,Indore,Indore,Soybean,1872.76
2026-05-15,Madhya Pradesh,Indore,Indore,Soybean,1722.8
2026-05-16,Madhya Pradesh,Indore,Indore,Soybean,1623.65
2026-05-17,Madhya Pradesh,Indore,Indore,Soybean,1766.45
2026-05-18,Madhya Pradesh,Indore,Indore,Soybean,1706.38
2026-05-19,Madhya Pradesh,Indore,Indore,Soybean,1789.07
2026-05-20,Madhya Pradesh,Indore,Indore,Soybean,1614.23
2026-05-21,Madhya Pradesh,Indore,Indore,Soybean,1720.77
2026-05-22,Madhya Pradesh,Indore,Indore,Soybean,1560.26
2026-05-23,Madhya Pradesh,Indore,Indore,Soybean,1667.4
2026-05-24,Madhya Pradesh,Indore,Indore,Soybean,1753.55
2026-05-25,Madhya Pradesh,Indore,Indore,Soybean,1539.43
2026-05-26,Madhya Pradesh,Indore,Indore,Soybean,1676.97
2026-05-27,Madhya Pradesh,Indore,Indore,Soybean,1645.38
2026-05-28,Madhya Pradesh,Indore,Indore,Soybean,1769.22
2026-05-29,Madhya Pradesh,Indore,Indore,Soybean,1603.11
2026-05-30,Madhya Pradesh,Indore,Indore,Soybean,1705.43
2026-05-31,Madhya Pradesh,Indore,Indore,Soybean,1281.23
2026-06-01,Madhya Pradesh,Indore,Indore,Soybean,1552.4
2026-06-02,Madhya Pradesh,Indore,Indore,Soybean,1405.11
2026-06-03,Madhya Pradesh,Indore,Indore,Soybean,1786.8
2026-06-04,Madhya Pradesh,Indore,Indore,Soybean,1802.01
2026-06-05,Madhya Pradesh,Indore,Indore,Soybean,1777.95
2026-06-06,Madhya Pradesh,Indore,Indore,Soybean,1852.42
2026-06-07,Madhya Pradesh,Indore,Indore,Soybean,1493.76
2026-06-08,Madhya Pradesh,Indore,Indore,Soybean,1742.76
2026-06-09,Madhya Pradesh,Indore,Indore,Soybean,1667.71
2026-06-10,Madhya Pradesh,Indore,Indore,Soybean,1599.14
2026-06-11,Madhya Pradesh,Indore,Indore,Soybean,1820.34
2026-06-12,Madhya Pradesh,Indore,Indore,Soybean,1567.02
2026-06-13,Madhya Pradesh,Indore,Indore,Soybean,1556.1
2026-06-14,Madhya Pradesh,Indore,Indore,Soybean,1510.83
2026-06-15,Madhya Pradesh,Indore,Indore,Soybean,1474.57
2026-06-16,Madhya Pradesh,Indore,Indore,Soybean,1429.45
2026-06-17,Madhya Pradesh,Indore,Indore,Soybean,1740.29
2026-06-18,Madhya Pradesh,Indore,Indore,Soybean,1632.09
2026-06-19,Madhya Pradesh,Indore,Indore,Soybean,1715.39
2026-06-20,Madhya Pradesh,Indore,Indore,Soybean,1562.44
2026-06-21,Madhya Pradesh,Indore,Indore,Soybean,1356.78
2026-06-22,Madhya Pradesh,Indore,Indore,Soybean,1537.19
2026-06-23,Madhya Pradesh,Indore,Indore,Soybean,1317.1
2026-06-24,Madhya Pradesh,Indore,Indore,Soybean,1571.45
2026-06-25,Madhya Pradesh,Indore,Indore,Soybean,1480.33
2026-06-26,Madhya Pradesh,Indore,Indore,Soybean,1878.03
2026-06-27,Madhya Pradesh,Indore,Indore,Soybean,1704.81
2026-06-28,Madhya Pradesh,Indore,Indore,Soybean,1542.41
2026-06-29,Madhya Pradesh,Indore,Indore,Soybean,1616.78
2026-06-30,Madhya Pradesh,Indore,Indore,Soybean,1408.37
2026-07-01,Madhya Pradesh,Indore,Indore,Soybean,1613.56
2026-07-02,Madhya Pradesh,Indore,Indore,Soybean,1634.05
2026-07-03,Madhya Pradesh,Indore,Indore,Soybean,1652.76
2026-07-04,Madhya Pradesh,Indore,Indore,Soybean,1717.76
2026-07-05,Madhya Pradesh,Indore,Indore,Soybean,1584.09
2026-07-06,Madhya Pradesh,Indore,Indore,Soybean,1491.33
2026-07-07,Madhya Pradesh,Indore,Indore,Soybean,1302.56
2026-07-08,Madhya Pradesh,Indore,Indore,Soybean,1426.82
2026-07-09,Madhya Pradesh,Indore,Indore,Soybean,1572.11
2026-07-10,Madhya Pradesh,Indore,Indore,Soybean,1607.2
2026-07-11,Madhya Pradesh,Indore,Indore,Soybean,1429.19
2026-07-12,Madhya Pradesh,Indore,Indore,Soybean,1732.91
2026-07-13,Madhya Pradesh,Indore,Indore,Soybean,1590.96
2026-07-14,Madhya Pradesh,Indore,Indore,Soybean,1510.62
2026-07-15,Madhya Pradesh,Indore,Indore,Soybean,1512.59
2026-07-16,Madhya Pradesh,Indore,Indore,Soybean,1537.05
2026-07-17,Madhya Pradesh,Indore,Indore,Soybean,1466.4
2026-07-18,Madhya Pradesh,Indore,Indore,Soybean,1535.33
2026-07-19,Madhya Pradesh,Indore,Indore,Soybean,1485.16
2026-07-20,Madhya Pradesh,Indore,Indore,Soybean,1292.23
2026-07-21,Madhya Pradesh,Indore,Indore,Soybean,1459.72
2026-07-22,Madhya Pradesh,Indore,Indore,Soybean,1464.91
2026-07-23,Madhya Pradesh,Indore,Indore,Soybean,1330.36
2026-07-24,Madhya Pradesh,Indore,Indore,Soybean,1453.06
2026-07-25,Madhya Pradesh,Indore,Indore,Soybean,1459.4
2026-07-26,Madhya Pradesh,Indore,Indore,Soybean,1625.61
2026-07-27,Madhya Pradesh,Indore,Indore,Soybean,1447.34
2026-07-28,Madhya Pradesh,Indore,Indore,Soybean,1272.84
2026-07-29,Madhya Pradesh,Indore,Indore,Soybean,1507.62
2026-07-30,Madhya Pradesh,Indore,Indore,Soybean,1347.97
2026-07-31,Madhya Pradesh,Indore,Indore,Soybean,1637.83
2026-08-01,Madhya Pradesh,Indore,Indore,Soybean,1431.18
2026-08-02,Madhya Pradesh,Indore,Indore,Soybean,1404.85
2026-08-03,Madhya Pradesh,Indore,Indore,Soybean,1499.45
2026-08-04,Madhya Pradesh,Indore,Indore,Soybean,1258.51
2026-08-05,Madhya Pradesh,Indore,Indore,Soybean,1295.93
2026-08-06,Madhya Pradesh,Indore,Indore,Soybean,1428.65
2026-08-07,Madhya Pradesh,Indore,Indore,Soybean,1609.33
2026-08-08,Madhya Pradesh,Indore,Indore,Soybean,1303.51
2026-08-09,Madhya Pradesh,Indore,Indore,Soybean,1117.58
2026-08-10,Madhya Pradesh,Indore,Indore,Soybean,1310.0
2026-08-11,Madhya Pradesh,Indore,Indore,Soybean,1416.48
2026-08-12,Madhya Pradesh,Indore,Indore,Soybean,1535.59
2026-08-13,Madhya Pradesh,Indore,Indore,Soybean,1421.54
2026-08-14,Madhya Pradesh,Indore,Indore,Soybean,1437.45
2026-08-15,Madhya Pradesh,Indore,Indore,Soybean,1555.51
2026-08-16,Madhya Pradesh,Indore,Indore,Soybean,1195.61
2026-08-17,Madhya Pradesh,Indore,Indore,Soybean,1298.93
2026-08-18,Madhya Pradesh,Indore,Indore,Soybean,1364.4
2026-08-19,Madhya Pradesh,Indore,Indore,Soybean,1442.82
2026-08-20,Madhya Pradesh,Indore,Indore,Soybean,1399.3
2026-08-21,Madhya Pradesh,Indore,Indore,Soybean,1465.68
2026-08-22,Madhya Pradesh,Indore,Indore,Soybean,1174.44
2026-08-23,Madhya Pradesh,Indore,Indore,Soybean,1296.97
2026-08-24,Madhya Pradesh,Indore,Indore,Soybean,1361.89
2026-08-25,Madhya Pradesh,Indore,Indore,Soybean,1239.83
2026-08-26,Madhya Pradesh,Indore,Indore,Soybean,1389.22
2026-08-27,Madhya Pradesh,Indore,Indore,Soybean,1480.45
2026-08-28,Madhya Pradesh,Indore,Indore,Soybean,1412.17
2026-08-29,Madhya Pradesh,Indore,Indore,Soybean,1424.44
2026-08-30,Madhya Pradesh,Indore,Indore,Soybean,1255.38
2026-08-31,Madhya Pradesh,Indore,Indore,Soybean,1288.31
2025-01-01,Madhya Pradesh,Bhopal,Bhopal,Tomato,1313.82
2025-01-02,Madhya Pradesh,Bhopal,Bhopal,Tomato,1327.52
2025-01-03,Madhya Pradesh,Bhopal,Bhopal,Tomato,1274.6
2025-01-04,Madhya Pradesh,Bhopal,Bhopal,Tomato,1319.05
2025-01-05,Madhya Pradesh,Bhopal,Bhopal,Tomato,1309.52
2025-01-06,Madhya Pradesh,Bhopal,Bhopal,Tomato,1041.65
2025-01-07,Madhya Pradesh,Bhopal,Bhopal,Tomato,1332.01
2025-01-08,Madhya Pradesh,Bhopal,Bhopal,Tomato,1255.6
2025-01-09,Madhya Pradesh,Bhopal,Bhopal,Tomato,1379.87
2025-01-10,Madhya Pradesh,Bhopal,Bhopal,Tomato,1469.93
2025-01-11,Madhya Pradesh,Bhopal,Bhopal,Tomato,1197.81
2025-01-12,Madhya Pradesh,Bhopal,Bhopal,Tomato,1209.16
2025-01-13,Madhya Pradesh,Bhopal,Bhopal,Tomato,1215.58
2025-01-14,Madhya Pradesh,Bhopal,Bhopal,Tomato,1187.79
2025-01-15,Madhya Pradesh,Bhopal,Bhopal,Tomato,1470.78
2025-01-16,Madhya Pradesh,Bhopal,Bhopal,Tomato,1284.58
2025-01-17,Madhya Pradesh,Bhopal,Bhopal,Tomato,1329.24
2025-01-18,Madhya Pradesh,Bhopal,Bhopal,Tomato,1370.36
2025-01-19,Madhya Pradesh,Bhopal,Bhopal,Tomato,1188.01
2025-01-20,Madhya Pradesh,Bhopal,Bhopal,Tomato,1229.67
2025-01-21,Madhya Pradesh,Bhopal,Bhopal,Tomato,1309.41
2025-01-22,Madhya Pradesh,Bhopal,Bhopal,Tomato,1305.45
2025-01-23,Madhya Pradesh,Bhopal,Bhopal,Tomato,1383.4
2025-01-24,Madhya Pradesh,Bhopal,Bhopal,Tomato,1356.9
2025-01-25,Madhya Pradesh,Bhopal,Bhopal,Tomato,1230.42
2025-01-26,Madhya Pradesh,Bhopal,Bhopal,Tomato,1351.01
2025-01-27,Madhya Pradesh,Bhopal,Bhopal,Tomato,1446.23
2025-01-28,Madhya Pradesh,Bhopal,Bhopal,Tomato,1306.04
2025-01-29,Madhya Pradesh,Bhopal,Bhopal,Tomato,1382.28
2025-01-30,Madhya Pradesh,Bhopal,Bhopal,Tomato,1486.25
2025-01-31,Madhya Pradesh,Bhopal,Bhopal,Tomato,1306.76
2025-02-01,Madhya Pradesh,Bhopal,Bhopal,Tomato,1567.51
2025-02-02,Madhya Pradesh,Bhopal,Bhopal,Tomato,1363.37
2025-02-03,Madhya Pradesh,Bhopal,Bhopal,Tomato,1459.94
2025-02-04,Madhya Pradesh,Bhopal,Bhopal,Tomato,1258.6
2025-02-05,Madhya Pradesh,Bhopal,Bhopal,Tomato,1559.97
2025-02-06,Madhya Pradesh,Bhopal,Bhopal,Tomato,1519.46
2025-02-07,Madhya Pradesh,Bhopal,Bhopal,Tomato,1514.38
2025-02-08,Madhya Pradesh,Bhopal,Bhopal,Tomato,1446.84
2025-02-09,Madhya Pradesh,Bhopal,Bhopal,Tomato,1342.31
2025-02-10,Madhya Pradesh,Bhopal,Bhopal,Tomato,1443.07
2025-02-11,Madhya Pradesh,Bhopal,Bhopal,Tomato,1360.85
2025-02-12,Madhya Pradesh,Bhopal,Bhopal,Tomato,1211.89
2025-02-13,Madhya Pradesh,Bhopal,Bhopal,Tomato,1348.96
2025-02-14,Madhya Pradesh,Bhopal,Bhopal,Tomato,1460.8
2025-02-15,Madhya Pradesh,Bhopal,Bhopal,Tomato,1476.16
2025-02-16,Madhya Pradesh,Bhopal,Bhopal,Tomato,1380.72
2025-02-17,Madhya Pradesh,Bhopal,Bhopal,Tomato,1465.78
2025-02-18,Madhya Pradesh,Bhopal,Bhopal,Tomato,1180.2
2025-02-19,Madhya Pradesh,Bhopal,Bhopal,Tomato,1439.53
2025-02-20,Madhya Pradesh,Bhopal,Bhopal,Tomato,1294.88
2025-02-21,Madhya Pradesh,Bhopal,Bhopal,Tomato,1580.02
2025-02-22,Madhya Pradesh,Bhopal,Bhopal,Tomato,1454.5
2025-02-23,Madhya Pradesh,Bhopal,Bhopal,Tomato,1445.74
2025-02-24,Madhya Pradesh,Bhopal,Bhopal,Tomato,1285.3
2025-02-25,Madhya Pradesh,Bhopal,Bhopal,Tomato,1508.25
2025-02-26,Madhya Pradesh,Bhopal,Bhopal,Tomato,1548.22
2025-02-27,Madhya Pradesh,Bhopal,Bhopal,Tomato,1563.21
2025-02-28,Madhya Pradesh,Bhopal,Bhopal,Tomato,1504.48
2025-03-01,Madhya Pradesh,Bhopal,Bhopal,Tomato,1541.54
2025-03-02,Madhya Pradesh,Bhopal,Bhopal,Tomato,1350.37
2025-03-03,Madhya Pradesh,Bhopal,Bhopal,Tomato,1466.31
2025-03-04,Madhya Pradesh,Bhopal,Bhopal,Tomato,1561.14
2025-03-05,Madhya Pradesh,Bhopal,Bhopal,Tomato,1567.86
2025-03-06,Madhya Pradesh,Bhopal,Bhopal,Tomato,1440.17
2025-03-07,Madhya Pradesh,Bhopal,Bhopal,Tomato,1572.66
2025-03-08,Madhya Pradesh,Bhopal,Bhopal,Tomato,1360.82
2025-03-09,Madhya Pradesh,Bhopal,Bhopal,Tomato,1492.04
2025-03-10,Madhya Pradesh,Bhopal,Bhopal,Tomato,1440.68
2025-03-11,Madhya Pradesh,Bhopal,Bhopal,Tomato,1227.63
2025-03-12,Madhya Pradesh,Bhopal,Bhopal,Tomato,1352.0
2025-03-13,Madhya Pradesh,Bhopal,Bhopal,Tomato,1500.61
2025-03-14,Madhya Pradesh,Bhopal,Bhopal,Tomato,1514.3
2025-03-15,Madhya Pradesh,Bhopal,Bhopal,Tomato,1380.85
2025-03-16,Madhya Pradesh,Bhopal,Bhopal,Tomato,1485.35
2025-03-17,Madhya Pradesh,Bhopal,Bhopal,Tomato,1432.15
2025-03-18,Madhya Pradesh,Bhopal,Bhopal,Tomato,1403.65
2025-03-19,Madhya Pradesh,Bhopal,Bhopal,Tomato,1403.82
2025-03-20,Madhya Pradesh,Bhopal,Bhopal,Tomato,1654.68
2025-03-21,Madhya Pradesh,Bhopal,Bhopal,Tomato,1737.58
2025-03-22,Madhya Pradesh,Bhopal,Bhopal,Tomato,1466.79
2025-03-23,Madhya Pradesh,Bhopal,Bhopal,Tomato,1392.46
2025-03-24,Madhya Pradesh,Bhopal,Bhopal,Tomato,1464.26
2025-03-25,Madhya Pradesh,Bhopal,Bhopal,Tomato,1395.06
2025-03-26,Madhya Pradesh,Bhopal,Bhopal,Tomato,1475.55
2025-03-27,Madhya Pradesh,Bhopal,Bhopal,Tomato,1629.48
2025-03-28,Madhya Pradesh,Bhopal,Bhopal,Tomato,1355.43
2025-03-29,Madhya Pradesh,Bhopal,Bhopal,Tomato,1665.71
2025-03-30,Madhya Pradesh,Bhopal,Bhopal,Tomato,1468.36
2025-03-31,Madhya Pradesh,Bhopal,Bhopal,Tomato,1380.23
2025-04-01,Madhya Pradesh,Bhopal,Bhopal,Tomato,1427.2
2025-04-02,Madhya Pradesh,Bhopal,Bhopal,Tomato,1491.22
2025-04-03,Madhya Pradesh,Bhopal,Bhopal,Tomato,1365.78
2025-04-04,Madhya Pradesh,Bhopal,Bhopal,Tomato,1733.19
2025-04-05,Madhya Pradesh,Bhopal,Bhopal,Tomato,1533.34
2025-04-06,Madhya Pradesh,Bhopal,Bhopal,Tomato,1509.71
2025-04-07,Madhya Pradesh,Bhopal,Bhopal,Tomato,1518.91
2025-04-08,Madhya Pradesh,Bhopal,Bhopal,Tomato,1335.87
2025-04-09,Madhya Pradesh,Bhopal,Bhopal,Tomato,1547.01
2025-04-10,Madhya Pradesh,Bhopal,Bhopal,Tomato,1526.86
2025-04-11,Madhya Pradesh,Bhopal,Bhopal,Tomato,1663.59
2025-04-12,Madhya Pradesh,Bhopal,Bhopal,Tomato,1302.14
2025-04-13,Madhya Pradesh,Bhopal,Bhopal,Tomato,1454.74
2025-04-14,Madhya Pradesh,Bhopal,Bhopal,Tomato,1364.16
2025-04-15,Madhya Pradesh,Bhopal,Bhopal,Tomato,1482.05
2025-04-16,Madhya Pradesh,Bhopal,Bhopal,Tomato,1546.04
2025-04-17,Madhya Pradesh,Bhopal,Bhopal,Tomato,1477.95
2025-04-18,Madhya Pradesh,Bhopal,Bhopal,Tomato,1490.81
2025-04-19,Madhya Pradesh,Bhopal,Bhopal,Tomato,1516.28
2025-04-20,Madhya Pradesh,Bhopal,Bhopal,Tomato,1370.94
2025-04-21,Madhya Pradesh,Bhopal,Bhopal,Tomato,1505.59
2025-04-22,Madhya Pradesh,Bhopal,Bhopal,Tomato,1398.55
2025-04-23,Madhya Pradesh,Bhopal,Bhopal,Tomato,1189.51
2025-04-24,Madhya Pradesh,Bhopal,Bhopal,Tomato,1510.35
2025-04-25,Madhya Pradesh,Bhopal,Bhopal,Tomato,1450.91
2025-04-26,Madhya Pradesh,Bhopal,Bhopal,Tomato,1349.5
2025-04-27,Madhya Pradesh,Bhopal,Bhopal,Tomato,1331.63
2025-04-28,Madhya Pradesh,Bhopal,Bhopal,Tomato,1427.57
2025-04-29,Madhya Pradesh,Bhopal,Bhopal,Tomato,1563.17
2025-04-30,Madhya Pradesh,Bhopal,Bhopal,Tomato,1519.92
2025-05-01,Madhya Pradesh,Bhopal,Bhopal,Tomato,1478.76
2025-05-02,Madhya Pradesh,Bhopal,Bhopal,Tomato,1607.19
2025-05-03,Madhya Pradesh,Bhopal,Bhopal,Tomato,1467.37
2025-05-04,Madhya Pradesh,Bhopal,Bhopal,Tomato,1379.97
2025-05-05,Madhya Pradesh,Bhopal,Bhopal,Tomato,1295.29
2025-05-06,Madhya Pradesh,Bhopal,Bhopal,Tomato,1247.77
2025-05-07,Madhya Pradesh,Bhopal,Bhopal,Tomato,1438.28
2025-05-08,Madhya Pradesh,Bhopal,Bhopal,Tomato,1551.92
2025-05-09,Madhya Pradesh,Bhopal,Bhopal,Tomato,1537.17
2025-05-10,Madhya Pradesh,Bhopal,Bhopal,Tomato,1462.29
2025-05-11,Madhya Pradesh,Bhopal,Bhopal,Tomato,1345.25
2025-05-12,Madhya Pradesh,Bhopal,Bhopal,Tomato,1458.81
2025-05-13,Madhya Pradesh,Bhopal,Bhopal,Tomato,1281.65
2025-05-14,Madhya Pradesh,Bhopal,Bhopal,Tomato,1547.25
2025-05-15,Madhya Pradesh,Bhopal,Bhopal,Tomato,1416.2
2025-05-16,Madhya Pradesh,Bhopal,Bhopal,Tomato,1454.43
2025-05-17,Madhya Pradesh,Bhopal,Bhopal,Tomato,1340.42
2025-05-18,Madhya Pradesh,Bhopal,Bhopal,Tomato,1378.35
2025-05-19,Madhya Pradesh,Bhopal,Bhopal,Tomato,1481.84
2025-05-20,Madhya Pradesh,Bhopal,Bhopal,Tomato,1449.8
2025-05-21,Madhya Pradesh,Bhopal,Bhopal,Tomato,1553.79
2025-05-22,Madhya Pradesh,Bhopal,Bhopal,Tomato,1564.03
2025-05-23,Madhya Pradesh,Bhopal,Bhopal,Tomato,1403.2
2025-05-24,Madhya Pradesh,Bhopal,Bhopal,Tomato,1445.0
2025-05-25,Madhya Pradesh,Bhopal,Bhopal,Tomato,1337.05
2025-05-26,Madhya Pradesh,Bhopal,Bhopal,Tomato,1500.95
2025-05-27,Madhya Pradesh,Bhopal,Bhopal,Tomato,1268.8
2025-05-28,Madhya Pradesh,Bhopal,Bhopal,Tomato,1528.86
2025-05-29,Madhya Pradesh,Bhopal,Bhopal,Tomato,1585.97
2025-05-30,Madhya Pradesh,Bhopal,Bhopal,Tomato,1696.67
2025-05-31,Madhya Pradesh,Bhopal,Bhopal,Tomato,1420.83
2025-06-01,Madhya Pradesh,Bhopal,Bhopal,Tomato,1468.0
2025-06-02,Madhya Pradesh,Bhopal,Bhopal,Tomato,1574.03
2025-06-03,Madhya Pradesh,Bhopal,Bhopal,Tomato,1309.45
2025-06-04,Madhya Pradesh,Bhopal,Bhopal,Tomato,1268.99
2025-06-05,Madhya Pradesh,Bhopal,Bhopal,Tomato,1280.61
2025-06-06,Madhya Pradesh,Bhopal,Bhopal,Tomato,1559.77
2025-06-07,Madhya Pradesh,Bhopal,Bhopal,Tomato,1254.22
2025-06-08,Madhya Pradesh,Bhopal,Bhopal,Tomato,1344.72
2025-06-09,Madhya Pradesh,Bhopal,Bhopal,Tomato,1381.0
2025-06-10,Madhya Pradesh,Bhopal,Bhopal,Tomato,1368.5
2025-06-11,Madhya Pradesh,Bhopal,Bhopal,Tomato,1445.01
2025-06-12,Madhya Pradesh,Bhopal,Bhopal,Tomato,1477.86
2025-06-13,Madhya Pradesh,Bhopal,Bhopal,Tomato,1597.05
2025-06-14,Madhya Pradesh,Bhopal,Bhopal,Tomato,1330.16
2025-06-15,Madhya Pradesh,Bhopal,Bhopal,Tomato,1297.34
2025-06-16,Madhya Pradesh,Bhopal,Bhopal,Tomato,1250.05
2025-06-17,Madhya Pradesh,Bhopal,Bhopal,Tomato,1409.61
2025-06-18,Madhya Pradesh,Bhopal,Bhopal,Tomato,1470.72
2025-06-19,Madhya Pradesh,Bhopal,Bhopal,Tomato,1479.92
2025-06-20,Madhya Pradesh,Bhopal,Bhopal,Tomato,1564.59
2025-06-21,Madhya Pradesh,Bhopal,Bhopal,Tomato,1288.8
2025-06-22,Madhya Pradesh,Bhopal,Bhopal,Tomato,1498.74
2025-06-23,Madhya Pradesh,Bhopal,Bhopal,Tomato,1441.05
2025-06-24,Madhya Pradesh,Bhopal,Bhopal,Tomato,1380.16
2025-06-25,Madhya Pradesh,Bhopal,Bhopal,Tomato,1533.0
2025-06-26,Madhya Pradesh,Bhopal,Bhopal,Tomato,1249.31
2025-06-27,Madhya Pradesh,Bhopal,Bhopal,Tomato,1370.93
2025-06-28,Madhya Pradesh,Bhopal,Bhopal,Tomato,1312.2
2025-06-29,Madhya Pradesh,Bhopal,Bhopal,Tomato,1388.47
2025-06-30,Madhya Pradesh,Bhopal,Bhopal,Tomato,1188.05
2025-07-01,Madhya Pradesh,Bhopal,Bhopal,Tomato,1360.96
2025-07-02,Madhya Pradesh,Bhopal,Bhopal,Tomato,1470.74
2025-07-03,Madhya Pradesh,Bhopal,Bhopal,Tomato,1459.02
2025-07-04,Madhya Pradesh,Bhopal,Bhopal,Tomato,1428.9
2025-07-05,Madhya Pradesh,Bhopal,Bhopal,Tomato,1267.67
2025-07-06,Madhya Pradesh,Bhopal,Bhopal,Tomato,1223.93
2025-07-07,Madhya Pradesh,Bhopal,Bhopal,Tomato,1372.61
2025-07-08,Madhya Pradesh,Bhopal,Bhopal,Tomato,1341.51
2025-07-09,Madhya Pradesh,Bhopal,Bhopal,Tomato,1317.24
2025-07-10,Madhya Pradesh,Bhopal,Bhopal,Tomato,1329.3
2025-07-11,Madhya Pradesh,Bhopal,Bhopal,Tomato,1183.39
2025-07-12,Madhya Pradesh,Bhopal,Bhopal,Tomato,1239.82
2025-07-13,Madhya Pradesh,Bhopal,Bhopal,Tomato,1451.77
2025-07-14,Madhya Pradesh,Bhopal,Bhopal,Tomato,1130.86
2025-07-15,Madhya Pradesh,Bhopal,Bhopal,Tomato,1268.56
2025-07-16,Madhya Pradesh,Bhopal,Bhopal,Tomato,1391.59
2025-07-17,Madhya Pradesh,Bhopal,Bhopal,Tomato,1229.29
2025-07-18,Madhya Pradesh,Bhopal,Bhopal,Tomato,1374.66
2025-07-19,Madhya Pradesh,Bhopal,Bhopal,Tomato,1405.72
2025-07-20,Madhya Pradesh,Bhopal,Bhopal,Tomato,1261.35
2025-07-21,Madhya Pradesh,Bhopal,Bhopal,Tomato,1468.14
2025-07-22,Madhya Pradesh,Bhopal,Bhopal,Tomato,1088.36
2025-07-23,Madhya Pradesh,Bhopal,Bhopal,Tomato,1374.39
2025-07-24,Madhya Pradesh,Bhopal,Bhopal,Tomato,1310.58
2025-07-25,Madhya Pradesh,Bhopal,Bhopal,Tomato,1408.18
2025-07-26,Madhya Pradesh,Bhopal,Bhopal,Tomato,1338.79
2025-07-27,Madhya Pradesh,Bhopal,Bhopal,Tomato,1177.12
2025-07-28,Madhya Pradesh,Bhopal,Bhopal,Tomato,1223.16
2025-07-29,Madhya Pradesh,Bhopal,Bhopal,Tomato,1055.64
2025-07-30,Madhya Pradesh,Bhopal,Bhopal,Tomato,1313.32
2025-07-31,Madhya Pradesh,Bhopal,Bhopal,Tomato,1333.85
2025-08-01,Madhya Pradesh,Bhopal,Bhopal,Tomato,1374.76
2025-08-02,Madhya Pradesh,Bhopal,Bhopal,Tomato,1374.06
2025-08-03,Madhya Pradesh,Bhopal,Bhopal,Tomato,1253.88
2025-08-04,Madhya Pradesh,Bhopal,Bhopal,Tomato,1198.47
2025-08-05,Madhya Pradesh,Bhopal,Bhopal,Tomato,1122.02
2025-08-06,Madhya Pradesh,Bhopal,Bhopal,Tomato,1179.99
2025-08-07,Madhya Pradesh,Bhopal,Bhopal,Tomato,1394.86
2025-08-08,Madhya Pradesh,Bhopal,Bhopal,Tomato,1427.7
2025-08-09,Madhya Pradesh,Bhopal,Bhopal,Tomato,1240.32
2025-08-10,Madhya Pradesh,Bhopal,Bhopal,Tomato,1209.33
2025-08-11,Madhya Pradesh,Bhopal,Bhopal,Tomato,1095.8
2025-08-12,Madhya Pradesh,Bhopal,Bhopal,Tomato,1276.37
2025-08-13,Madhya Pradesh,Bhopal,Bhopal,Tomato,1282.32
2025-08-14,Madhya Pradesh,Bhopal,Bhopal,Tomato,1443.51
2025-08-15,Madhya Pradesh,Bhopal,Bhopal,Tomato,1201.61
2025-08-16,Madhya Pradesh,Bhopal,Bhopal,Tomato,1212.16
2025-08-17,Madhya Pradesh,Bhopal,Bhopal,Tomato,1209.44
2025-08-18,Madhya Pradesh,Bhopal,Bhopal,Tomato,1207.56
2025-08-19,Madhya Pradesh,Bhopal,Bhopal,Tomato,1147.46
2025-08-20,Madhya Pradesh,Bhopal,Bhopal,Tomato,1136.49
2025-08-21,Madhya Pradesh,Bhopal,Bhopal,Tomato,1333.23
2025-08-22,Madhya Pradesh,Bhopal,Bhopal,Tomato,1329.3
2025-08-23,Madhya Pradesh,Bhopal,Bhopal,Tomato,1151.93
2025-08-24,Madhya Pradesh,Bhopal,Bhopal,Tomato,1288.5
2025-08-25,Madhya Pradesh,Bhopal,Bhopal,Tomato,1236.21
2025-08-26,Madhya Pradesh,Bhopal,Bhopal,Tomato,1163.4
2025-08-27,Madhya Pradesh,Bhopal,Bhopal,Tomato,1204.45
2025-08-28,Madhya Pradesh,Bhopal,Bhopal,Tomato,1291.12
2025-08-29,Madhya Pradesh,Bhopal,Bhopal,Tomato,1177.24
2025-08-30,Madhya Pradesh,Bhopal,Bhopal,Tomato,1221.5
2025-08-31,Madhya Pradesh,Bhopal,Bhopal,Tomato,990.09
2025-09-01,Madhya Pradesh,Bhopal,Bhopal,Tomato,1201.6
2025-09-02,Madhya Pradesh,Bhopal,Bhopal,Tomato,1017.45
2025-09-03,Madhya Pradesh,Bhopal,Bhopal,Tomato,1312.43
2025-09-04,Madhya Pradesh,Bhopal,Bhopal,Tomato,1204.08
2025-09-05,Madhya Pradesh,Bhopal,Bhopal,Tomato,1224.33
2025-09-06,Madhya Pradesh,Bhopal,Bhopal,Tomato,1156.35
2025-09-07,Madhya Pradesh,Bhopal,Bhopal,Tomato,1133.72
2025-09-08,Madhya Pradesh,Bhopal,Bhopal,Tomato,1235.67
2025-09-09,Madhya Pradesh,Bhopal,Bhopal,Tomato,936.93
2025-09-10,Madhya Pradesh,Bhopal,Bhopal,Tomato,1285.16
2025-09-11,Madhya Pradesh,Bhopal,Bhopal,Tomato,1253.89
2025-09-12,Madhya Pradesh,Bhopal,Bhopal,Tomato,1131.03
2025-09-13,Madhya Pradesh,Bhopal,Bhopal,Tomato,1112.22
2025-09-14,Madhya Pradesh,Bhopal,Bhopal,Tomato,1286.04
2025-09-15,Madhya Pradesh,Bhopal,Bhopal,Tomato,1044.49
2025-09-16,Madhya Pradesh,Bhopal,Bhopal,Tomato,1038.12
2025-09-17,Madhya Pradesh,Bhopal,Bhopal,Tomato,1268.22
2025-09-18,Madhya Pradesh,Bhopal,Bhopal,Tomato,1249.03
2025-09-19,Madhya Pradesh,Bhopal,Bhopal,Tomato,1150.18
2025-09-20,Madhya Pradesh,Bhopal,Bhopal,Tomato,1217.05
2025-09-21,Madhya Pradesh,Bhopal,Bhopal,Tomato,1065.25
2025-09-22,Madhya Pradesh,Bhopal,Bhopal,Tomato,1201.66
2025-09-23,Madhya Pradesh,Bhopal,Bhopal,Tomato,1210.55
2025-09-24,Madhya Pradesh,Bhopal,Bhopal,Tomato,1216.21
2025-09-25,Madhya Pradesh,Bhopal,Bhopal,Tomato,1249.16
2025-09-26,Madhya Pradesh,Bhopal,Bhopal,Tomato,1381.22
2025-09-27,Madhya Pradesh,Bhopal,Bhopal,Tomato,1197.94
2025-09-28,Madhya Pradesh,Bhopal,Bhopal,Tomato,1052.29
2025-09-29,Madhya Pradesh,Bhopal,Bhopal,Tomato,1150.75
2025-09-30,Madhya Pradesh,Bhopal,Bhopal,Tomato,1291.79
2025-10-01,Madhya Pradesh,Bhopal,Bhopal,Tomato,1090.0
2025-10-02,Madhya Pradesh,Bhopal,Bhopal,Tomato,1188.73
2025-10-03,Madhya Pradesh,Bhopal,Bhopal,Tomato,1267.26
2025-10-04,Madhya Pradesh,Bhopal,Bhopal,Tomato,1195.57
2025-10-05,Madhya Pradesh,Bhopal,Bhopal,Tomato,1070.61
2025-10-06,Madhya Pradesh,Bhopal,Bhopal,Tomato,1206.28
2025-10-07,Madhya Pradesh,Bhopal,Bhopal,Tomato,1314.03
2025-10-08,Madhya Pradesh,Bhopal,Bhopal,Tomato,1193.32
2025-10-09,Madhya Pradesh,Bhopal,Bhopal,Tomato,1146.53
2025-10-10,Madhya Pradesh,Bhopal,Bhopal,Tomato,1102.22
2025-10-11,Madhya Pradesh,Bhopal,Bhopal,Tomato,1227.07
2025-10-12,Madhya Pradesh,Bhopal,Bhopal,Tomato,1244.32
2025-10-13,Madhya Pradesh,Bhopal,Bhopal,Tomato,1161.5
2025-10-14,Madhya Pradesh,Bhopal,Bhopal,Tomato,1136.38
2025-10-15,Madhya Pradesh,Bhopal,Bhopal,Tomato,1135.13
2025-10-16,Madhya Pradesh,Bhopal,Bhopal,Tomato,1137.36
2025-10-17,Madhya Pradesh,Bhopal,Bhopal,Tomato,1317.01
2025-10-18,Madhya Pradesh,Bhopal,Bhopal,Tomato,1291.19
2025-10-19,Madhya Pradesh,Bhopal,Bhopal,Tomato,1037.52
2025-10-20,Madhya Pradesh,Bhopal,Bhopal,Tomato,1258.66
2025-10-21,Madhya Pradesh,Bhopal,Bhopal,Tomato,1191.6
2025-10-22,Madhya Pradesh,Bhopal,Bhopal,Tomato,1310.7
2025-10-23,Madhya Pradesh,Bhopal,Bhopal,Tomato,1125.41
2025-10-24,Madhya Pradesh,Bhopal,Bhopal,Tomato,1135.39
2025-10-25,Madhya Pradesh,Bhopal,Bhopal,Tomato,1212.05
2025-10-26,Madhya Pradesh,Bhopal,Bhopal,Tomato,1215.92
2025-10-27,Madhya Pradesh,Bhopal,Bhopal,Tomato,1287.71
2025-10-28,Madhya Pradesh,Bhopal,Bhopal,Tomato,1214.54
2025-10-29,Madhya Pradesh,Bhopal,Bhopal,Tomato,1185.9
2025-10-30,Madhya Pradesh,Bhopal,Bhopal,Tomato,1165.46
2025-10-31,Madhya Pradesh,Bhopal,Bhopal,Tomato,1378.84
2025-11-01,Madhya Pradesh,Bhopal,Bhopal,Tomato,1155.31
2025-11-02,Madhya Pradesh,Bhopal,Bhopal,Tomato,1324.0
2025-11-03,Madhya Pradesh,Bhopal,Bhopal,Tomato,1134.75
2025-11-04,Madhya Pradesh,Bhopal,Bhopal,Tomato,1302.23
2025-11-05,Madhya Pradesh,Bhopal,Bhopal,Tomato,1279.87
2025-11-06,Madhya Pradesh,Bhopal,Bhopal,Tomato,1259.88
2025-11-07,Madhya Pradesh,Bhopal,Bhopal,Tomato,1239.71
2025-11-08,Madhya Pradesh,Bhopal,Bhopal,Tomato,1225.9
2025-11-09,Madhya Pradesh,Bhopal,Bhopal,Tomato,1241.19
2025-11-10,Madhya Pradesh,Bhopal,Bhopal,Tomato,1180.57
2025-11-11,Madhya Pradesh,Bhopal,Bhopal,Tomato,1139.3
2025-11-12,Madhya Pradesh,Bhopal,Bhopal,Tomato,1225.42
2025-11-13,Madhya Pradesh,Bhopal,Bhopal,Tomato,1298.24
2025-11-14,Madhya Pradesh,Bhopal,Bhopal,Tomato,1111.47
2025-11-15,Madhya Pradesh,Bhopal,Bhopal,Tomato,1316.23
2025-11-16,Madhya Pradesh,Bhopal,Bhopal,Tomato,1140.07
2025-11-17,Madhya Pradesh,Bhopal,Bhopal,Tomato,1096.67
2025-11-18,Madhya Pradesh,Bhopal,Bhopal,Tomato,1065.3
2025-11-19,Madhya Pradesh,Bhopal,Bhopal,Tomato,1101.92
2025-11-20,Madhya Pradesh,Bhopal,Bhopal,Tomato,1188.09
2025-11-21,Madhya Pradesh,Bhopal,Bhopal,Tomato,1262.21
2025-11-22,Madhya Pradesh,Bhopal,Bhopal,Tomato,1474.46
2025-11-23,Madhya Pradesh,Bhopal,Bhopal,Tomato,1199.34
2025-11-24,Madhya Pradesh,Bhopal,Bhopal,Tomato,1228.94
2025-11-25,Madhya Pradesh,Bhopal,Bhopal,Tomato,1263.79
2025-11-26,Madhya Pradesh,Bhopal,Bhopal,Tomato,1294.45
2025-11-27,Madhya Pradesh,Bhopal,Bhopal,Tomato,1329.08
2025-11-28,Madhya Pradesh,Bhopal,Bhopal,Tomato,1239.17
2025-11-29,Madhya Pradesh,Bhopal,Bhopal,Tomato,1455.13
2025-11-30,Madhya Pradesh,Bhopal,Bhopal,Tomato,1428.71
2025-12-01,Madhya Pradesh,Bhopal,Bhopal,Tomato,1090.9
2025-12-02,Madhya Pradesh,Bhopal,Bhopal,Tomato,1162.73
2025-12-03,Madhya Pradesh,Bhopal,Bhopal,Tomato,1281.45
2025-12-04,Madhya Pradesh,Bhopal,Bhopal,Tomato,1269.96
2025-12-05,Madhya Pradesh,Bhopal,Bhopal,Tomato,1427.21
2025-12-06,Madhya Pradesh,Bhopal,Bhopal,Tomato,1277.94
2025-12-07,Madhya Pradesh,Bhopal,Bhopal,Tomato,1489.0
2025-12-08,Madhya Pradesh,Bhopal,Bhopal,Tomato,1365.91
2025-12-09,Madhya Pradesh,Bhopal,Bhopal,Tomato,1296.25
2025-12-10,Madhya Pradesh,Bhopal,Bhopal,Tomato,1428.82
2025-12-11,Madhya Pradesh,Bhopal,Bhopal,Tomato,1496.6
2025-12-12,Madhya Pradesh,Bhopal,Bhopal,Tomato,1350.5
2025-12-13,Madhya Pradesh,Bhopal,Bhopal,Tomato,1295.2
2025-12-14,Madhya Pradesh,Bhopal,Bhopal,Tomato,1326.36
2025-12-15,Madhya Pradesh,Bhopal,Bhopal,Tomato,1363.97
2025-12-16,Madhya Pradesh,Bhopal,Bhopal,Tomato,1315.9
2025-12-17,Madhya Pradesh,Bhopal,Bhopal,Tomato,1210.03
2025-12-18,Madhya Pradesh,Bhopal,Bhopal,Tomato,1337.81
2025-12-19,Madhya Pradesh,Bhopal,Bhopal,Tomato,1427.38
2025-12-20,Madhya Pradesh,Bhopal,Bhopal,Tomato,1394.46
2025-12-21,Madhya Pradesh,Bhopal,Bhopal,Tomato,1532.17
2025-12-22,Madhya Pradesh,Bhopal,Bhopal,Tomato,1185.51
2025-12-23,Madhya Pradesh,Bhopal,Bhopal,Tomato,1377.16
2025-12-24,Madhya Pradesh,Bhopal,Bhopal,Tomato,1532.96
2025-12-25,Madhya Pradesh,Bhopal,Bhopal,Tomato,1676.77
2025-12-26,Madhya Pradesh,Bhopal,Bhopal,Tomato,1423.0
2025-12-27,Madhya Pradesh,Bhopal,Bhopal,Tomato,1480.07
2025-12-28,Madhya Pradesh,Bhopal,Bhopal,Tomato,1428.89
2025-12-29,Madhya Pradesh,Bhopal,Bhopal,Tomato,1358.32
2025-12-30,Madhya Pradesh,Bhopal,Bhopal,Tomato,1348.13
2025-12-31,Madhya Pradesh,Bhopal,Bhopal,Tomato,1460.1
2026-01-01,Madhya Pradesh,Bhopal,Bhopal,Tomato,1214.79
2026-01-02,Madhya Pradesh,Bhopal,Bhopal,Tomato,1565.9
2026-01-03,Madhya Pradesh,Bhopal,Bhopal,Tomato,1473.09
2026-01-04,Madhya Pradesh,Bhopal,Bhopal,Tomato,1380.37
2026-01-05,Madhya Pradesh,Bhopal,Bhopal,Tomato,1563.26
2026-01-06,Madhya Pradesh,Bhopal,Bhopal,Tomato,1319.73
2026-01-07,Madhya Pradesh,Bhopal,Bhopal,Tomato,1404.84
2026-01-08,Madhya Pradesh,Bhopal,Bhopal,Tomato,1716.41
2026-01-09,Madhya Pradesh,Bhopal,Bhopal,Tomato,1435.89
2026-01-10,Madhya Pradesh,Bhopal,Bhopal,Tomato,1432.18
2026-01-11,Madhya Pradesh,Bhopal,Bhopal,Tomato,1415.56
2026-01-12,Madhya Pradesh,Bhopal,Bhopal,Tomato,1476.68
2026-01-13,Madhya Pradesh,Bhopal,Bhopal,Tomato,1433.22
2026-01-14,Madhya Pradesh,Bhopal,Bhopal,Tomato,1340.8
2026-01-15,Madhya Pradesh,Bhopal,Bhopal,Tomato,1478.8
2026-01-16,Madhya Pradesh,Bhopal,Bhopal,Tomato,1488.43
2026-01-17,Madhya Pradesh,Bhopal,Bhopal,Tomato,1510.31
2026-01-18,Madhya Pradesh,Bhopal,Bhopal,Tomato,1501.4
2026-01-19,Madhya Pradesh,Bhopal,Bhopal,Tomato,1463.03
2026-01-20,Madhya Pradesh,Bhopal,Bhopal,Tomato,1260.68
2026-01-21,Madhya Pradesh,Bhopal,Bhopal,Tomato,1614.05
2026-01-22,Madhya Pradesh,Bhopal,Bhopal,Tomato,1592.65
2026-01-23,Madhya Pradesh,Bhopal,Bhopal,Tomato,1737.1
2026-01-24,Madhya Pradesh,Bhopal,Bhopal,Tomato,1594.83
2026-01-25,Madhya Pradesh,Bhopal,Bhopal,Tomato,1599.3
2026-01-26,Madhya Pradesh,Bhopal,Bhopal,Tomato,1494.7
2026-01-27,Madhya Pradesh,Bhopal,Bhopal,Tomato,1603.92
2026-01-28,Madhya Pradesh,Bhopal,Bhopal,Tomato,1585.11
2026-01-29,Madhya Pradesh,Bhopal,Bhopal,Tomato,1581.98
2026-01-30,Madhya Pradesh,Bhopal,Bhopal,Tomato,1867.98
2026-01-31,Madhya Pradesh,Bhopal,Bhopal,Tomato,1671.78
2026-02-01,Madhya Pradesh,Bhopal,Bhopal,Tomato,1571.27
2026-02-02,Madhya Pradesh,Bhopal,Bhopal,Tomato,1340.76
2026-02-03,Madhya Pradesh,Bhopal,Bhopal,Tomato,1356.28
2026-02-04,Madhya Pradesh,Bhopal,Bhopal,Tomato,1586.81
2026-02-05,Madhya Pradesh,Bhopal,Bhopal,Tomato,1635.92
2026-02-06,Madhya Pradesh,Bhopal,Bhopal,Tomato,1567.74
2026-02-07,Madhya Pradesh,Bhopal,Bhopal,Tomato,1615.25
2026-02-08,Madhya Pradesh,Bhopal,Bhopal,Tomato,1705.6
2026-02-09,Madhya Pradesh,Bhopal,Bhopal,Tomato,1568.52
2026-02-10,Madhya Pradesh,Bhopal,Bhopal,Tomato,1393.19
2026-02-11,Madhya Pradesh,Bhopal,Bhopal,Tomato,1566.73
2026-02-12,Madhya Pradesh,Bhopal,Bhopal,Tomato,1551.56
2026-02-13,Madhya Pradesh,Bhopal,Bhopal,Tomato,1617.76
2026-02-14,Madhya Pradesh,Bhopal,Bhopal,Tomato,1576.28
2026-02-15,Madhya Pradesh,Bhopal,Bhopal,Tomato,1505.37
2026-02-16,Madhya Pradesh,Bhopal,Bhopal,Tomato,1384.03
2026-02-17,Madhya Pradesh,Bhopal,Bhopal,Tomato,1521.98
2026-02-18,Madhya Pradesh,Bhopal,Bhopal,Tomato,1538.38
2026-02-19,Madhya Pradesh,Bhopal,Bhopal,Tomato,1325.1
2026-02-20,Madhya Pradesh,Bhopal,Bhopal,Tomato,1927.71
2026-02-21,Madhya Pradesh,Bhopal,Bhopal,Tomato,1770.35
2026-02-22,Madhya Pradesh,Bhopal,Bhopal,Tomato,1536.34
2026-02-23,Madhya Pradesh,Bhopal,Bhopal,Tomato,1538.96
2026-02-24,Madhya Pradesh,Bhopal,Bhopal,Tomato,1427.63
2026-02-25,Madhya Pradesh,Bhopal,Bhopal,Tomato,1813.58
2026-02-26,Madhya Pradesh,Bhopal,Bhopal,Tomato,1911.36
2026-02-27,Madhya Pradesh,Bhopal,Bhopal,Tomato,1724.39
2026-02-28,Madhya Pradesh,Bhopal,Bhopal,Tomato,1783.52
2026-03-01,Madhya Pradesh,Bhopal,Bhopal,Tomato,1615.63
2026-03-02,Madhya Pradesh,Bhopal,Bhopal,Tomato,1408.8
2026-03-03,Madhya Pradesh,Bhopal,Bhopal,Tomato,1526.97
2026-03-04,Madhya Pradesh,Bhopal,Bhopal,Tomato,1653.72
2026-03-05,Madhya Pradesh,Bhopal,Bhopal,Tomato,1650.76
2026-03-06,Madhya Pradesh,Bhopal,Bhopal,Tomato,1696.81
2026-03-07,Madhya Pradesh,Bhopal,Bhopal,Tomato,1670.19
2026-03-08,Madhya Pradesh,Bhopal,Bhopal,Tomato,1602.49
2026-03-09,Madhya Pradesh,Bhopal,Bhopal,Tomato,1574.74
2026-03-10,Madhya Pradesh,Bhopal,Bhopal,Tomato,1469.03
2026-03-11,Madhya Pradesh,Bhopal,Bhopal,Tomato,1570.35
2026-03-12,Madhya Pradesh,Bhopal,Bhopal,Tomato,1565.25
2026-03-13,Madhya Pradesh,Bhopal,Bhopal,Tomato,1856.74
2026-03-14,Madhya Pradesh,Bhopal,Bhopal,Tomato,1444.96
2026-03-15,Madhya Pradesh,Bhopal,Bhopal,Tomato,1755.62
2026-03-16,Madhya Pradesh,Bhopal,Bhopal,Tomato,1734.51
2026-03-17,Madhya Pradesh,Bhopal,Bhopal,Tomato,1564.82
2026-03-18,Madhya Pradesh,Bhopal,Bhopal,Tomato,1361.75
2026-03-19,Madhya Pradesh,Bhopal,Bhopal,Tomato,1687.98
2026-03-20,Madhya Pradesh,Bhopal,Bhopal,Tomato,1741.46
2026-03-21,Madhya Pradesh,Bhopal,Bhopal,Tomato,1584.9
2026-03-22,Madhya Pradesh,Bhopal,Bhopal,Tomato,1575.41
2026-03-23,Madhya Pradesh,Bhopal,Bhopal,Tomato,1760.65
2026-03-24,Madhya Pradesh,Bhopal,Bhopal,Tomato,1682.36
2026-03-25,Madhya Pradesh,Bhopal,Bhopal,Tomato,1565.66
2026-03-26,Madhya Pradesh,Bhopal,Bhopal,Tomato,1545.85
2026-03-27,Madhya Pradesh,Bhopal,Bhopal,Tomato,1717.41
2026-03-28,Madhya Pradesh,Bhopal,Bhopal,Tomato,1687.61
2026-03-29,Madhya Pradesh,Bhopal,Bhopal,Tomato,1698.26
2026-03-30,Madhya Pradesh,Bhopal,Bhopal,Tomato,1536.75
2026-03-31,Madhya Pradesh,Bhopal,Bhopal,Tomato,1671.21
2026-04-01,Madhya Pradesh,Bhopal,Bhopal,Tomato,1907.24
2026-04-02,Madhya Pradesh,Bhopal,Bhopal,Tomato,1845.61
2026-04-03,Madhya Pradesh,Bhopal,Bhopal,Tomato,1756.75
2026-04-04,Madhya Pradesh,Bhopal,Bhopal,Tomato,1695.63
2026-04-05,Madhya Pradesh,Bhopal,Bhopal,Tomato,1603.98
2026-04-06,Madhya Pradesh,Bhopal,Bhopal,Tomato,1732.07
2026-04-07,Madhya Pradesh,Bhopal,Bhopal,Tomato,1545.33
2026-04-08,Madhya Pradesh,Bhopal,Bhopal,Tomato,1687.55
2026-04-09,Madhya Pradesh,Bhopal,Bhopal,Tomato,1754.36
2026-04-10,Madhya Pradesh,Bhopal,Bhopal,Tomato,1702.4
2026-04-11,Madhya Pradesh,Bhopal,Bhopal,Tomato,1553.7
2026-04-12,Madhya Pradesh,Bhopal,Bhopal,Tomato,1682.96
2026-04-13,Madhya Pradesh,Bhopal,Bhopal,Tomato,1593.26
2026-04-14,Madhya Pradesh,Bhopal,Bhopal,Tomato,1672.71
2026-04-15,Madhya Pradesh,Bhopal,Bhopal,Tomato,1618.76
2026-04-16,Madhya Pradesh,Bhopal,Bhopal,Tomato,1896.24
2026-04-17,Madhya Pradesh,Bhopal,Bhopal,Tomato,1654.56
2026-04-18,Madhya Pradesh,Bhopal,Bhopal,Tomato,1922.53
2026-04-19,Madhya Pradesh,Bhopal,Bhopal,Tomato,1442.31
2026-04-20,Madhya Pradesh,Bhopal,Bhopal,Tomato,1645.94
2026-04-21,Madhya Pradesh,Bhopal,Bhopal,Tomato,1666.58
2026-04-22,Madhya Pradesh,Bhopal,Bhopal,Tomato,1584.35
2026-04-23,Madhya Pradesh,Bhopal,Bhopal,Tomato,1794.31
2026-04-24,Madhya Pradesh,Bhopal,Bhopal,Tomato,1915.28
2026-04-25,Madhya Pradesh,Bhopal,Bhopal,Tomato,1445.96
2026-04-26,Madhya Pradesh,Bhopal,Bhopal,Tomato,1695.56
2026-04-27,Madhya Pradesh,Bhopal,Bhopal,Tomato,1313.85
2026-04-28,Madhya Pradesh,Bhopal,Bhopal,Tomato,1498.12
2026-04-29,Madhya Pradesh,Bhopal,Bhopal,Tomato,1861.5
2026-04-30,Madhya Pradesh,Bhopal,Bhopal,Tomato,1664.33
2026-05-01,Madhya Pradesh,Bhopal,Bhopal,Tomato,1605.99
2026-05-02,Madhya Pradesh,Bhopal,Bhopal,Tomato,1679.67
2026-05-03,Madhya Pradesh,Bhopal,Bhopal,Tomato,1865.46
2026-05-04,Madhya Pradesh,Bhopal,Bhopal,Tomato,1380.14
2026-05-05,Madhya Pradesh,Bhopal,Bhopal,Tomato,1480.16
2026-05-06,Madhya Pradesh,Bhopal,Bhopal,Tomato,1835.3
2026-05-07,Madhya Pradesh,Bhopal,Bhopal,Tomato,1948.67
2026-05-08,Madhya Pradesh,Bhopal,Bhopal,Tomato,1726.1
2026-05-09,Madhya Pradesh,Bhopal,Bhopal,Tomato,1545.31
2026-05-10,Madhya Pradesh,Bhopal,Bhopal,Tomato,1855.9
2026-05-11,Madhya Pradesh,Bhopal,Bhopal,Tomato,1747.4
2026-05-12,Madhya Pradesh,Bhopal,Bhopal,Tomato,1661.47
2026-05-13,Madhya Pradesh,Bhopal,Bhopal,Tomato,1554.91
2026-05-14,Madhya Pradesh,Bhopal,Bhopal,Tomato,1705.17
2026-05-15,Madhya Pradesh,Bhopal,Bhopal,Tomato,1705.42
2026-05-16,Madhya Pradesh,Bhopal,Bhopal,Tomato,1717.01
2026-05-17,Madhya Pradesh,Bhopal,Bhopal,Tomato,1767.78
2026-05-18,Madhya Pradesh,Bhopal,Bhopal,Tomato,1654.24
2026-05-19,Madhya Pradesh,Bhopal,Bhopal,Tomato,1453.42
2026-05-20,Madhya Pradesh,Bhopal,Bhopal,Tomato,1791.03
2026-05-21,Madhya Pradesh,Bhopal,Bhopal,Tomato,1732.21
2026-05-22,Madhya Pradesh,Bhopal,Bhopal,Tomato,1790.46
2026-05-23,Madhya Pradesh,Bhopal,Bhopal,Tomato,1832.35
2026-05-24,Madhya Pradesh,Bhopal,Bhopal,Tomato,1465.14
2026-05-25,Madhya Pradesh,Bhopal,Bhopal,Tomato,1538.57
2026-05-26,Madhya Pradesh,Bhopal,Bhopal,Tomato,1497.76
2026-05-27,Madhya Pradesh,Bhopal,Bhopal,Tomato,1438.92
2026-05-28,Madhya Pradesh,Bhopal,Bhopal,Tomato,1717.44
2026-05-29,Madhya Pradesh,Bhopal,Bhopal,Tomato,1986.55
2026-05-30,Madhya Pradesh,Bhopal,Bhopal,Tomato,1431.51
2026-05-31,Madhya Pradesh,Bhopal,Bhopal,Tomato,1567.12
2026-06-01,Madhya Pradesh,Bhopal,Bhopal,Tomato,1592.94
2026-06-02,Madhya Pradesh,Bhopal,Bhopal,Tomato,1550.58
2026-06-03,Madhya Pradesh,Bhopal,Bhopal,Tomato,1584.36
2026-06-04,Madhya Pradesh,Bhopal,Bhopal,Tomato,1505.78
2026-06-05,Madhya Pradesh,Bhopal,Bhopal,Tomato,1695.92
2026-06-06,Madhya Pradesh,Bhopal,Bhopal,Tomato,1536.7
2026-06-07,Madhya Pradesh,Bhopal,Bhopal,Tomato,1313.08
2026-06-08,Madhya Pradesh,Bhopal,Bhopal,Tomato,1630.9
2026-06-09,Madhya Pradesh,Bhopal,Bhopal,Tomato,1619.18
2026-06-10,Madhya Pradesh,Bhopal,Bhopal,Tomato,1581.73
2026-06-11,Madhya Pradesh,Bhopal,Bhopal,Tomato,1660.61
2026-06-12,Madhya Pradesh,Bhopal,Bhopal,Tomato,1770.1
2026-06-13,Madhya Pradesh,Bhopal,Bhopal,Tomato,1625.73
2026-06-14,Madhya Pradesh,Bhopal,Bhopal,Tomato,1626.29
2026-06-15,Madhya Pradesh,Bhopal,Bhopal,Tomato,1453.25
2026-06-16,Madhya Pradesh,Bhopal,Bhopal,Tomato,1633.51
2026-06-17,Madhya Pradesh,Bhopal,Bhopal,Tomato,1588.61
2026-06-18,Madhya Pradesh,Bhopal,Bhopal,Tomato,1632.94
2026-06-19,Madhya Pradesh,Bhopal,Bhopal,Tomato,1478.32
2026-06-20,Madhya Pradesh,Bhopal,Bhopal,Tomato,1609.02
2026-06-21,Madhya Pradesh,Bhopal,Bhopal,Tomato,1419.33
2026-06-22,Madhya Pradesh,Bhopal,Bhopal,Tomato,1396.91
2026-06-23,Madhya Pradesh,Bhopal,Bhopal,Tomato,1389.74
2026-06-24,Madhya Pradesh,Bhopal,Bhopal,Tomato,1416.23
2026-06-25,Madhya Pradesh,Bhopal,Bhopal,Tomato,1822.77
2026-06-26,Madhya Pradesh,Bhopal,Bhopal,Tomato,1746.87
2026-06-27,Madhya Pradesh,Bhopal,Bhopal,Tomato,1762.06
2026-06-28,Madhya Pradesh,Bhopal,Bhopal,Tomato,1356.93
2026-06-29,Madhya Pradesh,Bhopal,Bhopal,Tomato,1446.86
2026-06-30,Madhya Pradesh,Bhopal,Bhopal,Tomato,1319.62
2026-07-01,Madhya Pradesh,Bhopal,Bhopal,Tomato,1433.23
2026-07-02,Madhya Pradesh,Bhopal,Bhopal,Tomato,1461.54
2026-07-03,Madhya Pradesh,Bhopal,Bhopal,Tomato,1709.31
2026-07-04,Madhya Pradesh,Bhopal,Bhopal,Tomato,1486.35
2026-07-05,Madhya Pradesh,Bhopal,Bhopal,Tomato,1569.69
2026-07-06,Madhya Pradesh,Bhopal,Bhopal,Tomato,1476.73
2026-07-07,Madhya Pradesh,Bhopal,Bhopal,Tomato,1658.15
2026-07-08,Madhya Pradesh,Bhopal,Bhopal,Tomato,1329.01
2026-07-09,Madhya Pradesh,Bhopal,Bhopal,Tomato,1672.42
2026-07-10,Madhya Pradesh,Bhopal,Bhopal,Tomato,1671.83
2026-07-11,Madhya Pradesh,Bhopal,Bhopal,Tomato,1401.73
2026-07-12,Madhya Pradesh,Bhopal,Bhopal,Tomato,1538.31
2026-07-13,Madhya Pradesh,Bhopal,Bhopal,Tomato,1426.83
2026-07-14,Madhya Pradesh,Bhopal,Bhopal,Tomato,1382.55
2026-07-15,Madhya Pradesh,Bhopal,Bhopal,Tomato,1374.56
2026-07-16,Madhya Pradesh,Bhopal,Bhopal,Tomato,1436.1
2026-07-17,Madhya Pradesh,Bhopal,Bhopal,Tomato,1741.24
2026-07-18,Madhya Pradesh,Bhopal,Bhopal,Tomato,1480.13
2026-07-19,Madhya Pradesh,Bhopal,Bhopal,Tomato,1491.36
2026-07-20,Madhya Pradesh,Bhopal,Bhopal,Tomato,1295.76
2026-07-21,Madhya Pradesh,Bhopal,Bhopal,Tomato,1307.0
2026-07-22,Madhya Pradesh,Bhopal,Bhopal,Tomato,1544.15
2026-07-23,Madhya Pradesh,Bhopal,Bhopal,Tomato,1347.58
2026-07-24,Madhya Pradesh,Bhopal,Bhopal,Tomato,1455.05
2026-07-25,Madhya Pradesh,Bhopal,Bhopal,Tomato,1460.14
2026-07-26,Madhya Pradesh,Bhopal,Bhopal,Tomato,1402.54
2026-07-27,Madhya Pradesh,Bhopal,Bhopal,Tomato,1333.28
2026-07-28,Madhya Pradesh,Bhopal,Bhopal,Tomato,1398.6
2026-07-29,Madhya Pradesh,Bhopal,Bhopal,Tomato,1481.69
2026-07-30,Madhya Pradesh,Bhopal,Bhopal,Tomato,1540.54
2026-07-31,Madhya Pradesh,Bhopal,Bhopal,Tomato,1373.78
2026-08-01,Madhya Pradesh,Bhopal,Bhopal,Tomato,1405.92
2026-08-02,Madhya Pradesh,Bhopal,Bhopal,Tomato,1485.23
2026-08-03,Madhya Pradesh,Bhopal,Bhopal,Tomato,1413.17
2026-08-04,Madhya Pradesh,Bhopal,Bhopal,Tomato,1211.74
2026-08-05,Madhya Pradesh,Bhopal,Bhopal,Tomato,1426.47
2026-08-06,Madhya Pradesh,Bhopal,Bhopal,Tomato,1243.75
2026-08-07,Madhya Pradesh,Bhopal,Bhopal,Tomato,1458.9
2026-08-08,Madhya Pradesh,Bhopal,Bhopal,Tomato,1601.57
2026-08-09,Madhya Pradesh,Bhopal,Bhopal,Tomato,1261.39
2026-08-10,Madhya Pradesh,Bhopal,Bhopal,Tomato,1234.53
2026-08-11,Madhya Pradesh,Bhopal,Bhopal,Tomato,1392.54
2026-08-12,Madhya Pradesh,Bhopal,Bhopal,Tomato,1224.71
2026-08-13,Madhya Pradesh,Bhopal,Bhopal,Tomato,1360.9
2026-08-14,Madhya Pradesh,Bhopal,Bhopal,Tomato,1494.42
2026-08-15,Madhya Pradesh,Bhopal,Bhopal,Tomato,1333.03
2026-08-16,Madhya Pradesh,Bhopal,Bhopal,Tomato,1311.3
2026-08-17,Madhya Pradesh,Bhopal,Bhopal,Tomato,1361.58
2026-08-18,Madhya Pradesh,Bhopal,Bhopal,Tomato,1343.53
2026-08-19,Madhya Pradesh,Bhopal,Bhopal,Tomato,1381.12
2026-08-20,Madhya Pradesh,Bhopal,Bhopal,Tomato,1373.05
2026-08-21,Madhya Pradesh,Bhopal,Bhopal,Tomato,1453.88
2026-08-22,Madhya Pradesh,Bhopal,Bhopal,Tomato,1366.45
2026-08-23,Madhya Pradesh,Bhopal,Bhopal,Tomato,1360.01
2026-08-24,Madhya Pradesh,Bhopal,Bhopal,Tomato,1234.87
2026-08-25,Madhya Pradesh,Bhopal,Bhopal,Tomato,1273.92
2026-08-26,Madhya Pradesh,Bhopal,Bhopal,Tomato,1248.02
2026-08-27,Madhya Pradesh,Bhopal,Bhopal,Tomato,1387.96
2026-08-28,Madhya Pradesh,Bhopal,Bhopal,Tomato,1322.74
2026-08-29,Madhya Pradesh,Bhopal,Bhopal,Tomato,1257.94
2026-08-30,Madhya Pradesh,Bhopal,Bhopal,Tomato,1328.3
2026-08-31,Madhya Pradesh,Bhopal,Bhopal,Tomato,1285.86
2025-01-01,Madhya Pradesh,Bhopal,Bhopal,Onion,1708.78
2025-01-02,Madhya Pradesh,Bhopal,Bhopal,Onion,1637.32
2025-01-03,Madhya Pradesh,Bhopal,Bhopal,Onion,1757.75
2025-01-04,Madhya Pradesh,Bhopal,Bhopal,Onion,1734.09
2025-01-05,Madhya Pradesh,Bhopal,Bhopal,Onion,1653.38
2025-01-06,Madhya Pradesh,Bhopal,Bhopal,Onion,1473.26
2025-01-07,Madhya Pradesh,Bhopal,Bhopal,Onion,1600.63
2025-01-08,Madhya Pradesh,Bhopal,Bhopal,Onion,1695.39
2025-01-09,Madhya Pradesh,Bhopal,Bhopal,Onion,1723.67
2025-01-10,Madhya Pradesh,Bhopal,Bhopal,Onion,1489.09
2025-01-11,Madhya Pradesh,Bhopal,Bhopal,Onion,1722.75
2025-01-12,Madhya Pradesh,Bhopal,Bhopal,Onion,1889.24
2025-01-13,Madhya Pradesh,Bhopal,Bhopal,Onion,1554.91
2025-01-14,Madhya Pradesh,Bhopal,Bhopal,Onion,1533.46
2025-01-15,Madhya Pradesh,Bhopal,Bhopal,Onion,1730.29
2025-01-16,Madhya Pradesh,Bhopal,Bhopal,Onion,1795.4
2025-01-17,Madhya Pradesh,Bhopal,Bhopal,Onion,1926.64
2025-01-18,Madhya Pradesh,Bhopal,Bhopal,Onion,1584.09
2025-01-19,Madhya Pradesh,Bhopal,Bhopal,Onion,1753.17
2025-01-20,Madhya Pradesh,Bhopal,Bhopal,Onion,1693.24
2025-01-21,Madhya Pradesh,Bhopal,Bhopal,Onion,1630.54
2025-01-22,Madhya Pradesh,Bhopal,Bhopal,Onion,1759.22
2025-01-23,Madhya Pradesh,Bhopal,Bhopal,Onion,1919.38
2025-01-24,Madhya Pradesh,Bhopal,Bhopal,Onion,1922.35
2025-01-25,Madhya Pradesh,Bhopal,Bhopal,Onion,1627.98
2025-01-26,Madhya Pradesh,Bhopal,Bhopal,Onion,1796.3
2025-01-27,Madhya Pradesh,Bhopal,Bhopal,Onion,1648.5
2025-01-28,Madhya Pradesh,Bhopal,Bhopal,Onion,1685.59
2025-01-29,Madhya Pradesh,Bhopal,Bhopal,Onion,1758.59
2025-01-30,Madhya Pradesh,Bhopal,Bhopal,Onion,1803.35
2025-01-31,Madhya Pradesh,Bhopal,Bhopal,Onion,1997.79
2025-02-01,Madhya Pradesh,Bhopal,Bhopal,Onion,1790.21
2025-02-02,Madhya Pradesh,Bhopal,Bhopal,Onion,1592.98
2025-02-03,Madhya Pradesh,Bhopal,Bhopal,Onion,1638.22
2025-02-04,Madhya Pradesh,Bhopal,Bhopal,Onion,1727.06
2025-02-05,Madhya Pradesh,Bhopal,Bhopal,Onion,1932.34
2025-02-06,Madhya Pradesh,Bhopal,Bhopal,Onion,1931.27
2025-02-07,Madhya Pradesh,Bhopal,Bhopal,Onion,1762.89
2025-02-08,Madhya Pradesh,Bhopal,Bhopal,Onion,2148.63
2025-02-09,Madhya Pradesh,Bhopal,Bhopal,Onion,1788.94
2025-02-10,Madhya Pradesh,Bhopal,Bhopal,Onion,1864.35
2025-02-11,Madhya Pradesh,Bhopal,Bhopal,Onion,1714.24
2025-02-12,Madhya Pradesh,Bhopal,Bhopal,Onion,1874.42
2025-02-13,Madhya Pradesh,Bhopal,Bhopal,Onion,1992.09
2025-02-14,Madhya Pradesh,Bhopal,Bhopal,Onion,2065.19
2025-02-15,Madhya Pradesh,Bhopal,Bhopal,Onion,1995.1
2025-02-16,Madhya Pradesh,Bhopal,Bhopal,Onion,1891.09
2025-02-17,Madhya Pradesh,Bhopal,Bhopal,Onion,1698.11
2025-02-18,Madhya Pradesh,Bhopal,Bhopal,Onion,1687.09
2025-02-19,Madhya Pradesh,Bhopal,Bhopal,Onion,1875.07
2025-02-20,Madhya Pradesh,Bhopal,Bhopal,Onion,2032.21
2025-02-21,Madhya Pradesh,Bhopal,Bhopal,Onion,1898.81
2025-02-22,Madhya Pradesh,Bhopal,Bhopal,Onion,2022.88
2025-02-23,Madhya Pradesh,Bhopal,Bhopal,Onion,1989.39
2025-02-24,Madhya Pradesh,Bhopal,Bhopal,Onion,1646.08
2025-02-25,Madhya Pradesh,Bhopal,Bhopal,Onion,1675.51
2025-02-26,Madhya Pradesh,Bhopal,Bhopal,Onion,1837.05
2025-02-27,Madhya Pradesh,Bhopal,Bhopal,Onion,1972.55
2025-02-28,Madhya Pradesh,Bhopal,Bhopal,Onion,1880.36
2025-03-01,Madhya Pradesh,Bhopal,Bhopal,Onion,2084.95
2025-03-02,Madhya Pradesh,Bhopal,Bhopal,Onion,1880.8
2025-03-03,Madhya Pradesh,Bhopal,Bhopal,Onion,1783.64
2025-03-04,Madhya Pradesh,Bhopal,Bhopal,Onion,1618.55
2025-03-05,Madhya Pradesh,Bhopal,Bhopal,Onion,1702.56
2025-03-06,Madhya Pradesh,Bhopal,Bhopal,Onion,1989.69
2025-03-07,Madhya Pradesh,Bhopal,Bhopal,Onion,1677.7
2025-03-08,Madhya Pradesh,Bhopal,Bhopal,Onion,2060.13
2025-03-09,Madhya Pradesh,Bhopal,Bhopal,Onion,1824.01
2025-03-10,Madhya Pradesh,Bhopal,Bhopal,Onion,2203.31
2025-03-11,Madhya Pradesh,Bhopal,Bhopal,Onion,2109.47
2025-03-12,Madhya Pradesh,Bhopal,Bhopal,Onion,1868.14
2025-03-13,Madhya Pradesh,Bhopal,Bhopal,Onion,1953.72
2025-03-14,Madhya Pradesh,Bhopal,Bhopal,Onion,2127.44
2025-03-15,Madhya Pradesh,Bhopal,Bhopal,Onion,2170.83
2025-03-16,Madhya Pradesh,Bhopal,Bhopal,Onion,1645.95
2025-03-17,Madhya Pradesh,Bhopal,Bhopal,Onion,1583.22
2025-03-18,Madhya Pradesh,Bhopal,Bhopal,Onion,1749.91
2025-03-19,Madhya Pradesh,Bhopal,Bhopal,Onion,1983.48
2025-03-20,Madhya Pradesh,Bhopal,Bhopal,Onion,2050.89
2025-03-21,Madhya Pradesh,Bhopal,Bhopal,Onion,2151.96
2025-03-22,Madhya Pradesh,Bhopal,Bhopal,Onion,1788.02
2025-03-23,Madhya Pradesh,Bhopal,Bhopal,Onion,1567.2
2025-03-24,Madhya Pradesh,Bhopal,Bhopal,Onion,1929.35
2025-03-25,Madhya Pradesh,Bhopal,Bhopal,Onion,1733.1
2025-03-26,Madhya Pradesh,Bhopal,Bhopal,Onion,1645.13
2025-03-27,Madhya Pradesh,Bhopal,Bhopal,Onion,2012.14
2025-03-28,Madhya Pradesh,Bhopal,Bhopal,Onion,2123.24
2025-03-29,Madhya Pradesh,Bhopal,Bhopal,Onion,1943.94
2025-03-30,Madhya Pradesh,Bhopal,Bhopal,Onion,1818.14
2025-03-31,Madhya Pradesh,Bhopal,Bhopal,Onion,1806.83
2025-04-01,Madhya Pradesh,Bhopal,Bhopal,Onion,1798.61
2025-04-02,Madhya Pradesh,Bhopal,Bhopal,Onion,1740.94
2025-04-03,Madhya Pradesh,Bhopal,Bhopal,Onion,1898.18
2025-04-04,Madhya Pradesh,Bhopal,Bhopal,Onion,2090.9
2025-04-05,Madhya Pradesh,Bhopal,Bhopal,Onion,2010.02
2025-04-06,Madhya Pradesh,Bhopal,Bhopal,Onion,1904.82
2025-04-07,Madhya Pradesh,Bhopal,Bhopal,Onion,1703.39
2025-04-08,Madhya Pradesh,Bhopal,Bhopal,Onion,1826.27
2025-04-09,Madhya Pradesh,Bhopal,Bhopal,Onion,1631.82
2025-04-10,Madhya Pradesh,Bhopal,Bhopal,Onion,2025.58
2025-04-11,Madhya Pradesh,Bhopal,Bhopal,Onion,2221.17
2025-04-12,Madhya Pradesh,Bhopal,Bhopal,Onion,1764.11
2025-04-13,Madhya Pradesh,Bhopal,Bhopal,Onion,1806.2
2025-04-14,Madhya Pradesh,Bhopal,Bhopal,Onion,1873.38
2025-04-15,Madhya Pradesh,Bhopal,Bhopal,Onion,2011.73
2025-04-16,Madhya Pradesh,Bhopal,Bhopal,Onion,1864.06
2025-04-17,Madhya Pradesh,Bhopal,Bhopal,Onion,1902.37
2025-04-18,Madhya Pradesh,Bhopal,Bhopal,Onion,1739.29
2025-04-19,Madhya Pradesh,Bhopal,Bhopal,Onion,1978.95
2025-04-20,Madhya Pradesh,Bhopal,Bhopal,Onion,2149.52
2025-04-21,Madhya Pradesh,Bhopal,Bhopal,Onion,1863.51
2025-04-22,Madhya Pradesh,Bhopal,Bhopal,Onion,1842.96
2025-04-23,Madhya Pradesh,Bhopal,Bhopal,Onion,1963.38
2025-04-24,Madhya Pradesh,Bhopal,Bhopal,Onion,1992.66
2025-04-25,Madhya Pradesh,Bhopal,Bhopal,Onion,1897.22
2025-04-26,Madhya Pradesh,Bhopal,Bhopal,Onion,2071.63
2025-04-27,Madhya Pradesh,Bhopal,Bhopal,Onion,1904.09
2025-04-28,Madhya Pradesh,Bhopal,Bhopal,Onion,1823.75
2025-04-29,Madhya Pradesh,Bhopal,Bhopal,Onion,1713.24
2025-04-30,Madhya Pradesh,Bhopal,Bhopal,Onion,2086.74
2025-05-01,Madhya Pradesh,Bhopal,Bhopal,Onion,2077.95
2025-05-02,Madhya Pradesh,Bhopal,Bhopal,Onion,1924.97
2025-05-03,Madhya Pradesh,Bhopal,Bhopal,Onion,2085.96
2025-05-04,Madhya Pradesh,Bhopal,Bhopal,Onion,1799.97
2025-05-05,Madhya Pradesh,Bhopal,Bhopal,Onion,1712.6
2025-05-06,Madhya Pradesh,Bhopal,Bhopal,Onion,1731.27
2025-05-07,Madhya Pradesh,Bhopal,Bhopal,Onion,1665.41
2025-05-08,Madhya Pradesh,Bhopal,Bhopal,Onion,2038.63
2025-05-09,Madhya Pradesh,Bhopal,Bhopal,Onion,1734.76
2025-05-10,Madhya Pradesh,Bhopal,Bhopal,Onion,1769.95
2025-05-11,Madhya Pradesh,Bhopal,Bhopal,Onion,1583.12
2025-05-12,Madhya Pradesh,Bhopal,Bhopal,Onion,1788.18
2025-05-13,Madhya Pradesh,Bhopal,Bhopal,Onion,1796.1
2025-05-14,Madhya Pradesh,Bhopal,Bhopal,Onion,1843.67
2025-05-15,Madhya Pradesh,Bhopal,Bhopal,Onion,1815.3
2025-05-16,Madhya Pradesh,Bhopal,Bhopal,Onion,1811.98
2025-05-17,Madhya Pradesh,Bhopal,Bhopal,Onion,1983.02
2025-05-18,Madhya Pradesh,Bhopal,Bhopal,Onion,1765.85
2025-05-19,Madhya Pradesh,Bhopal,Bhopal,Onion,1822.95
2025-05-20,Madhya Pradesh,Bhopal,Bhopal,Onion,1687.61
2025-05-21,Madhya Pradesh,Bhopal,Bhopal,Onion,1893.37
2025-05-22,Madhya Pradesh,Bhopal,Bhopal,Onion,2116.98
2025-05-23,Madhya Pradesh,Bhopal,Bhopal,Onion,2035.39
2025-05-24,Madhya Pradesh,Bhopal,Bhopal,Onion,1847.0
2025-05-25,Madhya Pradesh,Bhopal,Bhopal,Onion,1851.11
2025-05-26,Madhya Pradesh,Bhopal,Bhopal,Onion,1735.62
2025-05-27,Madhya Pradesh,Bhopal,Bhopal,Onion,1781.46
2025-05-28,Madhya Pradesh,Bhopal,Bhopal,Onion,1807.78
2025-05-29,Madhya Pradesh,Bhopal,Bhopal,Onion,1897.06
2025-05-30,Madhya Pradesh,Bhopal,Bhopal,Onion,1962.48
2025-05-31,Madhya Pradesh,Bhopal,Bhopal,Onion,1749.95
2025-06-01,Madhya Pradesh,Bhopal,Bhopal,Onion,1669.94
2025-06-02,Madhya Pradesh,Bhopal,Bhopal,Onion,1575.43
2025-06-03,Madhya Pradesh,Bhopal,Bhopal,Onion,1562.54
2025-06-04,Madhya Pradesh,Bhopal,Bhopal,Onion,1672.22
2025-06-05,Madhya Pradesh,Bhopal,Bhopal,Onion,1917.17
2025-06-06,Madhya Pradesh,Bhopal,Bhopal,Onion,1790.75
2025-06-07,Madhya Pradesh,Bhopal,Bhopal,Onion,1924.19
2025-06-08,Madhya Pradesh,Bhopal,Bhopal,Onion,1779.51
2025-06-09,Madhya Pradesh,Bhopal,Bhopal,Onion,1485.43
2025-06-10,Madhya Pradesh,Bhopal,Bhopal,Onion,1816.62
2025-06-11,Madhya Pradesh,Bhopal,Bhopal,Onion,1906.53
2025-06-12,Madhya Pradesh,Bhopal,Bhopal,Onion,1740.82
2025-06-13,Madhya Pradesh,Bhopal,Bhopal,Onion,1940.07
2025-06-14,Madhya Pradesh,Bhopal,Bhopal,Onion,1722.49
2025-06-15,Madhya Pradesh,Bhopal,Bhopal,Onion,1762.96
2025-06-16,Madhya Pradesh,Bhopal,Bhopal,Onion,1548.71
2025-06-17,Madhya Pradesh,Bhopal,Bhopal,Onion,1497.83
2025-06-18,Madhya Pradesh,Bhopal,Bhopal,Onion,1731.14
2025-06-19,Madhya Pradesh,Bhopal,Bhopal,Onion,1828.51
2025-06-20,Madhya Pradesh,Bhopal,Bhopal,Onion,1806.0
2025-06-21,Madhya Pradesh,Bhopal,Bhopal,Onion,1656.27
2025-06-22,Madhya Pradesh,Bhopal,Bhopal,Onion,1677.27
2025-06-23,Madhya Pradesh,Bhopal,Bhopal,Onion,1705.81
2025-06-24,Madhya Pradesh,Bhopal,Bhopal,Onion,1682.29
2025-06-25,Madhya Pradesh,Bhopal,Bhopal,Onion,1774.81
2025-06-26,Madhya Pradesh,Bhopal,Bhopal,Onion,1731.72
2025-06-27,Madhya Pradesh,Bhopal,Bhopal,Onion,1979.89
2025-06-28,Madhya Pradesh,Bhopal,Bhopal,Onion,1632.23
2025-06-29,Madhya Pradesh,Bhopal,Bhopal,Onion,1757.36
2025-06-30,Madhya Pradesh,Bhopal,Bhopal,Onion,1785.09
2025-07-01,Madhya Pradesh,Bhopal,Bhopal,Onion,1717.64
2025-07-02,Madhya Pradesh,Bhopal,Bhopal,Onion,1700.96
2025-07-03,Madhya Pradesh,Bhopal,Bhopal,Onion,1722.68
2025-07-04,Madhya Pradesh,Bhopal,Bhopal,Onion,1932.03
2025-07-05,Madhya Pradesh,Bhopal,Bhopal,Onion,1576.53
2025-07-06,Madhya Pradesh,Bhopal,Bhopal,Onion,1559.19
2025-07-07,Madhya Pradesh,Bhopal,Bhopal,Onion,1577.67
2025-07-08,Madhya Pradesh,Bhopal,Bhopal,Onion,1777.27
2025-07-09,Madhya Pradesh,Bhopal,Bhopal,Onion,1743.38
2025-07-10,Madhya Pradesh,Bhopal,Bhopal,Onion,1641.3
2025-07-11,Madhya Pradesh,Bhopal,Bhopal,Onion,1734.39
2025-07-12,Madhya Pradesh,Bhopal,Bhopal,Onion,1649.13
2025-07-13,Madhya Pradesh,Bhopal,Bhopal,Onion,1564.49
2025-07-14,Madhya Pradesh,Bhopal,Bhopal,Onion,1706.56
2025-07-15,Madhya Pradesh,Bhopal,Bhopal,Onion,1455.09
2025-07-16,Madhya Pradesh,Bhopal,Bhopal,Onion,1859.54
2025-07-17,Madhya Pradesh,Bhopal,Bhopal,Onion,1833.18
2025-07-18,Madhya Pradesh,Bhopal,Bhopal,Onion,1878.1
2025-07-19,Madhya Pradesh,Bhopal,Bhopal,Onion,1641.05
2025-07-20,Madhya Pradesh,Bhopal,Bhopal,Onion,1603.31
2025-07-21,Madhya Pradesh,Bhopal,Bhopal,Onion,1414.27
2025-07-22,Madhya Pradesh,Bhopal,Bhopal,Onion,1526.18
2025-07-23,Madhya Pradesh,Bhopal,Bhopal,Onion,1702.0
2025-07-24,Madhya Pradesh,Bhopal,Bhopal,Onion,1860.41
2025-07-25,Madhya Pradesh,Bhopal,Bhopal,Onion,1584.58
2025-07-26,Madhya Pradesh,Bhopal,Bhopal,Onion,1627.0
2025-07-27,Madhya Pradesh,Bhopal,Bhopal,Onion,1578.42
2025-07-28,Madhya Pradesh,Bhopal,Bhopal,Onion,1396.59
2025-07-29,Madhya Pradesh,Bhopal,Bhopal,Onion,1624.74
2025-07-30,Madhya Pradesh,Bhopal,Bhopal,Onion,1538.03
2025-07-31,Madhya Pradesh,Bhopal,Bhopal,Onion,1656.91
2025-08-01,Madhya Pradesh,Bhopal,Bhopal,Onion,1638.39
2025-08-02,Madhya Pradesh,Bhopal,Bhopal,Onion,1553.93
2025-08-03,Madhya Pradesh,Bhopal,Bhopal,Onion,1570.91
2025-08-04,Madhya Pradesh,Bhopal,Bhopal,Onion,1502.06
2025-08-05,Madhya Pradesh,Bhopal,Bhopal,Onion,1497.4
2025-08-06,Madhya Pradesh,Bhopal,Bhopal,Onion,1515.31
2025-08-07,Madhya Pradesh,Bhopal,Bhopal,Onion,1692.87
2025-08-08,Madhya Pradesh,Bhopal,Bhopal,Onion,1860.99
2025-08-09,Madhya Pradesh,Bhopal,Bhopal,Onion,1637.6
2025-08-10,Madhya Pradesh,Bhopal,Bhopal,Onion,1657.93
2025-08-11,Madhya Pradesh,Bhopal,Bhopal,Onion,1357.76
2025-08-12,Madhya Pradesh,Bhopal,Bhopal,Onion,1533.3
2025-08-13,Madhya Pradesh,Bhopal,Bhopal,Onion,1454.31
2025-08-14,Madhya Pradesh,Bhopal,Bhopal,Onion,1465.0
2025-08-15,Madhya Pradesh,Bhopal,Bhopal,Onion,1560.94
2025-08-16,Madhya Pradesh,Bhopal,Bhopal,Onion,1734.41
2025-08-17,Madhya Pradesh,Bhopal,Bhopal,Onion,1631.96
2025-08-18,Madhya Pradesh,Bhopal,Bhopal,Onion,1510.62
2025-08-19,Madhya Pradesh,Bhopal,Bhopal,Onion,1337.21
2025-08-20,Madhya Pradesh,Bhopal,Bhopal,Onion,1534.91
2025-08-21,Madhya Pradesh,Bhopal,Bhopal,Onion,1648.63
2025-08-22,Madhya Pradesh,Bhopal,Bhopal,Onion,1646.96
2025-08-23,Madhya Pradesh,Bhopal,Bhopal,Onion,1378.31
2025-08-24,Madhya Pradesh,Bhopal,Bhopal,Onion,1418.78
2025-08-25,Madhya Pradesh,Bhopal,Bhopal,Onion,1462.49
2025-08-26,Madhya Pradesh,Bhopal,Bhopal,Onion,1537.49
2025-08-27,Madhya Pradesh,Bhopal,Bhopal,Onion,1303.26
2025-08-28,Madhya Pradesh,Bhopal,Bhopal,Onion,1579.9
2025-08-29,Madhya Pradesh,Bhopal,Bhopal,Onion,1626.89
2025-08-30,Madhya Pradesh,Bhopal,Bhopal,Onion,1660.41
2025-08-31,Madhya Pradesh,Bhopal,Bhopal,Onion,1571.49
2025-09-01,Madhya Pradesh,Bhopal,Bhopal,Onion,1514.97
2025-09-02,Madhya Pradesh,Bhopal,Bhopal,Onion,1386.44
2025-09-03,Madhya Pradesh,Bhopal,Bhopal,Onion,1322.82
2025-09-04,Madhya Pradesh,Bhopal,Bhopal,Onion,1541.12
2025-09-05,Madhya Pradesh,Bhopal,Bhopal,Onion,1709.84
2025-09-06,Madhya Pradesh,Bhopal,Bhopal,Onion,1706.75
2025-09-07,Madhya Pradesh,Bhopal,Bhopal,Onion,1561.63
2025-09-08,Madhya Pradesh,Bhopal,Bhopal,Onion,1488.64
2025-09-09,Madhya Pradesh,Bhopal,Bhopal,Onion,1497.41
2025-09-10,Madhya Pradesh,Bhopal,Bhopal,Onion,1457.72
2025-09-11,Madhya Pradesh,Bhopal,Bhopal,Onion,1560.54
2025-09-12,Madhya Pradesh,Bhopal,Bhopal,Onion,1773.97
2025-09-13,Madhya Pradesh,Bhopal,Bhopal,Onion,1444.37
2025-09-14,Madhya Pradesh,Bhopal,Bhopal,Onion,1647.1
2025-09-15,Madhya Pradesh,Bhopal,Bhopal,Onion,1405.68
2025-09-16,Madhya Pradesh,Bhopal,Bhopal,Onion,1586.67
2025-09-17,Madhya Pradesh,Bhopal,Bhopal,Onion,1361.59
2025-09-18,Madhya Pradesh,Bhopal,Bhopal,Onion,1633.05
2025-09-19,Madhya Pradesh,Bhopal,Bhopal,Onion,1501.09
2025-09-20,Madhya Pradesh,Bhopal,Bhopal,Onion,1388.7
2025-09-21,Madhya Pradesh,Bhopal,Bhopal,Onion,1498.13
2025-09-22,Madhya Pradesh,Bhopal,Bhopal,Onion,1535.82
2025-09-23,Madhya Pradesh,Bhopal,Bhopal,Onion,1363.09
2025-09-24,Madhya Pradesh,Bhopal,Bhopal,Onion,1349.37
2025-09-25,Madhya Pradesh,Bhopal,Bhopal,Onion,1556.33
2025-09-26,Madhya Pradesh,Bhopal,Bhopal,Onion,1571.27
2025-09-27,Madhya Pradesh,Bhopal,Bhopal,Onion,1599.36
2025-09-28,Madhya Pradesh,Bhopal,Bhopal,Onion,1573.02
2025-09-29,Madhya Pradesh,Bhopal,Bhopal,Onion,1428.44
2025-09-30,Madhya Pradesh,Bhopal,Bhopal,Onion,1637.49
2025-10-01,Madhya Pradesh,Bhopal,Bhopal,Onion,1532.27
2025-10-02,Madhya Pradesh,Bhopal,Bhopal,Onion,1530.02
2025-10-03,Madhya Pradesh,Bhopal,Bhopal,Onion,1404.59
2025-10-04,Madhya Pradesh,Bhopal,Bhopal,Onion,1514.61
2025-10-05,Madhya Pradesh,Bhopal,Bhopal,Onion,1443.33
2025-10-06,Madhya Pradesh,Bhopal,Bhopal,Onion,1534.67
2025-10-07,Madhya Pradesh,Bhopal,Bhopal,Onion,1500.48
2025-10-08,Madhya Pradesh,Bhopal,Bhopal,Onion,1388.54
2025-10-09,Madhya Pradesh,Bhopal,Bhopal,Onion,1592.68
2025-10-10,Madhya Pradesh,Bhopal,Bhopal,Onion,1664.19
2025-10-11,Madhya Pradesh,Bhopal,Bhopal,Onion,1715.43
2025-10-12,Madhya Pradesh,Bhopal,Bhopal,Onion,1577.35
2025-10-13,Madhya Pradesh,Bhopal,Bhopal,Onion,1522.26
2025-10-14,Madhya Pradesh,Bhopal,Bhopal,Onion,1467.46
2025-10-15,Madhya Pradesh,Bhopal,Bhopal,Onion,1563.62
2025-10-16,Madhya Pradesh,Bhopal,Bhopal,Onion,1721.87
2025-10-17,Madhya Pradesh,Bhopal,Bhopal,Onion,1450.56
2025-10-18,Madhya Pradesh,Bhopal,Bhopal,Onion,1522.13
2025-10-19,Madhya Pradesh,Bhopal,Bhopal,Onion,1414.9
2025-10-20,Madhya Pradesh,Bhopal,Bhopal,Onion,1494.86
2025-10-21,Madhya Pradesh,Bhopal,Bhopal,Onion,1599.7
2025-10-22,Madhya Pradesh,Bhopal,Bhopal,Onion,1470.68
2025-10-23,Madhya Pradesh,Bhopal,Bhopal,Onion,1329.78
2025-10-24,Madhya Pradesh,Bhopal,Bhopal,Onion,1567.54
2025-10-25,Madhya Pradesh,Bhopal,Bhopal,Onion,1675.47
2025-10-26,Madhya Pradesh,Bhopal,Bhopal,Onion,1567.01
2025-10-27,Madhya Pradesh,Bhopal,Bhopal,Onion,1514.78
2025-10-28,Madhya Pradesh,Bhopal,Bhopal,Onion,1458.84
2025-10-29,Madhya Pradesh,Bhopal,Bhopal,Onion,1412.21
2025-10-30,Madhya Pradesh,Bhopal,Bhopal,Onion,1672.67
2025-10-31,Madhya Pradesh,Bhopal,Bhopal,Onion,1536.93
2025-11-01,Madhya Pradesh,Bhopal,Bhopal,Onion,1836.52
2025-11-02,Madhya Pradesh,Bhopal,Bhopal,Onion,1589.12
2025-11-03,Madhya Pradesh,Bhopal,Bhopal,Onion,1428.09
2025-11-04,Madhya Pradesh,Bhopal,Bhopal,Onion,1442.08
2025-11-05,Madhya Pradesh,Bhopal,Bhopal,Onion,1560.67
2025-11-06,Madhya Pradesh,Bhopal,Bhopal,Onion,1608.11
2025-11-07,Madhya Pradesh,Bhopal,Bhopal,Onion,1783.36
2025-11-08,Madhya Pradesh,Bhopal,Bhopal,Onion,1635.77
2025-11-09,Madhya Pradesh,Bhopal,Bhopal,Onion,1470.01
2025-11-10,Madhya Pradesh,Bhopal,Bhopal,Onion,1709.51
2025-11-11,Madhya Pradesh,Bhopal,Bhopal,Onion,1533.62
2025-11-12,Madhya Pradesh,Bhopal,Bhopal,Onion,1679.81
2025-11-13,Madhya Pradesh,Bhopal,Bhopal,Onion,1589.36
2025-11-14,Madhya Pradesh,Bhopal,Bhopal,Onion,1721.94
2025-11-15,Madhya Pradesh,Bhopal,Bhopal,Onion,1675.41
2025-11-16,Madhya Pradesh,Bhopal,Bhopal,Onion,1365.57
2025-11-17,Madhya Pradesh,Bhopal,Bhopal,Onion,1750.21
2025-11-18,Madhya Pradesh,Bhopal,Bhopal,Onion,1693.43
2025-11-19,Madhya Pradesh,Bhopal,Bhopal,Onion,1575.17
2025-11-20,Madhya Pradesh,Bhopal,Bhopal,Onion,1557.46
2025-11-21,Madhya Pradesh,Bhopal,Bhopal,Onion,1749.13
2025-11-22,Madhya Pradesh,Bhopal,Bhopal,Onion,1677.83
2025-11-23,Madhya Pradesh,Bhopal,Bhopal,Onion,1640.79
2025-11-24,Madhya Pradesh,Bhopal,Bhopal,Onion,1581.58
2025-11-25,Madhya Pradesh,Bhopal,Bhopal,Onion,1636.58
2025-11-26,Madhya Pradesh,Bhopal,Bhopal,Onion,1816.24
2025-11-27,Madhya Pradesh,Bhopal,Bhopal,Onion,1786.46
2025-11-28,Madhya Pradesh,Bhopal,Bhopal,Onion,1610.95
2025-11-29,Madhya Pradesh,Bhopal,Bhopal,Onion,1860.37
2025-11-30,Madhya Pradesh,Bhopal,Bhopal,Onion,1817.9
2025-12-01,Madhya Pradesh,Bhopal,Bhopal,Onion,1940.64
2025-12-02,Madhya Pradesh,Bhopal,Bhopal,Onion,1483.73
2025-12-03,Madhya Pradesh,Bhopal,Bhopal,Onion,1709.07
2025-12-04,Madhya Pradesh,Bhopal,Bhopal,Onion,1495.82
2025-12-05,Madhya Pradesh,Bhopal,Bhopal,Onion,1840.84
2025-12-06,Madhya Pradesh,Bhopal,Bhopal,Onion,1664.89
2025-12-07,Madhya Pradesh,Bhopal,Bhopal,Onion,1886.31
2025-12-08,Madhya Pradesh,Bhopal,Bhopal,Onion,1533.17
2025-12-09,Madhya Pradesh,Bhopal,Bhopal,Onion,1448.0
2025-12-10,Madhya Pradesh,Bhopal,Bhopal,Onion,1657.31
2025-12-11,Madhya Pradesh,Bhopal,Bhopal,Onion,1538.98
2025-12-12,Madhya Pradesh,Bhopal,Bhopal,Onion,1902.76
2025-12-13,Madhya Pradesh,Bhopal,Bhopal,Onion,1510.85
2025-12-14,Madhya Pradesh,Bhopal,Bhopal,Onion,1699.42
2025-12-15,Madhya Pradesh,Bhopal,Bhopal,Onion,1413.36
2025-12-16,Madhya Pradesh,Bhopal,Bhopal,Onion,1637.99
2025-12-17,Madhya Pradesh,Bhopal,Bhopal,Onion,1949.97
2025-12-18,Madhya Pradesh,Bhopal,Bhopal,Onion,1868.47
2025-12-19,Madhya Pradesh,Bhopal,Bhopal,Onion,1733.25
2025-12-20,Madhya Pradesh,Bhopal,Bhopal,Onion,1798.49
2025-12-21,Madhya Pradesh,Bhopal,Bhopal,Onion,1733.11
2025-12-22,Madhya Pradesh,Bhopal,Bhopal,Onion,1743.83
2025-12-23,Madhya Pradesh,Bhopal,Bhopal,Onion,1546.49
2025-12-24,Madhya Pradesh,Bhopal,Bhopal,Onion,1858.93
2025-12-25,Madhya Pradesh,Bhopal,Bhopal,Onion,1507.96
2025-12-26,Madhya Pradesh,Bhopal,Bhopal,Onion,1799.85
2025-12-27,Madhya Pradesh,Bhopal,Bhopal,Onion,1776.78
2025-12-28,Madhya Pradesh,Bhopal,Bhopal,Onion,1845.0
2025-12-29,Madhya Pradesh,Bhopal,Bhopal,Onion,1725.56
2025-12-30,Madhya Pradesh,Bhopal,Bhopal,Onion,1573.66
2025-12-31,Madhya Pradesh,Bhopal,Bhopal,Onion,1696.07
2026-01-01,Madhya Pradesh,Bhopal,Bhopal,Onion,1924.78
2026-01-02,Madhya Pradesh,Bhopal,Bhopal,Onion,1910.92
2026-01-03,Madhya Pradesh,Bhopal,Bhopal,Onion,1801.28
2026-01-04,Madhya Pradesh,Bhopal,Bhopal,Onion,1742.16
2026-01-05,Madhya Pradesh,Bhopal,Bhopal,Onion,1843.68
2026-01-06,Madhya Pradesh,Bhopal,Bhopal,Onion,1716.39
2026-01-07,Madhya Pradesh,Bhopal,Bhopal,Onion,1847.2
2026-01-08,Madhya Pradesh,Bhopal,Bhopal,Onion,2230.99
2026-01-09,Madhya Pradesh,Bhopal,Bhopal,Onion,1764.96
2026-01-10,Madhya Pradesh,Bhopal,Bhopal,Onion,1666.87
2026-01-11,Madhya Pradesh,Bhopal,Bhopal,Onion,1939.8
2026-01-12,Madhya Pradesh,Bhopal,Bhopal,Onion,1707.89
2026-01-13,Madhya Pradesh,Bhopal,Bhopal,Onion,1775.83
2026-01-14,Madhya Pradesh,Bhopal,Bhopal,Onion,1791.75
2026-01-15,Madhya Pradesh,Bhopal,Bhopal,Onion,1938.97
2026-01-16,Madhya Pradesh,Bhopal,Bhopal,Onion,2222.31
2026-01-17,Madhya Pradesh,Bhopal,Bhopal,Onion,2062.01
2026-01-18,Madhya Pradesh,Bhopal,Bhopal,Onion,1987.64
2026-01-19,Madhya Pradesh,Bhopal,Bhopal,Onion,1646.36
2026-01-20,Madhya Pradesh,Bhopal,Bhopal,Onion,1701.83
2026-01-21,Madhya Pradesh,Bhopal,Bhopal,Onion,1547.53
2026-01-22,Madhya Pradesh,Bhopal,Bhopal,Onion,1898.11
2026-01-23,Madhya Pradesh,Bhopal,Bhopal,Onion,2172.43
2026-01-24,Madhya Pradesh,Bhopal,Bhopal,Onion,2060.63
2026-01-25,Madhya Pradesh,Bhopal,Bhopal,Onion,1879.47
2026-01-26,Madhya Pradesh,Bhopal,Bhopal,Onion,1858.08
2026-01-27,Madhya Pradesh,Bhopal,Bhopal,Onion,1793.71
2026-01-28,Madhya Pradesh,Bhopal,Bhopal,Onion,1994.31
2026-01-29,Madhya Pradesh,Bhopal,Bhopal,Onion,2157.81
2026-01-30,Madhya Pradesh,Bhopal,Bhopal,Onion,1837.71
2026-01-31,Madhya Pradesh,Bhopal,Bhopal,Onion,2065.95
2026-02-01,Madhya Pradesh,Bhopal,Bhopal,Onion,2068.97
2026-02-02,Madhya Pradesh,Bhopal,Bhopal,Onion,1837.95
2026-02-03,Madhya Pradesh,Bhopal,Bhopal,Onion,2010.65
2026-02-04,Madhya Pradesh,Bhopal,Bhopal,Onion,2393.12
2026-02-05,Madhya Pradesh,Bhopal,Bhopal,Onion,2066.91
2026-02-06,Madhya Pradesh,Bhopal,Bhopal,Onion,2164.19
2026-02-07,Madhya Pradesh,Bhopal,Bhopal,Onion,1950.21
2026-02-08,Madhya Pradesh,Bhopal,Bhopal,Onion,1998.49
2026-02-09,Madhya Pradesh,Bhopal,Bhopal,Onion,1985.01
2026-02-10,Madhya Pradesh,Bhopal,Bhopal,Onion,1973.29
2026-02-11,Madhya Pradesh,Bhopal,Bhopal,Onion,1885.3
2026-02-12,Madhya Pradesh,Bhopal,Bhopal,Onion,2144.52
2026-02-13,Madhya Pradesh,Bhopal,Bhopal,Onion,2356.84
2026-02-14,Madhya Pradesh,Bhopal,Bhopal,Onion,2152.62
2026-02-15,Madhya Pradesh,Bhopal,Bhopal,Onion,2137.27
2026-02-16,Madhya Pradesh,Bhopal,Bhopal,Onion,1918.51
2026-02-17,Madhya Pradesh,Bhopal,Bhopal,Onion,2078.13
2026-02-18,Madhya Pradesh,Bhopal,Bhopal,Onion,2098.95
2026-02-19,Madhya Pradesh,Bhopal,Bhopal,Onion,2000.52
2026-02-20,Madhya Pradesh,Bhopal,Bhopal,Onion,2215.38
2026-02-21,Madhya Pradesh,Bhopal,Bhopal,Onion,1968.15
2026-02-22,Madhya Pradesh,Bhopal,Bhopal,Onion,1938.86
2026-02-23,Madhya Pradesh,Bhopal,Bhopal,Onion,2002.25
2026-02-24,Madhya Pradesh,Bhopal,Bhopal,Onion,2041.12
2026-02-25,Madhya Pradesh,Bhopal,Bhopal,Onion,1910.82
2026-02-26,Madhya Pradesh,Bhopal,Bhopal,Onion,2329.41
2026-02-27,Madhya Pradesh,Bhopal,Bhopal,Onion,2280.82
2026-02-28,Madhya Pradesh,Bhopal,Bhopal,Onion,2034.23
2026-03-01,Madhya Pradesh,Bhopal,Bhopal,Onion,1831.19
2026-03-02,Madhya Pradesh,Bhopal,Bhopal,Onion,1978.03
2026-03-03,Madhya Pradesh,Bhopal,Bhopal,Onion,1958.42
2026-03-04,Madhya Pradesh,Bhopal,Bhopal,Onion,2123.45
2026-03-05,Madhya Pradesh,Bhopal,Bhopal,Onion,2136.44
2026-03-06,Madhya Pradesh,Bhopal,Bhopal,Onion,1904.19
2026-03-07,Madhya Pradesh,Bhopal,Bhopal,Onion,2102.46
2026-03-08,Madhya Pradesh,Bhopal,Bhopal,Onion,2027.75
2026-03-09,Madhya Pradesh,Bhopal,Bhopal,Onion,2106.77
2026-03-10,Madhya Pradesh,Bhopal,Bhopal,Onion,1940.51
2026-03-11,Madhya Pradesh,Bhopal,Bhopal,Onion,2375.49
2026-03-12,Madhya Pradesh,Bhopal,Bhopal,Onion,1915.4
2026-03-13,Madhya Pradesh,Bhopal,Bhopal,Onion,2439.37
2026-03-14,Madhya Pradesh,Bhopal,Bhopal,Onion,2144.76
2026-03-15,Madhya Pradesh,Bhopal,Bhopal,Onion,2214.24
2026-03-16,Madhya Pradesh,Bhopal,Bhopal,Onion,2044.17
2026-03-17,Madhya Pradesh,Bhopal,Bhopal,Onion,2219.34
2026-03-18,Madhya Pradesh,Bhopal,Bhopal,Onion,2082.89
2026-03-19,Madhya Pradesh,Bhopal,Bhopal,Onion,2055.34
2026-03-20,Madhya Pradesh,Bhopal,Bhopal,Onion,2472.77
2026-03-21,Madhya Pradesh,Bhopal,Bhopal,Onion,2175.43
2026-03-22,Madhya Pradesh,Bhopal,Bhopal,Onion,2133.9
2026-03-23,Madhya Pradesh,Bhopal,Bhopal,Onion,2221.4
2026-03-24,Madhya Pradesh,Bhopal,Bhopal,Onion,1917.53
2026-03-25,Madhya Pradesh,Bhopal,Bhopal,Onion,2242.01
2026-03-26,Madhya Pradesh,Bhopal,Bhopal,Onion,2145.37
2026-03-27,Madhya Pradesh,Bhopal,Bhopal,Onion,2238.93
2026-03-28,Madhya Pradesh,Bhopal,Bhopal,Onion,2213.84
2026-03-29,Madhya Pradesh,Bhopal,Bhopal,Onion,1888.58
2026-03-30,Madhya Pradesh,Bhopal,Bhopal,Onion,1940.83
2026-03-31,Madhya Pradesh,Bhopal,Bhopal,Onion,2270.62
2026-04-01,Madhya Pradesh,Bhopal,Bhopal,Onion,2293.59
2026-04-02,Madhya Pradesh,Bhopal,Bhopal,Onion,2234.94
2026-04-03,Madhya Pradesh,Bhopal,Bhopal,Onion,2304.87
2026-04-04,Madhya Pradesh,Bhopal,Bhopal,Onion,2162.92
2026-04-05,Madhya Pradesh,Bhopal,Bhopal,Onion,2315.92
2026-04-06,Madhya Pradesh,Bhopal,Bhopal,Onion,2028.1
2026-04-07,Madhya Pradesh,Bhopal,Bhopal,Onion,2111.84
2026-04-08,Madhya Pradesh,Bhopal,Bhopal,Onion,2336.37
2026-04-09,Madhya Pradesh,Bhopal,Bhopal,Onion,2125.25
2026-04-10,Madhya Pradesh,Bhopal,Bhopal,Onion,2516.01
2026-04-11,Madhya Pradesh,Bhopal,Bhopal,Onion,1973.17
2026-04-12,Madhya Pradesh,Bhopal,Bhopal,Onion,2357.34
2026-04-13,Madhya Pradesh,Bhopal,Bhopal,Onion,2003.59
2026-04-14,Madhya Pradesh,Bhopal,Bhopal,Onion,2042.56
2026-04-15,Madhya Pradesh,Bhopal,Bhopal,Onion,1875.99
2026-04-16,Madhya Pradesh,Bhopal,Bhopal,Onion,2174.57
2026-04-17,Madhya Pradesh,Bhopal,Bhopal,Onion,2101.42
2026-04-18,Madhya Pradesh,Bhopal,Bhopal,Onion,2113.41
2026-04-19,Madhya Pradesh,Bhopal,Bhopal,Onion,2092.57
2026-04-20,Madhya Pradesh,Bhopal,Bhopal,Onion,2191.4
2026-04-21,Madhya Pradesh,Bhopal,Bhopal,Onion,2103.86
2026-04-22,Madhya Pradesh,Bhopal,Bhopal,Onion,2203.61
2026-04-23,Madhya Pradesh,Bhopal,Bhopal,Onion,2068.61
2026-04-24,Madhya Pradesh,Bhopal,Bhopal,Onion,2120.74
2026-04-25,Madhya Pradesh,Bhopal,Bhopal,Onion,2477.65
2026-04-26,Madhya Pradesh,Bhopal,Bhopal,Onion,1997.52
2026-04-27,Madhya Pradesh,Bhopal,Bhopal,Onion,2283.64
2026-04-28,Madhya Pradesh,Bhopal,Bhopal,Onion,2030.65
2026-04-29,Madhya Pradesh,Bhopal,Bhopal,Onion,2148.69
2026-04-30,Madhya Pradesh,Bhopal,Bhopal,Onion,2397.84
2026-05-01,Madhya Pradesh,Bhopal,Bhopal,Onion,2450.0
2026-05-02,Madhya Pradesh,Bhopal,Bhopal,Onion,2172.93
2026-05-03,Madhya Pradesh,Bhopal,Bhopal,Onion,2038.22
2026-05-04,Madhya Pradesh,Bhopal,Bhopal,Onion,2027.48
2026-05-05,Madhya Pradesh,Bhopal,Bhopal,Onion,2102.84
2026-05-06,Madhya Pradesh,Bhopal,Bhopal,Onion,2269.05
2026-05-07,Madhya Pradesh,Bhopal,Bhopal,Onion,2217.78
2026-05-08,Madhya Pradesh,Bhopal,Bhopal,Onion,2332.3
2026-05-09,Madhya Pradesh,Bhopal,Bhopal,Onion,2425.01
2026-05-10,Madhya Pradesh,Bhopal,Bhopal,Onion,2136.42
2026-05-11,Madhya Pradesh,Bhopal,Bhopal,Onion,2065.18
2026-05-12,Madhya Pradesh,Bhopal,Bhopal,Onion,1822.43
2026-05-13,Madhya Pradesh,Bhopal,Bhopal,Onion,1729.37
2026-05-14,Madhya Pradesh,Bhopal,Bhopal,Onion,2259.71
2026-05-15,Madhya Pradesh,Bhopal,Bhopal,Onion,2202.86
2026-05-16,Madhya Pradesh,Bhopal,Bhopal,Onion,2079.87
2026-05-17,Madhya Pradesh,Bhopal,Bhopal,Onion,2098.46
2026-05-18,Madhya Pradesh,Bhopal,Bhopal,Onion,1995.07
2026-05-19,Madhya Pradesh,Bhopal,Bhopal,Onion,2180.66
2026-05-20,Madhya Pradesh,Bhopal,Bhopal,Onion,2113.04
2026-05-21,Madhya Pradesh,Bhopal,Bhopal,Onion,2065.41
2026-05-22,Madhya Pradesh,Bhopal,Bhopal,Onion,2348.62
2026-05-23,Madhya Pradesh,Bhopal,Bhopal,Onion,2104.07
2026-05-24,Madhya Pradesh,Bhopal,Bhopal,Onion,2117.98
2026-05-25,Madhya Pradesh,Bhopal,Bhopal,Onion,1916.86
2026-05-26,Madhya Pradesh,Bhopal,Bhopal,Onion,1909.11
2026-05-27,Madhya Pradesh,Bhopal,Bhopal,Onion,2090.36
2026-05-28,Madhya Pradesh,Bhopal,Bhopal,Onion,2157.76
2026-05-29,Madhya Pradesh,Bhopal,Bhopal,Onion,2245.19
2026-05-30,Madhya Pradesh,Bhopal,Bhopal,Onion,2072.9
2026-05-31,Madhya Pradesh,Bhopal,Bhopal,Onion,1759.85
2026-06-01,Madhya Pradesh,Bhopal,Bhopal,Onion,1900.79
2026-06-02,Madhya Pradesh,Bhopal,Bhopal,Onion,2086.4
2026-06-03,Madhya Pradesh,Bhopal,Bhopal,Onion,2010.55
2026-06-04,Madhya Pradesh,Bhopal,Bhopal,Onion,2092.95
2026-06-05,Madhya Pradesh,Bhopal,Bhopal,Onion,2293.65
2026-06-06,Madhya Pradesh,Bhopal,Bhopal,Onion,1982.3
2026-06-07,Madhya Pradesh,Bhopal,Bhopal,Onion,1778.57
2026-06-08,Madhya Pradesh,Bhopal,Bhopal,Onion,1913.3
2026-06-09,Madhya Pradesh,Bhopal,Bhopal,Onion,1884.8
2026-06-10,Madhya Pradesh,Bhopal,Bhopal,Onion,1889.27
2026-06-11,Madhya Pradesh,Bhopal,Bhopal,Onion,2075.58
2026-06-12,Madhya Pradesh,Bhopal,Bhopal,Onion,2189.49
2026-06-13,Madhya Pradesh,Bhopal,Bhopal,Onion,2056.57
2026-06-14,Madhya Pradesh,Bhopal,Bhopal,Onion,2008.76
2026-06-15,Madhya Pradesh,Bhopal,Bhopal,Onion,2150.43
2026-06-16,Madhya Pradesh,Bhopal,Bhopal,Onion,1877.41
2026-06-17,Madhya Pradesh,Bhopal,Bhopal,Onion,2036.57
2026-06-18,Madhya Pradesh,Bhopal,Bhopal,Onion,1997.53
2026-06-19,Madhya Pradesh,Bhopal,Bhopal,Onion,1962.57
2026-06-20,Madhya Pradesh,Bhopal,Bhopal,Onion,1944.97
2026-06-21,Madhya Pradesh,Bhopal,Bhopal,Onion,1872.76
2026-06-22,Madhya Pradesh,Bhopal,Bhopal,Onion,1927.34
2026-06-23,Madhya Pradesh,Bhopal,Bhopal,Onion,2206.57
2026-06-24,Madhya Pradesh,Bhopal,Bhopal,Onion,1869.1
2026-06-25,Madhya Pradesh,Bhopal,Bhopal,Onion,1980.63
2026-06-26,Madhya Pradesh,Bhopal,Bhopal,Onion,2045.43
2026-06-27,Madhya Pradesh,Bhopal,Bhopal,Onion,2052.38
2026-06-28,Madhya Pradesh,Bhopal,Bhopal,Onion,1943.15
2026-06-29,Madhya Pradesh,Bhopal,Bhopal,Onion,2017.39
2026-06-30,Madhya Pradesh,Bhopal,Bhopal,Onion,1548.71
2026-07-01,Madhya Pradesh,Bhopal,Bhopal,Onion,1613.4
2026-07-02,Madhya Pradesh,Bhopal,Bhopal,Onion,1938.48
2026-07-03,Madhya Pradesh,Bhopal,Bhopal,Onion,2177.55
2026-07-04,Madhya Pradesh,Bhopal,Bhopal,Onion,1750.12
2026-07-05,Madhya Pradesh,Bhopal,Bhopal,Onion,1482.41
2026-07-06,Madhya Pradesh,Bhopal,Bhopal,Onion,1894.45
2026-07-07,Madhya Pradesh,Bhopal,Bhopal,Onion,1867.17
2026-07-08,Madhya Pradesh,Bhopal,Bhopal,Onion,1760.67
2026-07-09,Madhya Pradesh,Bhopal,Bhopal,Onion,1839.74
2026-07-10,Madhya Pradesh,Bhopal,Bhopal,Onion,1854.74
2026-07-11,Madhya Pradesh,Bhopal,Bhopal,Onion,1948.96
2026-07-12,Madhya Pradesh,Bhopal,Bhopal,Onion,1766.57
2026-07-13,Madhya Pradesh,Bhopal,Bhopal,Onion,1854.31
2026-07-14,Madhya Pradesh,Bhopal,Bhopal,Onion,1445.38
2026-07-15,Madhya Pradesh,Bhopal,Bhopal,Onion,1762.98
2026-07-16,Madhya Pradesh,Bhopal,Bhopal,Onion,1791.02
2026-07-17,Madhya Pradesh,Bhopal,Bhopal,Onion,1922.69
2026-07-18,Madhya Pradesh,Bhopal,Bhopal,Onion,1831.26
2026-07-19,Madhya Pradesh,Bhopal,Bhopal,Onion,1919.47
2026-07-20,Madhya Pradesh,Bhopal,Bhopal,Onion,1534.08
2026-07-21,Madhya Pradesh,Bhopal,Bhopal,Onion,1783.11
2026-07-22,Madhya Pradesh,Bhopal,Bhopal,Onion,1917.69
2026-07-23,Madhya Pradesh,Bhopal,Bhopal,Onion,2162.03
2026-07-24,Madhya Pradesh,Bhopal,Bhopal,Onion,1861.8
2026-07-25,Madhya Pradesh,Bhopal,Bhopal,Onion,1915.4
2026-07-26,Madhya Pradesh,Bhopal,Bhopal,Onion,1563.38
2026-07-27,Madhya Pradesh,Bhopal,Bhopal,Onion,1445.31
2026-07-28,Madhya Pradesh,Bhopal,Bhopal,Onion,1853.19
2026-07-29,Madhya Pradesh,Bhopal,Bhopal,Onion,1816.2
2026-07-30,Madhya Pradesh,Bhopal,Bhopal,Onion,2039.22
2026-07-31,Madhya Pradesh,Bhopal,Bhopal,Onion,1714.81
2026-08-01,Madhya Pradesh,Bhopal,Bhopal,Onion,1911.41
2026-08-02,Madhya Pradesh,Bhopal,Bhopal,Onion,1992.73
2026-08-03,Madhya Pradesh,Bhopal,Bhopal,Onion,1760.09
2026-08-04,Madhya Pradesh,Bhopal,Bhopal,Onion,1756.96
2026-08-05,Madhya Pradesh,Bhopal,Bhopal,Onion,1791.06
2026-08-06,Madhya Pradesh,Bhopal,Bhopal,Onion,1652.04
2026-08-07,Madhya Pradesh,Bhopal,Bhopal,Onion,2046.99
2026-08-08,Madhya Pradesh,Bhopal,Bhopal,Onion,1739.97
2026-08-09,Madhya Pradesh,Bhopal,Bhopal,Onion,1798.39
2026-08-10,Madhya Pradesh,Bhopal,Bhopal,Onion,1501.26
2026-08-11,Madhya Pradesh,Bhopal,Bhopal,Onion,1559.19
2026-08-12,Madhya Pradesh,Bhopal,Bhopal,Onion,1942.6
2026-08-13,Madhya Pradesh,Bhopal,Bhopal,Onion,1786.31
2026-08-14,Madhya Pradesh,Bhopal,Bhopal,Onion,2032.03
2026-08-15,Madhya Pradesh,Bhopal,Bhopal,Onion,1783.71
2026-08-16,Madhya Pradesh,Bhopal,Bhopal,Onion,1493.25
2026-08-17,Madhya Pradesh,Bhopal,Bhopal,Onion,1767.82
2026-08-18,Madhya Pradesh,Bhopal,Bhopal,Onion,1608.6
2026-08-19,Madhya Pradesh,Bhopal,Bhopal,Onion,1828.42
2026-08-20,Madhya Pradesh,Bhopal,Bhopal,Onion,1811.46
2026-08-21,Madhya Pradesh,Bhopal,Bhopal,Onion,1625.26
2026-08-22,Madhya Pradesh,Bhopal,Bhopal,Onion,1792.6
2026-08-23,Madhya Pradesh,Bhopal,Bhopal,Onion,1954.76
2026-08-24,Madhya Pradesh,Bhopal,Bhopal,Onion,1701.67
2026-08-25,Madhya Pradesh,Bhopal,Bhopal,Onion,1652.42
2026-08-26,Madhya Pradesh,Bhopal,Bhopal,Onion,1853.85
2026-08-27,Madhya Pradesh,Bhopal,Bhopal,Onion,1815.29
2026-08-28,Madhya Pradesh,Bhopal,Bhopal,Onion,1829.47
2026-08-29,Madhya Pradesh,Bhopal,Bhopal,Onion,1620.1
2026-08-30,Madhya Pradesh,Bhopal,Bhopal,Onion,1704.9
2026-08-31,Madhya Pradesh,Bhopal,Bhopal,Onion,1747.06
2025-01-01,Madhya Pradesh,Bhopal,Bhopal,Potato,1355.72
2025-01-02,Madhya Pradesh,Bhopal,Bhopal,Potato,1650.32
2025-01-03,Madhya Pradesh,Bhopal,Bhopal,Potato,1509.3
2025-01-04,Madhya Pradesh,Bhopal,Bhopal,Potato,1391.95
2025-01-05,Madhya Pradesh,Bhopal,Bhopal,Potato,1524.83
2025-01-06,Madhya Pradesh,Bhopal,Bhopal,Potato,1361.99
2025-01-07,Madhya Pradesh,Bhopal,Bhopal,Potato,1482.92
2025-01-08,Madhya Pradesh,Bhopal,Bhopal,Potato,1439.54
2025-01-09,Madhya Pradesh,Bhopal,Bhopal,Potato,1524.97
2025-01-10,Madhya Pradesh,Bhopal,Bhopal,Potato,1603.57
2025-01-11,Madhya Pradesh,Bhopal,Bhopal,Potato,1545.16
2025-01-12,Madhya Pradesh,Bhopal,Bhopal,Potato,1250.99
2025-01-13,Madhya Pradesh,Bhopal,Bhopal,Potato,1306.59
2025-01-14,Madhya Pradesh,Bhopal,Bhopal,Potato,1529.72
2025-01-15,Madhya Pradesh,Bhopal,Bhopal,Potato,1485.0
2025-01-16,Madhya Pradesh,Bhopal,Bhopal,Potato,1504.5
2025-01-17,Madhya Pradesh,Bhopal,Bhopal,Potato,1430.29
2025-01-18,Madhya Pradesh,Bhopal,Bhopal,Potato,1427.34
2025-01-19,Madhya Pradesh,Bhopal,Bhopal,Potato,1272.67
2025-01-20,Madhya Pradesh,Bhopal,Bhopal,Potato,1435.12
2025-01-21,Madhya Pradesh,Bhopal,Bhopal,Potato,1402.61
2025-01-22,Madhya Pradesh,Bhopal,Bhopal,Potato,1424.18
2025-01-23,Madhya Pradesh,Bhopal,Bhopal,Potato,1583.85
2025-01-24,Madhya Pradesh,Bhopal,Bhopal,Potato,1651.45
2025-01-25,Madhya Pradesh,Bhopal,Bhopal,Potato,1803.42
2025-01-26,Madhya Pradesh,Bhopal,Bhopal,Potato,1350.21
2025-01-27,Madhya Pradesh,Bhopal,Bhopal,Potato,1591.47
2025-01-28,Madhya Pradesh,Bhopal,Bhopal,Potato,1592.24
2025-01-29,Madhya Pradesh,Bhopal,Bhopal,Potato,1470.4
2025-01-30,Madhya Pradesh,Bhopal,Bhopal,Potato,1643.07
2025-01-31,Madhya Pradesh,Bhopal,Bhopal,Potato,1586.57
2025-02-01,Madhya Pradesh,Bhopal,Bhopal,Potato,1621.48
2025-02-02,Madhya Pradesh,Bhopal,Bhopal,Potato,1698.68
2025-02-03,Madhya Pradesh,Bhopal,Bhopal,Potato,1560.93
2025-02-04,Madhya Pradesh,Bhopal,Bhopal,Potato,1570.18
2025-02-05,Madhya Pradesh,Bhopal,Bhopal,Potato,1533.91
2025-02-06,Madhya Pradesh,Bhopal,Bhopal,Potato,1476.03
2025-02-07,Madhya Pradesh,Bhopal,Bhopal,Potato,1641.9
2025-02-08,Madhya Pradesh,Bhopal,Bhopal,Potato,1764.29
2025-02-09,Madhya Pradesh,Bhopal,Bhopal,Potato,1394.33
2025-02-10,Madhya Pradesh,Bhopal,Bhopal,Potato,1409.01
2025-02-11,Madhya Pradesh,Bhopal,Bhopal,Potato,1553.74
2025-02-12,Madhya Pradesh,Bhopal,Bhopal,Potato,1495.47
2025-02-13,Madhya Pradesh,Bhopal,Bhopal,Potato,1579.68
2025-02-14,Madhya Pradesh,Bhopal,Bhopal,Potato,1641.33
2025-02-15,Madhya Pradesh,Bhopal,Bhopal,Potato,1493.36
2025-02-16,Madhya Pradesh,Bhopal,Bhopal,Potato,1476.22
2025-02-17,Madhya Pradesh,Bhopal,Bhopal,Potato,1619.47
2025-02-18,Madhya Pradesh,Bhopal,Bhopal,Potato,1419.2
2025-02-19,Madhya Pradesh,Bhopal,Bhopal,Potato,1446.63
2025-02-20,Madhya Pradesh,Bhopal,Bhopal,Potato,1620.87
2025-02-21,Madhya Pradesh,Bhopal,Bhopal,Potato,1802.41
2025-02-22,Madhya Pradesh,Bhopal,Bhopal,Potato,1650.28
2025-02-23,Madhya Pradesh,Bhopal,Bhopal,Potato,1552.93
2025-02-24,Madhya Pradesh,Bhopal,Bhopal,Potato,1568.32
2025-02-25,Madhya Pradesh,Bhopal,Bhopal,Potato,1388.7
2025-02-26,Madhya Pradesh,Bhopal,Bhopal,Potato,1706.25
2025-02-27,Madhya Pradesh,Bhopal,Bhopal,Potato,1762.49
2025-02-28,Madhya Pradesh,Bhopal,Bhopal,Potato,1685.43
2025-03-01,Madhya Pradesh,Bhopal,Bhopal,Potato,1812.25
2025-03-02,Madhya Pradesh,Bhopal,Bhopal,Potato,1495.48
2025-03-03,Madhya Pradesh,Bhopal,Bhopal,Potato,1705.93
2025-03-04,Madhya Pradesh,Bhopal,Bhopal,Potato,1616.77
2025-03-05,Madhya Pradesh,Bhopal,Bhopal,Potato,1627.65
2025-03-06,Madhya Pradesh,Bhopal,Bhopal,Potato,1732.08
2025-03-07,Madhya Pradesh,Bhopal,Bhopal,Potato,1739.82
2025-03-08,Madhya Pradesh,Bhopal,Bhopal,Potato,1856.08
2025-03-09,Madhya Pradesh,Bhopal,Bhopal,Potato,1515.93
2025-03-10,Madhya Pradesh,Bhopal,Bhopal,Potato,1510.95
2025-03-11,Madhya Pradesh,Bhopal,Bhopal,Potato,1731.39
2025-03-12,Madhya Pradesh,Bhopal,Bhopal,Potato,1611.82
2025-03-13,Madhya Pradesh,Bhopal,Bhopal,Potato,1859.96
2025-03-14,Madhya Pradesh,Bhopal,Bhopal,Potato,1978.16
2025-03-15,Madhya Pradesh,Bhopal,Bhopal,Potato,1675.59
2025-03-16,Madhya Pradesh,Bhopal,Bhopal,Potato,1731.37
2025-03-17,Madhya Pradesh,Bhopal,Bhopal,Potato,1478.54
2025-03-18,Madhya Pradesh,Bhopal,Bhopal,Potato,1712.21
2025-03-19,Madhya Pradesh,Bhopal,Bhopal,Potato,1717.64
2025-03-20,Madhya Pradesh,Bhopal,Bhopal,Potato,1820.08
2025-03-21,Madhya Pradesh,Bhopal,Bhopal,Potato,1699.17
2025-03-22,Madhya Pradesh,Bhopal,Bhopal,Potato,1533.31
2025-03-23,Madhya Pradesh,Bhopal,Bhopal,Potato,1721.2
2025-03-24,Madhya Pradesh,Bhopal,Bhopal,Potato,1384.14
2025-03-25,Madhya Pradesh,Bhopal,Bhopal,Potato,1599.01
2025-03-26,Madhya Pradesh,Bhopal,Bhopal,Potato,1815.15
2025-03-27,Madhya Pradesh,Bhopal,Bhopal,Potato,1794.38
2025-03-28,Madhya Pradesh,Bhopal,Bhopal,Potato,2031.91
2025-03-29,Madhya Pradesh,Bhopal,Bhopal,Potato,1867.9
2025-03-30,Madhya Pradesh,Bhopal,Bhopal,Potato,1593.21
2025-03-31,Madhya Pradesh,Bhopal,Bhopal,Potato,1627.29
2025-04-01,Madhya Pradesh,Bhopal,Bhopal,Potato,1635.9
2025-04-02,Madhya Pradesh,Bhopal,Bhopal,Potato,1519.49
2025-04-03,Madhya Pradesh,Bhopal,Bhopal,Potato,1659.21
2025-04-04,Madhya Pradesh,Bhopal,Bhopal,Potato,1722.76
2025-04-05,Madhya Pradesh,Bhopal,Bhopal,Potato,1498.28
2025-04-06,Madhya Pradesh,Bhopal,Bhopal,Potato,1679.05
2025-04-07,Madhya Pradesh,Bhopal,Bhopal,Potato,1599.12
2025-04-08,Madhya Pradesh,Bhopal,Bhopal,Potato,1451.69
2025-04-09,Madhya Pradesh,Bhopal,Bhopal,Potato,1759.72
2025-04-10,Madhya Pradesh,Bhopal,Bhopal,Potato,1867.41
2025-04-11,Madhya Pradesh,Bhopal,Bhopal,Potato,1823.38
2025-04-12,Madhya Pradesh,Bhopal,Bhopal,Potato,1708.86
2025-04-13,Madhya Pradesh,Bhopal,Bhopal,Potato,1743.49
2025-04-14,Madhya Pradesh,Bhopal,Bhopal,Potato,1705.23
2025-04-15,Madhya Pradesh,Bhopal,Bhopal,Potato,1679.4
2025-04-16,Madhya Pradesh,Bhopal,Bhopal,Potato,1611.87
2025-04-17,Madhya Pradesh,Bhopal,Bhopal,Potato,1811.52
2025-04-18,Madhya Pradesh,Bhopal,Bhopal,Potato,1943.24
2025-04-19,Madhya Pradesh,Bhopal,Bhopal,Potato,1673.49
2025-04-20,Madhya Pradesh,Bhopal,Bhopal,Potato,1917.22
2025-04-21,Madhya Pradesh,Bhopal,Bhopal,Potato,1565.12
2025-04-22,Madhya Pradesh,Bhopal,Bhopal,Potato,1644.47
2025-04-23,Madhya Pradesh,Bhopal,Bhopal,Potato,1626.4
2025-04-24,Madhya Pradesh,Bhopal,Bhopal,Potato,1800.33
2025-04-25,Madhya Pradesh,Bhopal,Bhopal,Potato,1570.11
2025-04-26,Madhya Pradesh,Bhopal,Bhopal,Potato,1674.56
2025-04-27,Madhya Pradesh,Bhopal,Bhopal,Potato,1538.81
2025-04-28,Madhya Pradesh,Bhopal,Bhopal,Potato,1634.45
2025-04-29,Madhya Pradesh,Bhopal,Bhopal,Potato,1748.25
2025-04-30,Madhya Pradesh,Bhopal,Bhopal,Potato,1776.65
2025-05-01,Madhya Pradesh,Bhopal,Bhopal,Potato,1471.94
2025-05-02,Madhya Pradesh,Bhopal,Bhopal,Potato,2034.42
2025-05-03,Madhya Pradesh,Bhopal,Bhopal,Potato,1768.49
2025-05-04,Madhya Pradesh,Bhopal,Bhopal,Potato,1567.6
2025-05-05,Madhya Pradesh,Bhopal,Bhopal,Potato,1628.18
2025-05-06,Madhya Pradesh,Bhopal,Bhopal,Potato,1645.38
2025-05-07,Madhya Pradesh,Bhopal,Bhopal,Potato,1610.99
2025-05-08,Madhya Pradesh,Bhopal,Bhopal,Potato,1778.52
2025-05-09,Madhya Pradesh,Bhopal,Bhopal,Potato,1693.52
2025-05-10,Madhya Pradesh,Bhopal,Bhopal,Potato,1672.58
2025-05-11,Madhya Pradesh,Bhopal,Bhopal,Potato,1567.34
2025-05-12,Madhya Pradesh,Bhopal,Bhopal,Potato,1438.76
2025-05-13,Madhya Pradesh,Bhopal,Bhopal,Potato,1629.98
2025-05-14,Madhya Pradesh,Bhopal,Bhopal,Potato,1745.89
2025-05-15,Madhya Pradesh,Bhopal,Bhopal,Potato,1803.37
2025-05-16,Madhya Pradesh,Bhopal,Bhopal,Potato,1855.33
2025-05-17,Madhya Pradesh,Bhopal,Bhopal,Potato,1745.95
2025-05-18,Madhya Pradesh,Bhopal,Bhopal,Potato,1571.68
2025-05-19,Madhya Pradesh,Bhopal,Bhopal,Potato,1678.47
2025-05-20,Madhya Pradesh,Bhopal,Bhopal,Potato,1447.23
2025-05-21,Madhya Pradesh,Bhopal,Bhopal,Potato,1557.15
2025-05-22,Madhya Pradesh,Bhopal,Bhopal,Potato,1608.05
2025-05-23,Madhya Pradesh,Bhopal,Bhopal,Potato,1869.32
2025-05-24,Madhya Pradesh,Bhopal,Bhopal,Potato,1802.15
2025-05-25,Madhya Pradesh,Bhopal,Bhopal,Potato,1671.47
2025-05-26,Madhya Pradesh,Bhopal,Bhopal,Potato,1686.96
2025-05-27,Madhya Pradesh,Bhopal,Bhopal,Potato,1485.24
2025-05-28,Madhya Pradesh,Bhopal,Bhopal,Potato,1684.53
2025-05-29,Madhya Pradesh,Bhopal,Bhopal,Potato,1690.95
2025-05-30,Madhya Pradesh,Bhopal,Bhopal,Potato,1820.81
2025-05-31,Madhya Pradesh,Bhopal,Bhopal,Potato,1658.27
2025-06-01,Madhya Pradesh,Bhopal,Bhopal,Potato,1554.97
2025-06-02,Madhya Pradesh,Bhopal,Bhopal,Potato,1609.88
2025-06-03,Madhya Pradesh,Bhopal,Bhopal,Potato,1660.07
2025-06-04,Madhya Pradesh,Bhopal,Bhopal,Potato,1548.85
2025-06-05,Madhya Pradesh,Bhopal,Bhopal,Potato,1678.14
2025-06-06,Madhya Pradesh,Bhopal,Bhopal,Potato,1572.09
2025-06-07,Madhya Pradesh,Bhopal,Bhopal,Potato,1362.32
2025-06-08,Madhya Pradesh,Bhopal,Bhopal,Potato,1600.09
2025-06-09,Madhya Pradesh,Bhopal,Bhopal,Potato,1596.68
2025-06-10,Madhya Pradesh,Bhopal,Bhopal,Potato,1572.31
2025-06-11,Madhya Pradesh,Bhopal,Bhopal,Potato,1384.82
2025-06-12,Madhya Pradesh,Bhopal,Bhopal,Potato,1622.26
2025-06-13,Madhya Pradesh,Bhopal,Bhopal,Potato,1415.09
2025-06-14,Madhya Pradesh,Bhopal,Bhopal,Potato,1784.92
2025-06-15,Madhya Pradesh,Bhopal,Bhopal,Potato,1438.11
2025-06-16,Madhya Pradesh,Bhopal,Bhopal,Potato,1643.04
2025-06-17,Madhya Pradesh,Bhopal,Bhopal,Potato,1623.32
2025-06-18,Madhya Pradesh,Bhopal,Bhopal,Potato,1481.49
2025-06-19,Madhya Pradesh,Bhopal,Bhopal,Potato,1509.54
2025-06-20,Madhya Pradesh,Bhopal,Bhopal,Potato,1691.8
2025-06-21,Madhya Pradesh,Bhopal,Bhopal,Potato,1510.42
2025-06-22,Madhya Pradesh,Bhopal,Bhopal,Potato,1544.85
2025-06-23,Madhya Pradesh,Bhopal,Bhopal,Potato,1437.93
2025-06-24,Madhya Pradesh,Bhopal,Bhopal,Potato,1313.05
2025-06-25,Madhya Pradesh,Bhopal,Bhopal,Potato,1314.5
2025-06-26,Madhya Pradesh,Bhopal,Bhopal,Potato,1640.7
2025-06-27,Madhya Pradesh,Bhopal,Bhopal,Potato,1562.56
2025-06-28,Madhya Pradesh,Bhopal,Bhopal,Potato,1519.83
2025-06-29,Madhya Pradesh,Bhopal,Bhopal,Potato,1584.12
2025-06-30,Madhya Pradesh,Bhopal,Bhopal,Potato,1585.88
2025-07-01,Madhya Pradesh,Bhopal,Bhopal,Potato,1448.88
2025-07-02,Madhya Pradesh,Bhopal,Bhopal,Potato,1497.14
2025-07-03,Madhya Pradesh,Bhopal,Bhopal,Potato,1645.74
2025-07-04,Madhya Pradesh,Bhopal,Bhopal,Potato,1449.13
2025-07-05,Madhya Pradesh,Bhopal,Bhopal,Potato,1580.71
2025-07-06,Madhya Pradesh,Bhopal,Bhopal,Potato,1544.36
2025-07-07,Madhya Pradesh,Bhopal,Bhopal,Potato,1511.2
2025-07-08,Madhya Pradesh,Bhopal,Bhopal,Potato,1256.74
2025-07-09,Madhya Pradesh,Bhopal,Bhopal,Potato,1429.09
2025-07-10,Madhya Pradesh,Bhopal,Bhopal,Potato,1468.76
2025-07-11,Madhya Pradesh,Bhopal,Bhopal,Potato,1586.93
2025-07-12,Madhya Pradesh,Bhopal,Bhopal,Potato,1583.31
2025-07-13,Madhya Pradesh,Bhopal,Bhopal,Potato,1616.69
2025-07-14,Madhya Pradesh,Bhopal,Bhopal,Potato,1370.47
2025-07-15,Madhya Pradesh,Bhopal,Bhopal,Potato,1380.97
2025-07-16,Madhya Pradesh,Bhopal,Bhopal,Potato,1605.18
2025-07-17,Madhya Pradesh,Bhopal,Bhopal,Potato,1572.17
2025-07-18,Madhya Pradesh,Bhopal,Bhopal,Potato,1688.61
2025-07-19,Madhya Pradesh,Bhopal,Bhopal,Potato,1538.03
2025-07-20,Madhya Pradesh,Bhopal,Bhopal,Potato,1323.62
2025-07-21,Madhya Pradesh,Bhopal,Bhopal,Potato,1266.92
2025-07-22,Madhya Pradesh,Bhopal,Bhopal,Potato,1255.38
2025-07-23,Madhya Pradesh,Bhopal,Bhopal,Potato,1530.13
2025-07-24,Madhya Pradesh,Bhopal,Bhopal,Potato,1642.29
2025-07-25,Madhya Pradesh,Bhopal,Bhopal,Potato,1724.51
2025-07-26,Madhya Pradesh,Bhopal,Bhopal,Potato,1571.79
2025-07-27,Madhya Pradesh,Bhopal,Bhopal,Potato,1533.48
2025-07-28,Madhya Pradesh,Bhopal,Bhopal,Potato,1319.98
2025-07-29,Madhya Pradesh,Bhopal,Bhopal,Potato,1274.55
2025-07-30,Madhya Pradesh,Bhopal,Bhopal,Potato,1525.82
2025-07-31,Madhya Pradesh,Bhopal,Bhopal,Potato,1536.89
2025-08-01,Madhya Pradesh,Bhopal,Bhopal,Potato,1515.23
2025-08-02,Madhya Pradesh,Bhopal,Bhopal,Potato,1501.7
2025-08-03,Madhya Pradesh,Bhopal,Bhopal,Potato,1428.66
2025-08-04,Madhya Pradesh,Bhopal,Bhopal,Potato,1477.45
2025-08-05,Madhya Pradesh,Bhopal,Bhopal,Potato,1490.47
2025-08-06,Madhya Pradesh,Bhopal,Bhopal,Potato,1473.39
2025-08-07,Madhya Pradesh,Bhopal,Bhopal,Potato,1559.0
2025-08-08,Madhya Pradesh,Bhopal,Bhopal,Potato,1535.94
2025-08-09,Madhya Pradesh,Bhopal,Bhopal,Potato,1395.0
2025-08-10,Madhya Pradesh,Bhopal,Bhopal,Potato,1450.61
2025-08-11,Madhya Pradesh,Bhopal,Bhopal,Potato,1206.5
2025-08-12,Madhya Pradesh,Bhopal,Bhopal,Potato,1447.49
2025-08-13,Madhya Pradesh,Bhopal,Bhopal,Potato,1283.2
2025-08-14,Madhya Pradesh,Bhopal,Bhopal,Potato,1481.43
2025-08-15,Madhya Pradesh,Bhopal,Bhopal,Potato,1376.67
2025-08-16,Madhya Pradesh,Bhopal,Bhopal,Potato,1478.1
2025-08-17,Madhya Pradesh,Bhopal,Bhopal,Potato,1356.95
2025-08-18,Madhya Pradesh,Bhopal,Bhopal,Potato,1172.92
2025-08-19,Madhya Pradesh,Bhopal,Bhopal,Potato,1370.69
2025-08-20,Madhya Pradesh,Bhopal,Bhopal,Potato,1327.41
2025-08-21,Madhya Pradesh,Bhopal,Bhopal,Potato,1523.66
2025-08-22,Madhya Pradesh,Bhopal,Bhopal,Potato,1446.33
2025-08-23,Madhya Pradesh,Bhopal,Bhopal,Potato,1445.66
2025-08-24,Madhya Pradesh,Bhopal,Bhopal,Potato,1254.8
2025-08-25,Madhya Pradesh,Bhopal,Bhopal,Potato,1251.98
2025-08-26,Madhya Pradesh,Bhopal,Bhopal,Potato,1274.92
2025-08-27,Madhya Pradesh,Bhopal,Bhopal,Potato,1450.98
2025-08-28,Madhya Pradesh,Bhopal,Bhopal,Potato,1587.26
2025-08-29,Madhya Pradesh,Bhopal,Bhopal,Potato,1351.09
2025-08-30,Madhya Pradesh,Bhopal,Bhopal,Potato,1498.08
2025-08-31,Madhya Pradesh,Bhopal,Bhopal,Potato,1129.92
2025-09-01,Madhya Pradesh,Bhopal,Bhopal,Potato,1185.71
2025-09-02,Madhya Pradesh,Bhopal,Bhopal,Potato,1217.88
2025-09-03,Madhya Pradesh,Bhopal,Bhopal,Potato,1228.61
2025-09-04,Madhya Pradesh,Bhopal,Bhopal,Potato,1252.49
2025-09-05,Madhya Pradesh,Bhopal,Bhopal,Potato,1461.33
2025-09-06,Madhya Pradesh,Bhopal,Bhopal,Potato,1361.57
2025-09-07,Madhya Pradesh,Bhopal,Bhopal,Potato,1357.46
2025-09-08,Madhya Pradesh,Bhopal,Bhopal,Potato,1346.72
2025-09-09,Madhya Pradesh,Bhopal,Bhopal,Potato,1320.68
2025-09-10,Madhya Pradesh,Bhopal,Bhopal,Potato,1410.32
2025-09-11,Madhya Pradesh,Bhopal,Bhopal,Potato,1393.08
2025-09-12,Madhya Pradesh,Bhopal,Bhopal,Potato,1294.59
2025-09-13,Madhya Pradesh,Bhopal,Bhopal,Potato,1476.36
2025-09-14,Madhya Pradesh,Bhopal,Bhopal,Potato,1261.16
2025-09-15,Madhya Pradesh,Bhopal,Bhopal,Potato,1194.59
2025-09-16,Madhya Pradesh,Bhopal,Bhopal,Potato,1274.55
2025-09-17,Madhya Pradesh,Bhopal,Bhopal,Potato,1256.73
2025-09-18,Madhya Pradesh,Bhopal,Bhopal,Potato,1353.67
2025-09-19,Madhya Pradesh,Bhopal,Bhopal,Potato,1440.74
2025-09-20,Madhya Pradesh,Bhopal,Bhopal,Potato,1403.55
2025-09-21,Madhya Pradesh,Bhopal,Bhopal,Potato,1229.18
2025-09-22,Madhya Pradesh,Bhopal,Bhopal,Potato,1231.54
2025-09-23,Madhya Pradesh,Bhopal,Bhopal,Potato,1384.66
2025-09-24,Madhya Pradesh,Bhopal,Bhopal,Potato,1386.62
2025-09-25,Madhya Pradesh,Bhopal,Bhopal,Potato,1594.6
2025-09-26,Madhya Pradesh,Bhopal,Bhopal,Potato,1521.38
2025-09-27,Madhya Pradesh,Bhopal,Bhopal,Potato,1478.77
2025-09-28,Madhya Pradesh,Bhopal,Bhopal,Potato,1183.71
2025-09-29,Madhya Pradesh,Bhopal,Bhopal,Potato,1343.2
2025-09-30,Madhya Pradesh,Bhopal,Bhopal,Potato,1283.44
2025-10-01,Madhya Pradesh,Bhopal,Bhopal,Potato,1289.25
2025-10-02,Madhya Pradesh,Bhopal,Bhopal,Potato,1410.21
2025-10-03,Madhya Pradesh,Bhopal,Bhopal,Potato,1500.39
2025-10-04,Madhya Pradesh,Bhopal,Bhopal,Potato,1419.62
2025-10-05,Madhya Pradesh,Bhopal,Bhopal,Potato,1233.11
2025-10-06,Madhya Pradesh,Bhopal,Bhopal,Potato,1344.66
2025-10-07,Madhya Pradesh,Bhopal,Bhopal,Potato,1234.27
2025-10-08,Madhya Pradesh,Bhopal,Bhopal,Potato,1365.73
2025-10-09,Madhya Pradesh,Bhopal,Bhopal,Potato,1369.15
2025-10-10,Madhya Pradesh,Bhopal,Bhopal,Potato,1391.22
2025-10-11,Madhya Pradesh,Bhopal,Bhopal,Potato,1451.37
2025-10-12,Madhya Pradesh,Bhopal,Bhopal,Potato,1223.96
2025-10-13,Madhya Pradesh,Bhopal,Bhopal,Potato,1459.63
2025-10-14,Madhya Pradesh,Bhopal,Bhopal,Potato,1133.36
2025-10-15,Madhya Pradesh,Bhopal,Bhopal,Potato,1296.5
2025-10-16,Madhya Pradesh,Bhopal,Bhopal,Potato,1443.92
2025-10-17,Madhya Pradesh,Bhopal,Bhopal,Potato,1480.22
2025-10-18,Madhya Pradesh,Bhopal,Bhopal,Potato,1377.18
2025-10-19,Madhya Pradesh,Bhopal,Bhopal,Potato,1324.25
2025-10-20,Madhya Pradesh,Bhopal,Bhopal,Potato,1331.61
2025-10-21,Madhya Pradesh,Bhopal,Bhopal,Potato,1288.04
2025-10-22,Madhya Pradesh,Bhopal,Bhopal,Potato,1497.33
2025-10-23,Madhya Pradesh,Bhopal,Bhopal,Potato,1502.95
2025-10-24,Madhya Pradesh,Bhopal,Bhopal,Potato,1522.43
2025-10-25,Madhya Pradesh,Bhopal,Bhopal,Potato,1305.13
2025-10-26,Madhya Pradesh,Bhopal,Bhopal,Potato,1334.92
2025-10-27,Madhya Pradesh,Bhopal,Bhopal,Potato,1279.79
2025-10-28,Madhya Pradesh,Bhopal,Bhopal,Potato,1229.56
2025-10-29,Madhya Pradesh,Bhopal,Bhopal,Potato,1413.5
2025-10-30,Madhya Pradesh,Bhopal,Bhopal,Potato,1381.04
2025-10-31,Madhya Pradesh,Bhopal,Bhopal,Potato,1517.46
2025-11-01,Madhya Pradesh,Bhopal,Bhopal,Potato,1309.9
2025-11-02,Madhya Pradesh,Bhopal,Bhopal,Potato,1521.75
2025-11-03,Madhya Pradesh,Bhopal,Bhopal,Potato,1240.18
2025-11-04,Madhya Pradesh,Bhopal,Bhopal,Potato,1359.72
2025-11-05,Madhya Pradesh,Bhopal,Bhopal,Potato,1473.75
2025-11-06,Madhya Pradesh,Bhopal,Bhopal,Potato,1395.73
2025-11-07,Madhya Pradesh,Bhopal,Bhopal,Potato,1558.0
2025-11-08,Madhya Pradesh,Bhopal,Bhopal,Potato,1311.79
2025-11-09,Madhya Pradesh,Bhopal,Bhopal,Potato,1517.2
2025-11-10,Madhya Pradesh,Bhopal,Bhopal,Potato,1343.3
2025-11-11,Madhya Pradesh,Bhopal,Bhopal,Potato,1301.81
2025-11-12,Madhya Pradesh,Bhopal,Bhopal,Potato,1387.23
2025-11-13,Madhya Pradesh,Bhopal,Bhopal,Potato,1559.14
2025-11-14,Madhya Pradesh,Bhopal,Bhopal,Potato,1431.61
2025-11-15,Madhya Pradesh,Bhopal,Bhopal,Potato,1381.06
2025-11-16,Madhya Pradesh,Bhopal,Bhopal,Potato,1377.18
2025-11-17,Madhya Pradesh,Bhopal,Bhopal,Potato,1251.08
2025-11-18,Madhya Pradesh,Bhopal,Bhopal,Potato,1556.48
2025-11-19,Madhya Pradesh,Bhopal,Bhopal,Potato,1383.09
2025-11-20,Madhya Pradesh,Bhopal,Bhopal,Potato,1587.49
2025-11-21,Madhya Pradesh,Bhopal,Bhopal,Potato,1540.11
2025-11-22,Madhya Pradesh,Bhopal,Bhopal,Potato,1380.25
2025-11-23,Madhya Pradesh,Bhopal,Bhopal,Potato,1422.46
2025-11-24,Madhya Pradesh,Bhopal,Bhopal,Potato,1463.38
2025-11-25,Madhya Pradesh,Bhopal,Bhopal,Potato,1386.43
2025-11-26,Madhya Pradesh,Bhopal,Bhopal,Potato,1588.35
2025-11-27,Madhya Pradesh,Bhopal,Bhopal,Potato,1636.44
2025-11-28,Madhya Pradesh,Bhopal,Bhopal,Potato,1644.92
2025-11-29,Madhya Pradesh,Bhopal,Bhopal,Potato,1461.1
2025-11-30,Madhya Pradesh,Bhopal,Bhopal,Potato,1339.89
2025-12-01,Madhya Pradesh,Bhopal,Bhopal,Potato,1352.5
2025-12-02,Madhya Pradesh,Bhopal,Bhopal,Potato,1451.11
2025-12-03,Madhya Pradesh,Bhopal,Bhopal,Potato,1550.85
2025-12-04,Madhya Pradesh,Bhopal,Bhopal,Potato,1319.87
2025-12-05,Madhya Pradesh,Bhopal,Bhopal,Potato,1574.41
2025-12-06,Madhya Pradesh,Bhopal,Bhopal,Potato,1555.99
2025-12-07,Madhya Pradesh,Bhopal,Bhopal,Potato,1449.04
2025-12-08,Madhya Pradesh,Bhopal,Bhopal,Potato,1571.2
2025-12-09,Madhya Pradesh,Bhopal,Bhopal,Potato,1502.81
2025-12-10,Madhya Pradesh,Bhopal,Bhopal,Potato,1663.14
2025-12-11,Madhya Pradesh,Bhopal,Bhopal,Potato,1563.51
2025-12-12,Madhya Pradesh,Bhopal,Bhopal,Potato,1712.31
2025-12-13,Madhya Pradesh,Bhopal,Bhopal,Potato,1749.61
2025-12-14,Madhya Pradesh,Bhopal,Bhopal,Potato,1646.02
2025-12-15,Madhya Pradesh,Bhopal,Bhopal,Potato,1357.76
2025-12-16,Madhya Pradesh,Bhopal,Bhopal,Potato,1462.94
2025-12-17,Madhya Pradesh,Bhopal,Bhopal,Potato,1516.93
2025-12-18,Madhya Pradesh,Bhopal,Bhopal,Potato,1675.44
2025-12-19,Madhya Pradesh,Bhopal,Bhopal,Potato,1718.57
2025-12-20,Madhya Pradesh,Bhopal,Bhopal,Potato,1508.07
2025-12-21,Madhya Pradesh,Bhopal,Bhopal,Potato,1545.91
2025-12-22,Madhya Pradesh,Bhopal,Bhopal,Potato,1288.28
2025-12-23,Madhya Pradesh,Bhopal,Bhopal,Potato,1673.53
2025-12-24,Madhya Pradesh,Bhopal,Bhopal,Potato,1529.67
2025-12-25,Madhya Pradesh,Bhopal,Bhopal,Potato,1659.88
2025-12-26,Madhya Pradesh,Bhopal,Bhopal,Potato,1637.38
2025-12-27,Madhya Pradesh,Bhopal,Bhopal,Potato,1766.44
2025-12-28,Madhya Pradesh,Bhopal,Bhopal,Potato,1258.46
2025-12-29,Madhya Pradesh,Bhopal,Bhopal,Potato,1529.63
2025-12-30,Madhya Pradesh,Bhopal,Bhopal,Potato,1539.96
2025-12-31,Madhya Pradesh,Bhopal,Bhopal,Potato,1567.85
2026-01-01,Madhya Pradesh,Bhopal,Bhopal,Potato,1891.35
2026-01-02,Madhya Pradesh,Bhopal,Bhopal,Potato,1601.96
2026-01-03,Madhya Pradesh,Bhopal,Bhopal,Potato,1758.95
2026-01-04,Madhya Pradesh,Bhopal,Bhopal,Potato,1642.48
2026-01-05,Madhya Pradesh,Bhopal,Bhopal,Potato,1700.67
2026-01-06,Madhya Pradesh,Bhopal,Bhopal,Potato,1509.12
2026-01-07,Madhya Pradesh,Bhopal,Bhopal,Potato,1567.38
2026-01-08,Madhya Pradesh,Bhopal,Bhopal,Potato,1853.69
2026-01-09,Madhya Pradesh,Bhopal,Bhopal,Potato,1794.39
2026-01-10,Madhya Pradesh,Bhopal,Bhopal,Potato,1518.24
2026-01-11,Madhya Pradesh,Bhopal,Bhopal,Potato,1572.9
2026-01-12,Madhya Pradesh,Bhopal,Bhopal,Potato,1636.94
2026-01-13,Madhya Pradesh,Bhopal,Bhopal,Potato,1709.15
2026-01-14,Madhya Pradesh,Bhopal,Bhopal,Potato,1604.68
2026-01-15,Madhya Pradesh,Bhopal,Bhopal,Potato,1397.34
2026-01-16,Madhya Pradesh,Bhopal,Bhopal,Potato,1841.66
2026-01-17,Madhya Pradesh,Bhopal,Bhopal,Potato,1587.2
2026-01-18,Madhya Pradesh,Bhopal,Bhopal,Potato,1430.93
2026-01-19,Madhya Pradesh,Bhopal,Bhopal,Potato,1302.4
2026-01-20,Madhya Pradesh,Bhopal,Bhopal,Potato,1739.07
2026-01-21,Madhya Pradesh,Bhopal,Bhopal,Potato,1732.23
2026-01-22,Madhya Pradesh,Bhopal,Bhopal,Potato,1760.29
2026-01-23,Madhya Pradesh,Bhopal,Bhopal,Potato,1985.82
2026-01-24,Madhya Pradesh,Bhopal,Bhopal,Potato,1846.56
2026-01-25,Madhya Pradesh,Bhopal,Bhopal,Potato,1888.95
2026-01-26,Madhya Pradesh,Bhopal,Bhopal,Potato,1492.93
2026-01-27,Madhya Pradesh,Bhopal,Bhopal,Potato,1671.13
2026-01-28,Madhya Pradesh,Bhopal,Bhopal,Potato,1549.89
2026-01-29,Madhya Pradesh,Bhopal,Bhopal,Potato,1791.23
2026-01-30,Madhya Pradesh,Bhopal,Bhopal,Potato,1809.8
2026-01-31,Madhya Pradesh,Bhopal,Bhopal,Potato,1877.57
2026-02-01,Madhya Pradesh,Bhopal,Bhopal,Potato,1731.91
2026-02-02,Madhya Pradesh,Bhopal,Bhopal,Potato,1756.06
2026-02-03,Madhya Pradesh,Bhopal,Bhopal,Potato,1787.57
2026-02-04,Madhya Pradesh,Bhopal,Bhopal,Potato,2045.15
2026-02-05,Madhya Pradesh,Bhopal,Bhopal,Potato,1809.92
2026-02-06,Madhya Pradesh,Bhopal,Bhopal,Potato,1748.86
2026-02-07,Madhya Pradesh,Bhopal,Bhopal,Potato,1859.45
2026-02-08,Madhya Pradesh,Bhopal,Bhopal,Potato,1655.67
2026-02-09,Madhya Pradesh,Bhopal,Bhopal,Potato,1886.71
2026-02-10,Madhya Pradesh,Bhopal,Bhopal,Potato,1696.13
2026-02-11,Madhya Pradesh,Bhopal,Bhopal,Potato,1733.19
2026-02-12,Madhya Pradesh,Bhopal,Bhopal,Potato,1817.1
2026-02-13,Madhya Pradesh,Bhopal,Bhopal,Potato,1996.02
2026-02-14,Madhya Pradesh,Bhopal,Bhopal,Potato,1834.69
2026-02-15,Madhya Pradesh,Bhopal,Bhopal,Potato,1699.98
2026-02-16,Madhya Pradesh,Bhopal,Bhopal,Potato,1936.26
2026-02-17,Madhya Pradesh,Bhopal,Bhopal,Potato,1649.91
2026-02-18,Madhya Pradesh,Bhopal,Bhopal,Potato,1834.52
2026-02-19,Madhya Pradesh,Bhopal,Bhopal,Potato,1992.04
2026-02-20,Madhya Pradesh,Bhopal,Bhopal,Potato,1706.31
2026-02-21,Madhya Pradesh,Bhopal,Bhopal,Potato,1943.18
2026-02-22,Madhya Pradesh,Bhopal,Bhopal,Potato,1670.13
2026-02-23,Madhya Pradesh,Bhopal,Bhopal,Potato,1857.67
2026-02-24,Madhya Pradesh,Bhopal,Bhopal,Potato,1657.58
2026-02-25,Madhya Pradesh,Bhopal,Bhopal,Potato,1942.59
2026-02-26,Madhya Pradesh,Bhopal,Bhopal,Potato,2077.58
2026-02-27,Madhya Pradesh,Bhopal,Bhopal,Potato,2066.89
2026-02-28,Madhya Pradesh,Bhopal,Bhopal,Potato,1935.5
2026-03-01,Madhya Pradesh,Bhopal,Bhopal,Potato,1794.51
2026-03-02,Madhya Pradesh,Bhopal,Bhopal,Potato,1704.59
2026-03-03,Madhya Pradesh,Bhopal,Bhopal,Potato,1981.94
2026-03-04,Madhya Pradesh,Bhopal,Bhopal,Potato,1780.98
2026-03-05,Madhya Pradesh,Bhopal,Bhopal,Potato,1807.13
2026-03-06,Madhya Pradesh,Bhopal,Bhopal,Potato,2061.07
2026-03-07,Madhya Pradesh,Bhopal,Bhopal,Potato,1814.02
2026-03-08,Madhya Pradesh,Bhopal,Bhopal,Potato,1719.36
2026-03-09,Madhya Pradesh,Bhopal,Bhopal,Potato,1611.94
2026-03-10,Madhya Pradesh,Bhopal,Bhopal,Potato,1752.23
2026-03-11,Madhya Pradesh,Bhopal,Bhopal,Potato,1878.58
2026-03-12,Madhya Pradesh,Bhopal,Bhopal,Potato,1999.05
2026-03-13,Madhya Pradesh,Bhopal,Bhopal,Potato,2118.3
2026-03-14,Madhya Pradesh,Bhopal,Bhopal,Potato,2008.3
2026-03-15,Madhya Pradesh,Bhopal,Bhopal,Potato,1831.7
2026-03-16,Madhya Pradesh,Bhopal,Bhopal,Potato,1781.87
2026-03-17,Madhya Pradesh,Bhopal,Bhopal,Potato,1892.25
2026-03-18,Madhya Pradesh,Bhopal,Bhopal,Potato,2072.59
2026-03-19,Madhya Pradesh,Bhopal,Bhopal,Potato,1996.67
2026-03-20,Madhya Pradesh,Bhopal,Bhopal,Potato,1933.57
2026-03-21,Madhya Pradesh,Bhopal,Bhopal,Potato,1813.73
2026-03-22,Madhya Pradesh,Bhopal,Bhopal,Potato,1678.88
2026-03-23,Madhya Pradesh,Bhopal,Bhopal,Potato,1902.25
2026-03-24,Madhya Pradesh,Bhopal,Bhopal,Potato,1911.51
2026-03-25,Madhya Pradesh,Bhopal,Bhopal,Potato,1990.47
2026-03-26,Madhya Pradesh,Bhopal,Bhopal,Potato,1971.21
2026-03-27,Madhya Pradesh,Bhopal,Bhopal,Potato,2206.57
2026-03-28,Madhya Pradesh,Bhopal,Bhopal,Potato,1891.6
2026-03-29,Madhya Pradesh,Bhopal,Bhopal,Potato,2001.14
2026-03-30,Madhya Pradesh,Bhopal,Bhopal,Potato,1819.72
2026-03-31,Madhya Pradesh,Bhopal,Bhopal,Potato,1765.41
2026-04-01,Madhya Pradesh,Bhopal,Bhopal,Potato,1999.28
2026-04-02,Madhya Pradesh,Bhopal,Bhopal,Potato,2052.58
2026-04-03,Madhya Pradesh,Bhopal,Bhopal,Potato,2064.83
2026-04-04,Madhya Pradesh,Bhopal,Bhopal,Potato,1974.19
2026-04-05,Madhya Pradesh,Bhopal,Bhopal,Potato,1875.08
2026-04-06,Madhya Pradesh,Bhopal,Bhopal,Potato,2134.08
2026-04-07,Madhya Pradesh,Bhopal,Bhopal,Potato,2000.34
2026-04-08,Madhya Pradesh,Bhopal,Bhopal,Potato,2019.82
2026-04-09,Madhya Pradesh,Bhopal,Bhopal,Potato,2013.46
2026-04-10,Madhya Pradesh,Bhopal,Bhopal,Potato,2158.59
2026-04-11,Madhya Pradesh,Bhopal,Bhopal,Potato,2035.61
2026-04-12,Madhya Pradesh,Bhopal,Bhopal,Potato,1884.31
2026-04-13,Madhya Pradesh,Bhopal,Bhopal,Potato,1789.81
2026-04-14,Madhya Pradesh,Bhopal,Bhopal,Potato,1836.53
2026-04-15,Madhya Pradesh,Bhopal,Bhopal,Potato,1495.3
2026-04-16,Madhya Pradesh,Bhopal,Bhopal,Potato,2025.94
2026-04-17,Madhya Pradesh,Bhopal,Bhopal,Potato,1945.68
2026-04-18,Madhya Pradesh,Bhopal,Bhopal,Potato,2180.78
2026-04-19,Madhya Pradesh,Bhopal,Bhopal,Potato,1880.65
2026-04-20,Madhya Pradesh,Bhopal,Bhopal,Potato,1673.58
2026-04-21,Madhya Pradesh,Bhopal,Bhopal,Potato,1836.88
2026-04-22,Madhya Pradesh,Bhopal,Bhopal,Potato,1777.05
2026-04-23,Madhya Pradesh,Bhopal,Bhopal,Potato,2057.48
2026-04-24,Madhya Pradesh,Bhopal,Bhopal,Potato,2049.87
2026-04-25,Madhya Pradesh,Bhopal,Bhopal,Potato,2087.22
2026-04-26,Madhya Pradesh,Bhopal,Bhopal,Potato,1768.27
2026-04-27,Madhya Pradesh,Bhopal,Bhopal,Potato,1823.34
2026-04-28,Madhya Pradesh,Bhopal,Bhopal,Potato,1660.81
2026-04-29,Madhya Pradesh,Bhopal,Bhopal,Potato,2003.42
2026-04-30,Madhya Pradesh,Bhopal,Bhopal,Potato,2054.87
2026-05-01,Madhya Pradesh,Bhopal,Bhopal,Potato,2069.14
2026-05-02,Madhya Pradesh,Bhopal,Bhopal,Potato,1946.81
2026-05-03,Madhya Pradesh,Bhopal,Bhopal,Potato,1916.44
2026-05-04,Madhya Pradesh,Bhopal,Bhopal,Potato,2012.48
2026-05-05,Madhya Pradesh,Bhopal,Bhopal,Potato,1789.55
2026-05-06,Madhya Pradesh,Bhopal,Bhopal,Potato,1916.91
2026-05-07,Madhya Pradesh,Bhopal,Bhopal,Potato,1820.94
2026-05-08,Madhya Pradesh,Bhopal,Bhopal,Potato,1866.3
2026-05-09,Madhya Pradesh,Bhopal,Bhopal,Potato,1947.03
2026-05-10,Madhya Pradesh,Bhopal,Bhopal,Potato,1992.6
2026-05-11,Madhya Pradesh,Bhopal,Bhopal,Potato,1764.29
2026-05-12,Madhya Pradesh,Bhopal,Bhopal,Potato,1782.74
2026-05-13,Madhya Pradesh,Bhopal,Bhopal,Potato,1830.52
2026-05-14,Madhya Pradesh,Bhopal,Bhopal,Potato,1882.27
2026-05-15,Madhya Pradesh,Bhopal,Bhopal,Potato,2011.88
2026-05-16,Madhya Pradesh,Bhopal,Bhopal,Potato,1716.88
2026-05-17,Madhya Pradesh,Bhopal,Bhopal,Potato,1998.48
2026-05-18,Madhya Pradesh,Bhopal,Bhopal,Potato,1697.97
2026-05-19,Madhya Pradesh,Bhopal,Bhopal,Potato,1887.32
2026-05-20,Madhya Pradesh,Bhopal,Bhopal,Potato,1701.03
2026-05-21,Madhya Pradesh,Bhopal,Bhopal,Potato,2027.9
2026-05-22,Madhya Pradesh,Bhopal,Bhopal,Potato,2044.18
2026-05-23,Madhya Pradesh,Bhopal,Bhopal,Potato,1950.22
2026-05-24,Madhya Pradesh,Bhopal,Bhopal,Potato,1689.34
2026-05-25,Madhya Pradesh,Bhopal,Bhopal,Potato,1793.57
2026-05-26,Madhya Pradesh,Bhopal,Bhopal,Potato,1630.63
2026-05-27,Madhya Pradesh,Bhopal,Bhopal,Potato,1814.53
2026-05-28,Madhya Pradesh,Bhopal,Bhopal,Potato,2054.37
2026-05-29,Madhya Pradesh,Bhopal,Bhopal,Potato,2038.56
2026-05-30,Madhya Pradesh,Bhopal,Bhopal,Potato,1879.89
2026-05-31,Madhya Pradesh,Bhopal,Bhopal,Potato,1672.57
2026-06-01,Madhya Pradesh,Bhopal,Bhopal,Potato,1821.12
2026-06-02,Madhya Pradesh,Bhopal,Bhopal,Potato,1759.33
2026-06-03,Madhya Pradesh,Bhopal,Bhopal,Potato,1528.71
2026-06-04,Madhya Pradesh,Bhopal,Bhopal,Potato,1996.76
2026-06-05,Madhya Pradesh,Bhopal,Bhopal,Potato,1903.89
2026-06-06,Madhya Pradesh,Bhopal,Bhopal,Potato,2010.56
2026-06-07,Madhya Pradesh,Bhopal,Bhopal,Potato,1636.47
2026-06-08,Madhya Pradesh,Bhopal,Bhopal,Potato,1337.57
2026-06-09,Madhya Pradesh,Bhopal,Bhopal,Potato,1768.03
2026-06-10,Madhya Pradesh,Bhopal,Bhopal,Potato,1837.94
2026-06-11,Madhya Pradesh,Bhopal,Bhopal,Potato,1646.83
2026-06-12,Madhya Pradesh,Bhopal,Bhopal,Potato,1752.61
2026-06-13,Madhya Pradesh,Bhopal,Bhopal,Potato,2182.05
2026-06-14,Madhya Pradesh,Bhopal,Bhopal,Potato,1710.61
2026-06-15,Madhya Pradesh,Bhopal,Bhopal,Potato,1782.97
2026-06-16,Madhya Pradesh,Bhopal,Bhopal,Potato,1631.97
2026-06-17,Madhya Pradesh,Bhopal,Bhopal,Potato,1515.86
2026-06-18,Madhya Pradesh,Bhopal,Bhopal,Potato,1819.27
2026-06-19,Madhya Pradesh,Bhopal,Bhopal,Potato,1819.89
2026-06-20,Madhya Pradesh,Bhopal,Bhopal,Potato,1752.21
2026-06-21,Madhya Pradesh,Bhopal,Bhopal,Potato,1708.58
2026-06-22,Madhya Pradesh,Bhopal,Bhopal,Potato,1702.05
2026-06-23,Madhya Pradesh,Bhopal,Bhopal,Potato,1666.71
2026-06-24,Madhya Pradesh,Bhopal,Bhopal,Potato,1594.33
2026-06-25,Madhya Pradesh,Bhopal,Bhopal,Potato,1875.17
2026-06-26,Madhya Pradesh,Bhopal,Bhopal,Potato,1577.03
2026-06-27,Madhya Pradesh,Bhopal,Bhopal,Potato,1520.38
2026-06-28,Madhya Pradesh,Bhopal,Bhopal,Potato,1783.71
2026-06-29,Madhya Pradesh,Bhopal,Bhopal,Potato,1703.74
2026-06-30,Madhya Pradesh,Bhopal,Bhopal,Potato,1651.62
2026-07-01,Madhya Pradesh,Bhopal,Bhopal,Potato,1553.64
2026-07-02,Madhya Pradesh,Bhopal,Bhopal,Potato,1696.6
2026-07-03,Madhya Pradesh,Bhopal,Bhopal,Potato,1764.47
2026-07-04,Madhya Pradesh,Bhopal,Bhopal,Potato,1551.97
2026-07-05,Madhya Pradesh,Bhopal,Bhopal,Potato,1582.76
2026-07-06,Madhya Pradesh,Bhopal,Bhopal,Potato,1693.15
2026-07-07,Madhya Pradesh,Bhopal,Bhopal,Potato,1794.92
2026-07-08,Madhya Pradesh,Bhopal,Bhopal,Potato,1644.59
2026-07-09,Madhya Pradesh,Bhopal,Bhopal,Potato,1849.52
2026-07-10,Madhya Pradesh,Bhopal,Bhopal,Potato,1531.74
2026-07-11,Madhya Pradesh,Bhopal,Bhopal,Potato,1798.46
2026-07-12,Madhya Pradesh,Bhopal,Bhopal,Potato,1549.87
2026-07-13,Madhya Pradesh,Bhopal,Bhopal,Potato,1627.45
2026-07-14,Madhya Pradesh,Bhopal,Bhopal,Potato,1577.78
2026-07-15,Madhya Pradesh,Bhopal,Bhopal,Potato,1821.17
2026-07-16,Madhya Pradesh,Bhopal,Bhopal,Potato,1622.46
2026-07-17,Madhya Pradesh,Bhopal,Bhopal,Potato,1816.74
2026-07-18,Madhya Pradesh,Bhopal,Bhopal,Potato,1658.4
2026-07-19,Madhya Pradesh,Bhopal,Bhopal,Potato,1598.04
2026-07-20,Madhya Pradesh,Bhopal,Bhopal,Potato,1547.49
2026-07-21,Madhya Pradesh,Bhopal,Bhopal,Potato,1486.43
2026-07-22,Madhya Pradesh,Bhopal,Bhopal,Potato,1638.88
2026-07-23,Madhya Pradesh,Bhopal,Bhopal,Potato,1693.3
2026-07-24,Madhya Pradesh,Bhopal,Bhopal,Potato,1741.62
2026-07-25,Madhya Pradesh,Bhopal,Bhopal,Potato,1674.62
2026-07-26,Madhya Pradesh,Bhopal,Bhopal,Potato,1679.35
2026-07-27,Madhya Pradesh,Bhopal,Bhopal,Potato,1642.84
2026-07-28,Madhya Pradesh,Bhopal,Bhopal,Potato,1440.93
2026-07-29,Madhya Pradesh,Bhopal,Bhopal,Potato,1713.24
2026-07-30,Madhya Pradesh,Bhopal,Bhopal,Potato,1535.45
2026-07-31,Madhya Pradesh,Bhopal,Bhopal,Potato,1755.8
2026-08-01,Madhya Pradesh,Bhopal,Bhopal,Potato,1710.49
2026-08-02,Madhya Pradesh,Bhopal,Bhopal,Potato,1356.83
2026-08-03,Madhya Pradesh,Bhopal,Bhopal,Potato,1529.76
2026-08-04,Madhya Pradesh,Bhopal,Bhopal,Potato,1481.84
2026-08-05,Madhya Pradesh,Bhopal,Bhopal,Potato,1506.59
2026-08-06,Madhya Pradesh,Bhopal,Bhopal,Potato,1805.92
2026-08-07,Madhya Pradesh,Bhopal,Bhopal,Potato,1585.81
2026-08-08,Madhya Pradesh,Bhopal,Bhopal,Potato,1524.53
2026-08-09,Madhya Pradesh,Bhopal,Bhopal,Potato,1552.22
2026-08-10,Madhya Pradesh,Bhopal,Bhopal,Potato,1570.31
2026-08-11,Madhya Pradesh,Bhopal,Bhopal,Potato,1495.7
2026-08-12,Madhya Pradesh,Bhopal,Bhopal,Potato,1697.24
2026-08-13,Madhya Pradesh,Bhopal,Bhopal,Potato,1687.88
2026-08-14,Madhya Pradesh,Bhopal,Bhopal,Potato,1389.49
2026-08-15,Madhya Pradesh,Bhopal,Bhopal,Potato,1535.16
2026-08-16,Madhya Pradesh,Bhopal,Bhopal,Potato,1463.87
2026-08-17,Madhya Pradesh,Bhopal,Bhopal,Potato,1528.67
2026-08-18,Madhya Pradesh,Bhopal,Bhopal,Potato,1217.42
2026-08-19,Madhya Pradesh,Bhopal,Bhopal,Potato,1825.95
2026-08-20,Madhya Pradesh,Bhopal,Bhopal,Potato,1667.1
2026-08-21,Madhya Pradesh,Bhopal,Bhopal,Potato,1636.5
2026-08-22,Madhya Pradesh,Bhopal,Bhopal,Potato,1705.6
2026-08-23,Madhya Pradesh,Bhopal,Bhopal,Potato,1753.11
2026-08-24,Madhya Pradesh,Bhopal,Bhopal,Potato,1551.26
2026-08-25,Madhya Pradesh,Bhopal,Bhopal,Potato,1572.71
2026-08-26,Madhya Pradesh,Bhopal,Bhopal,Potato,1546.52
2026-08-27,Madhya Pradesh,Bhopal,Bhopal,Potato,1574.39
2026-08-28,Madhya Pradesh,Bhopal,Bhopal,Potato,1549.31
2026-08-29,Madhya Pradesh,Bhopal,Bhopal,Potato,1469.07
2026-08-30,Madhya Pradesh,Bhopal,Bhopal,Potato,1419.35
2026-08-31,Madhya Pradesh,Bhopal,Bhopal,Potato,1311.1
2025-01-01,Madhya Pradesh,Bhopal,Bhopal,Wheat,1969.48
2025-01-02,Madhya Pradesh,Bhopal,Bhopal,Wheat,1820.1
2025-01-03,Madhya Pradesh,Bhopal,Bhopal,Wheat,2116.61
2025-01-04,Madhya Pradesh,Bhopal,Bhopal,Wheat,2035.57
2025-01-05,Madhya Pradesh,Bhopal,Bhopal,Wheat,1979.93
2025-01-06,Madhya Pradesh,Bhopal,Bhopal,Wheat,1841.26
2025-01-07,Madhya Pradesh,Bhopal,Bhopal,Wheat,2353.07
2025-01-08,Madhya Pradesh,Bhopal,Bhopal,Wheat,2213.02
2025-01-09,Madhya Pradesh,Bhopal,Bhopal,Wheat,1922.21
2025-01-10,Madhya Pradesh,Bhopal,Bhopal,Wheat,2166.02
2025-01-11,Madhya Pradesh,Bhopal,Bhopal,Wheat,1993.58
2025-01-12,Madhya Pradesh,Bhopal,Bhopal,Wheat,1857.42
2025-01-13,Madhya Pradesh,Bhopal,Bhopal,Wheat,1766.7
2025-01-14,Madhya Pradesh,Bhopal,Bhopal,Wheat,2034.63
2025-01-15,Madhya Pradesh,Bhopal,Bhopal,Wheat,1962.64
2025-01-16,Madhya Pradesh,Bhopal,Bhopal,Wheat,2292.9
2025-01-17,Madhya Pradesh,Bhopal,Bhopal,Wheat,2324.52
2025-01-18,Madhya Pradesh,Bhopal,Bhopal,Wheat,2327.23
2025-01-19,Madhya Pradesh,Bhopal,Bhopal,Wheat,1916.78
2025-01-20,Madhya Pradesh,Bhopal,Bhopal,Wheat,2053.51
2025-01-21,Madhya Pradesh,Bhopal,Bhopal,Wheat,2102.03
2025-01-22,Madhya Pradesh,Bhopal,Bhopal,Wheat,2030.65
2025-01-23,Madhya Pradesh,Bhopal,Bhopal,Wheat,2070.01
2025-01-24,Madhya Pradesh,Bhopal,Bhopal,Wheat,2463.81
2025-01-25,Madhya Pradesh,Bhopal,Bhopal,Wheat,2197.24
2025-01-26,Madhya Pradesh,Bhopal,Bhopal,Wheat,2168.7
2025-01-27,Madhya Pradesh,Bhopal,Bhopal,Wheat,1907.53
2025-01-28,Madhya Pradesh,Bhopal,Bhopal,Wheat,1874.76
2025-01-29,Madhya Pradesh,Bhopal,Bhopal,Wheat,2053.19
2025-01-30,Madhya Pradesh,Bhopal,Bhopal,Wheat,2208.19
2025-01-31,Madhya Pradesh,Bhopal,Bhopal,Wheat,2085.84
2025-02-01,Madhya Pradesh,Bhopal,Bhopal,Wheat,2199.41
2025-02-02,Madhya Pradesh,Bhopal,Bhopal,Wheat,1862.83
2025-02-03,Madhya Pradesh,Bhopal,Bhopal,Wheat,1897.56
2025-02-04,Madhya Pradesh,Bhopal,Bhopal,Wheat,2182.68
2025-02-05,Madhya Pradesh,Bhopal,Bhopal,Wheat,2266.54
2025-02-06,Madhya Pradesh,Bhopal,Bhopal,Wheat,2202.7
2025-02-07,Madhya Pradesh,Bhopal,Bhopal,Wheat,2127.83
2025-02-08,Madhya Pradesh,Bhopal,Bhopal,Wheat,2076.08
2025-02-09,Madhya Pradesh,Bhopal,Bhopal,Wheat,2090.6
2025-02-10,Madhya Pradesh,Bhopal,Bhopal,Wheat,2186.27
2025-02-11,Madhya Pradesh,Bhopal,Bhopal,Wheat,2255.27
2025-02-12,Madhya Pradesh,Bhopal,Bhopal,Wheat,2131.74
2025-02-13,Madhya Pradesh,Bhopal,Bhopal,Wheat,2113.95
2025-02-14,Madhya Pradesh,Bhopal,Bhopal,Wheat,2369.4
2025-02-15,Madhya Pradesh,Bhopal,Bhopal,Wheat,2139.52
2025-02-16,Madhya Pradesh,Bhopal,Bhopal,Wheat,2099.31
2025-02-17,Madhya Pradesh,Bhopal,Bhopal,Wheat,2319.16
2025-02-18,Madhya Pradesh,Bhopal,Bhopal,Wheat,2272.33
2025-02-19,Madhya Pradesh,Bhopal,Bhopal,Wheat,2264.38
2025-02-20,Madhya Pradesh,Bhopal,Bhopal,Wheat,2123.94
2025-02-21,Madhya Pradesh,Bhopal,Bhopal,Wheat,2392.4
2025-02-22,Madhya Pradesh,Bhopal,Bhopal,Wheat,2472.01
2025-02-23,Madhya Pradesh,Bhopal,Bhopal,Wheat,2149.02
2025-02-24,Madhya Pradesh,Bhopal,Bhopal,Wheat,2353.08
2025-02-25,Madhya Pradesh,Bhopal,Bhopal,Wheat,2372.13
2025-02-26,Madhya Pradesh,Bhopal,Bhopal,Wheat,2531.65
2025-02-27,Madhya Pradesh,Bhopal,Bhopal,Wheat,2410.5
2025-02-28,Madhya Pradesh,Bhopal,Bhopal,Wheat,2483.92
2025-03-01,Madhya Pradesh,Bhopal,Bhopal,Wheat,2558.37
2025-03-02,Madhya Pradesh,Bhopal,Bhopal,Wheat,2302.4
2025-03-03,Madhya Pradesh,Bhopal,Bhopal,Wheat,2097.72
2025-03-04,Madhya Pradesh,Bhopal,Bhopal,Wheat,2130.23
2025-03-05,Madhya Pradesh,Bhopal,Bhopal,Wheat,2330.29
2025-03-06,Madhya Pradesh,Bhopal,Bhopal,Wheat,2169.48
2025-03-07,Madhya Pradesh,Bhopal,Bhopal,Wheat,2386.18
2025-03-08,Madhya Pradesh,Bhopal,Bhopal,Wheat,2531.75
2025-03-09,Madhya Pradesh,Bhopal,Bhopal,Wheat,1908.52
2025-03-10,Madhya Pradesh,Bhopal,Bhopal,Wheat,2430.44
2025-03-11,Madhya Pradesh,Bhopal,Bhopal,Wheat,2394.04
2025-03-12,Madhya Pradesh,Bhopal,Bhopal,Wheat,2238.23
2025-03-13,Madhya Pradesh,Bhopal,Bhopal,Wheat,2497.29
2025-03-14,Madhya Pradesh,Bhopal,Bhopal,Wheat,2431.34
2025-03-15,Madhya Pradesh,Bhopal,Bhopal,Wheat,2574.71
2025-03-16,Madhya Pradesh,Bhopal,Bhopal,Wheat,2428.55
2025-03-17,Madhya Pradesh,Bhopal,Bhopal,Wheat,1994.85
2025-03-18,Madhya Pradesh,Bhopal,Bhopal,Wheat,2328.08
2025-03-19,Madhya Pradesh,Bhopal,Bhopal,Wheat,2295.71
2025-03-20,Madhya Pradesh,Bhopal,Bhopal,Wheat,2436.44
2025-03-21,Madhya Pradesh,Bhopal,Bhopal,Wheat,2322.21
2025-03-22,Madhya Pradesh,Bhopal,Bhopal,Wheat,2677.64
2025-03-23,Madhya Pradesh,Bhopal,Bhopal,Wheat,2452.55
2025-03-24,Madhya Pradesh,Bhopal,Bhopal,Wheat,2109.3
2025-03-25,Madhya Pradesh,Bhopal,Bhopal,Wheat,2038.52
2025-03-26,Madhya Pradesh,Bhopal,Bhopal,Wheat,2278.35
2025-03-27,Madhya Pradesh,Bhopal,Bhopal,Wheat,2508.61
2025-03-28,Madhya Pradesh,Bhopal,Bhopal,Wheat,2499.9
2025-03-29,Madhya Pradesh,Bhopal,Bhopal,Wheat,2606.61
2025-03-30,Madhya Pradesh,Bhopal,Bhopal,Wheat,2422.69
2025-03-31,Madhya Pradesh,Bhopal,Bhopal,Wheat,2384.83
2025-04-01,Madhya Pradesh,Bhopal,Bhopal,Wheat,2308.48
2025-04-02,Madhya Pradesh,Bhopal,Bhopal,Wheat,2121.03
2025-04-03,Madhya Pradesh,Bhopal,Bhopal,Wheat,2408.72
2025-04-04,Madhya Pradesh,Bhopal,Bhopal,Wheat,2648.54
2025-04-05,Madhya Pradesh,Bhopal,Bhopal,Wheat,2393.92
2025-04-06,Madhya Pradesh,Bhopal,Bhopal,Wheat,2382.08
2025-04-07,Madhya Pradesh,Bhopal,Bhopal,Wheat,2187.88
2025-04-08,Madhya Pradesh,Bhopal,Bhopal,Wheat,2097.85
2025-04-09,Madhya Pradesh,Bhopal,Bhopal,Wheat,2332.71
2025-04-10,Madhya Pradesh,Bhopal,Bhopal,Wheat,2498.05
2025-04-11,Madhya Pradesh,Bhopal,Bhopal,Wheat,2354.65
2025-04-12,Madhya Pradesh,Bhopal,Bhopal,Wheat,2364.55
2025-04-13,Madhya Pradesh,Bhopal,Bhopal,Wheat,2150.61
2025-04-14,Madhya Pradesh,Bhopal,Bhopal,Wheat,2413.47
2025-04-15,Madhya Pradesh,Bhopal,Bhopal,Wheat,2213.94
2025-04-16,Madhya Pradesh,Bhopal,Bhopal,Wheat,2591.29
2025-04-17,Madhya Pradesh,Bhopal,Bhopal,Wheat,2705.02
2025-04-18,Madhya Pradesh,Bhopal,Bhopal,Wheat,2451.63
2025-04-19,Madhya Pradesh,Bhopal,Bhopal,Wheat,2231.82
2025-04-20,Madhya Pradesh,Bhopal,Bhopal,Wheat,1962.99
2025-04-21,Madhya Pradesh,Bhopal,Bhopal,Wheat,2004.02
2025-04-22,Madhya Pradesh,Bhopal,Bhopal,Wheat,2039.06
2025-04-23,Madhya Pradesh,Bhopal,Bhopal,Wheat,2573.22
2025-04-24,Madhya Pradesh,Bhopal,Bhopal,Wheat,2457.12
2025-04-25,Madhya Pradesh,Bhopal,Bhopal,Wheat,2525.81
2025-04-26,Madhya Pradesh,Bhopal,Bhopal,Wheat,2021.92
2025-04-27,Madhya Pradesh,Bhopal,Bhopal,Wheat,2098.89
2025-04-28,Madhya Pradesh,Bhopal,Bhopal,Wheat,2364.52
2025-04-29,Madhya Pradesh,Bhopal,Bhopal,Wheat,2292.51
2025-04-30,Madhya Pradesh,Bhopal,Bhopal,Wheat,2313.12
2025-05-01,Madhya Pradesh,Bhopal,Bhopal,Wheat,2522.75
2025-05-02,Madhya Pradesh,Bhopal,Bhopal,Wheat,2727.72
2025-05-03,Madhya Pradesh,Bhopal,Bhopal,Wheat,2345.57
2025-05-04,Madhya Pradesh,Bhopal,Bhopal,Wheat,2290.42
2025-05-05,Madhya Pradesh,Bhopal,Bhopal,Wheat,2244.24
2025-05-06,Madhya Pradesh,Bhopal,Bhopal,Wheat,2609.06
2025-05-07,Madhya Pradesh,Bhopal,Bhopal,Wheat,1982.11
2025-05-08,Madhya Pradesh,Bhopal,Bhopal,Wheat,2527.4
2025-05-09,Madhya Pradesh,Bhopal,Bhopal,Wheat,2412.46
2025-05-10,Madhya Pradesh,Bhopal,Bhopal,Wheat,2460.7
2025-05-11,Madhya Pradesh,Bhopal,Bhopal,Wheat,2159.67
2025-05-12,Madhya Pradesh,Bhopal,Bhopal,Wheat,2191.26
2025-05-13,Madhya Pradesh,Bhopal,Bhopal,Wheat,2329.06
2025-05-14,Madhya Pradesh,Bhopal,Bhopal,Wheat,2808.63
2025-05-15,Madhya Pradesh,Bhopal,Bhopal,Wheat,2528.75
2025-05-16,Madhya Pradesh,Bhopal,Bhopal,Wheat,2269.39
2025-05-17,Madhya Pradesh,Bhopal,Bhopal,Wheat,2277.76
2025-05-18,Madhya Pradesh,Bhopal,Bhopal,Wheat,2173.52
2025-05-19,Madhya Pradesh,Bhopal,Bhopal,Wheat,1905.79
2025-05-20,Madhya Pradesh,Bhopal,Bhopal,Wheat,2148.09
2025-05-21,Madhya Pradesh,Bhopal,Bhopal,Wheat,2402.38
2025-05-22,Madhya Pradesh,Bhopal,Bhopal,Wheat,2159.61
2025-05-23,Madhya Pradesh,Bhopal,Bhopal,Wheat,2565.03
2025-05-24,Madhya Pradesh,Bhopal,Bhopal,Wheat,2403.92
2025-05-25,Madhya Pradesh,Bhopal,Bhopal,Wheat,2108.23
2025-05-26,Madhya Pradesh,Bhopal,Bhopal,Wheat,2136.29
2025-05-27,Madhya Pradesh,Bhopal,Bhopal,Wheat,2419.61
2025-05-28,Madhya Pradesh,Bhopal,Bhopal,Wheat,2377.15
2025-05-29,Madhya Pradesh,Bhopal,Bhopal,Wheat,2347.06
2025-05-30,Madhya Pradesh,Bhopal,Bhopal,Wheat,2324.17
2025-05-31,Madhya Pradesh,Bhopal,Bhopal,Wheat,2310.99
2025-06-01,Madhya Pradesh,Bhopal,Bhopal,Wheat,2118.57
2025-06-02,Madhya Pradesh,Bhopal,Bhopal,Wheat,1818.59
2025-06-03,Madhya Pradesh,Bhopal,Bhopal,Wheat,2458.14
2025-06-04,Madhya Pradesh,Bhopal,Bhopal,Wheat,2258.49
2025-06-05,Madhya Pradesh,Bhopal,Bhopal,Wheat,2381.93
2025-06-06,Madhya Pradesh,Bhopal,Bhopal,Wheat,2325.14
2025-06-07,Madhya Pradesh,Bhopal,Bhopal,Wheat,2153.35
2025-06-08,Madhya Pradesh,Bhopal,Bhopal,Wheat,2141.44
2025-06-09,Madhya Pradesh,Bhopal,Bhopal,Wheat,1869.94
2025-06-10,Madhya Pradesh,Bhopal,Bhopal,Wheat,2461.37
2025-06-11,Madhya Pradesh,Bhopal,Bhopal,Wheat,2014.5
2025-06-12,Madhya Pradesh,Bhopal,Bhopal,Wheat,2121.57
2025-06-13,Madhya Pradesh,Bhopal,Bhopal,Wheat,2232.45
2025-06-14,Madhya Pradesh,Bhopal,Bhopal,Wheat,2441.46
2025-06-15,Madhya Pradesh,Bhopal,Bhopal,Wheat,2142.27
2025-06-16,Madhya Pradesh,Bhopal,Bhopal,Wheat,1896.99
2025-06-17,Madhya Pradesh,Bhopal,Bhopal,Wheat,2277.26
2025-06-18,Madhya Pradesh,Bhopal,Bhopal,Wheat,2285.35
2025-06-19,Madhya Pradesh,Bhopal,Bhopal,Wheat,2339.34
2025-06-20,Madhya Pradesh,Bhopal,Bhopal,Wheat,2384.29
2025-06-21,Madhya Pradesh,Bhopal,Bhopal,Wheat,2577.23
2025-06-22,Madhya Pradesh,Bhopal,Bhopal,Wheat,2431.62
2025-06-23,Madhya Pradesh,Bhopal,Bhopal,Wheat,1947.94
2025-06-24,Madhya Pradesh,Bhopal,Bhopal,Wheat,2297.07
2025-06-25,Madhya Pradesh,Bhopal,Bhopal,Wheat,2199.3
2025-06-26,Madhya Pradesh,Bhopal,Bhopal,Wheat,2298.3
2025-06-27,Madhya Pradesh,Bhopal,Bhopal,Wheat,1971.5
2025-06-28,Madhya Pradesh,Bhopal,Bhopal,Wheat,2148.0
2025-06-29,Madhya Pradesh,Bhopal,Bhopal,Wheat,1958.82
2025-06-30,Madhya Pradesh,Bhopal,Bhopal,Wheat,2131.86
2025-07-01,Madhya Pradesh,Bhopal,Bhopal,Wheat,2183.24
2025-07-02,Madhya Pradesh,Bhopal,Bhopal,Wheat,1802.61
2025-07-03,Madhya Pradesh,Bhopal,Bhopal,Wheat,2182.98
2025-07-04,Madhya Pradesh,Bhopal,Bhopal,Wheat,2374.58
2025-07-05,Madhya Pradesh,Bhopal,Bhopal,Wheat,2112.08
2025-07-06,Madhya Pradesh,Bhopal,Bhopal,Wheat,2148.85
2025-07-07,Madhya Pradesh,Bhopal,Bhopal,Wheat,2032.22
2025-07-08,Madhya Pradesh,Bhopal,Bhopal,Wheat,2046.84
2025-07-09,Madhya Pradesh,Bhopal,Bhopal,Wheat,2036.2
2025-07-10,Madhya Pradesh,Bhopal,Bhopal,Wheat,1968.59
2025-07-11,Madhya Pradesh,Bhopal,Bhopal,Wheat,1996.77
2025-07-12,Madhya Pradesh,Bhopal,Bhopal,Wheat,2210.76
2025-07-13,Madhya Pradesh,Bhopal,Bhopal,Wheat,2014.87
2025-07-14,Madhya Pradesh,Bhopal,Bhopal,Wheat,1933.11
2025-07-15,Madhya Pradesh,Bhopal,Bhopal,Wheat,1908.98
2025-07-16,Madhya Pradesh,Bhopal,Bhopal,Wheat,1999.1
2025-07-17,Madhya Pradesh,Bhopal,Bhopal,Wheat,2272.97
2025-07-18,Madhya Pradesh,Bhopal,Bhopal,Wheat,2082.56
2025-07-19,Madhya Pradesh,Bhopal,Bhopal,Wheat,1878.3
2025-07-20,Madhya Pradesh,Bhopal,Bhopal,Wheat,2083.48
2025-07-21,Madhya Pradesh,Bhopal,Bhopal,Wheat,1893.75
2025-07-22,Madhya Pradesh,Bhopal,Bhopal,Wheat,1940.71
2025-07-23,Madhya Pradesh,Bhopal,Bhopal,Wheat,2237.01
2025-07-24,Madhya Pradesh,Bhopal,Bhopal,Wheat,2081.7
2025-07-25,Madhya Pradesh,Bhopal,Bhopal,Wheat,2141.92
2025-07-26,Madhya Pradesh,Bhopal,Bhopal,Wheat,1872.35
2025-07-27,Madhya Pradesh,Bhopal,Bhopal,Wheat,1919.84
2025-07-28,Madhya Pradesh,Bhopal,Bhopal,Wheat,1972.5
2025-07-29,Madhya Pradesh,Bhopal,Bhopal,Wheat,1699.25
2025-07-30,Madhya Pradesh,Bhopal,Bhopal,Wheat,2008.01
2025-07-31,Madhya Pradesh,Bhopal,Bhopal,Wheat,2067.68
2025-08-01,Madhya Pradesh,Bhopal,Bhopal,Wheat,2073.87
2025-08-02,Madhya Pradesh,Bhopal,Bhopal,Wheat,2156.28
2025-08-03,Madhya Pradesh,Bhopal,Bhopal,Wheat,1965.92
2025-08-04,Madhya Pradesh,Bhopal,Bhopal,Wheat,2056.85
2025-08-05,Madhya Pradesh,Bhopal,Bhopal,Wheat,1748.37
2025-08-06,Madhya Pradesh,Bhopal,Bhopal,Wheat,1970.13
2025-08-07,Madhya Pradesh,Bhopal,Bhopal,Wheat,2035.76
2025-08-08,Madhya Pradesh,Bhopal,Bhopal,Wheat,1885.99
2025-08-09,Madhya Pradesh,Bhopal,Bhopal,Wheat,2114.79
2025-08-10,Madhya Pradesh,Bhopal,Bhopal,Wheat,2202.52
2025-08-11,Madhya Pradesh,Bhopal,Bhopal,Wheat,1836.2
2025-08-12,Madhya Pradesh,Bhopal,Bhopal,Wheat,1919.09
2025-08-13,Madhya Pradesh,Bhopal,Bhopal,Wheat,1936.79
2025-08-14,Madhya Pradesh,Bhopal,Bhopal,Wheat,1897.26
2025-08-15,Madhya Pradesh,Bhopal,Bhopal,Wheat,1755.52
2025-08-16,Madhya Pradesh,Bhopal,Bhopal,Wheat,1859.93
2025-08-17,Madhya Pradesh,Bhopal,Bhopal,Wheat,1688.02
2025-08-18,Madhya Pradesh,Bhopal,Bhopal,Wheat,2031.99
2025-08-19,Madhya Pradesh,Bhopal,Bhopal,Wheat,1816.04
2025-08-20,Madhya Pradesh,Bhopal,Bhopal,Wheat,1856.08
2025-08-21,Madhya Pradesh,Bhopal,Bhopal,Wheat,2096.14
2025-08-22,Madhya Pradesh,Bhopal,Bhopal,Wheat,1832.38
2025-08-23,Madhya Pradesh,Bhopal,Bhopal,Wheat,1830.41
2025-08-24,Madhya Pradesh,Bhopal,Bhopal,Wheat,1858.13
2025-08-25,Madhya Pradesh,Bhopal,Bhopal,Wheat,1924.84
2025-08-26,Madhya Pradesh,Bhopal,Bhopal,Wheat,1874.77
2025-08-27,Madhya Pradesh,Bhopal,Bhopal,Wheat,1914.94
2025-08-28,Madhya Pradesh,Bhopal,Bhopal,Wheat,1963.83
2025-08-29,Madhya Pradesh,Bhopal,Bhopal,Wheat,2023.86
2025-08-30,Madhya Pradesh,Bhopal,Bhopal,Wheat,1942.51
2025-08-31,Madhya Pradesh,Bhopal,Bhopal,Wheat,1699.79
2025-09-01,Madhya Pradesh,Bhopal,Bhopal,Wheat,1784.81
2025-09-02,Madhya Pradesh,Bhopal,Bhopal,Wheat,1660.15
2025-09-03,Madhya Pradesh,Bhopal,Bhopal,Wheat,1876.6
2025-09-04,Madhya Pradesh,Bhopal,Bhopal,Wheat,1871.72
2025-09-05,Madhya Pradesh,Bhopal,Bhopal,Wheat,2300.01
2025-09-06,Madhya Pradesh,Bhopal,Bhopal,Wheat,1895.33
2025-09-07,Madhya Pradesh,Bhopal,Bhopal,Wheat,1639.49
2025-09-08,Madhya Pradesh,Bhopal,Bhopal,Wheat,1749.77
2025-09-09,Madhya Pradesh,Bhopal,Bhopal,Wheat,1847.6
2025-09-10,Madhya Pradesh,Bhopal,Bhopal,Wheat,2070.98
2025-09-11,Madhya Pradesh,Bhopal,Bhopal,Wheat,1845.43
2025-09-12,Madhya Pradesh,Bhopal,Bhopal,Wheat,1726.32
2025-09-13,Madhya Pradesh,Bhopal,Bhopal,Wheat,1998.12
2025-09-14,Madhya Pradesh,Bhopal,Bhopal,Wheat,1633.88
2025-09-15,Madhya Pradesh,Bhopal,Bhopal,Wheat,1704.01
2025-09-16,Madhya Pradesh,Bhopal,Bhopal,Wheat,1742.61
2025-09-17,Madhya Pradesh,Bhopal,Bhopal,Wheat,1836.95
2025-09-18,Madhya Pradesh,Bhopal,Bhopal,Wheat,2009.81
2025-09-19,Madhya Pradesh,Bhopal,Bhopal,Wheat,1841.86
2025-09-20,Madhya Pradesh,Bhopal,Bhopal,Wheat,1847.85
2025-09-21,Madhya Pradesh,Bhopal,Bhopal,Wheat,1801.66
2025-09-22,Madhya Pradesh,Bhopal,Bhopal,Wheat,1771.58
2025-09-23,Madhya Pradesh,Bhopal,Bhopal,Wheat,1782.86
2025-09-24,Madhya Pradesh,Bhopal,Bhopal,Wheat,1898.81
2025-09-25,Madhya Pradesh,Bhopal,Bhopal,Wheat,2027.58
2025-09-26,Madhya Pradesh,Bhopal,Bhopal,Wheat,1985.38
2025-09-27,Madhya Pradesh,Bhopal,Bhopal,Wheat,1942.28
2025-09-28,Madhya Pradesh,Bhopal,Bhopal,Wheat,1603.08
2025-09-29,Madhya Pradesh,Bhopal,Bhopal,Wheat,1759.32
2025-09-30,Madhya Pradesh,Bhopal,Bhopal,Wheat,1830.76
2025-10-01,Madhya Pradesh,Bhopal,Bhopal,Wheat,1937.92
2025-10-02,Madhya Pradesh,Bhopal,Bhopal,Wheat,1823.62
2025-10-03,Madhya Pradesh,Bhopal,Bhopal,Wheat,1845.74
2025-10-04,Madhya Pradesh,Bhopal,Bhopal,Wheat,1810.08
2025-10-05,Madhya Pradesh,Bhopal,Bhopal,Wheat,1874.45
2025-10-06,Madhya Pradesh,Bhopal,Bhopal,Wheat,1884.76
2025-10-07,Madhya Pradesh,Bhopal,Bhopal,Wheat,1725.74
2025-10-08,Madhya Pradesh,Bhopal,Bhopal,Wheat,1967.39
2025-10-09,Madhya Pradesh,Bhopal,Bhopal,Wheat,1940.05
2025-10-10,Madhya Pradesh,Bhopal,Bhopal,Wheat,1925.79
2025-10-11,Madhya Pradesh,Bhopal,Bhopal,Wheat,1866.02
2025-10-12,Madhya Pradesh,Bhopal,Bhopal,Wheat,1909.97
2025-10-13,Madhya Pradesh,Bhopal,Bhopal,Wheat,1806.72
2025-10-14,Madhya Pradesh,Bhopal,Bhopal,Wheat,2070.58
2025-10-15,Madhya Pradesh,Bhopal,Bhopal,Wheat,1749.53
2025-10-16,Madhya Pradesh,Bhopal,Bhopal,Wheat,2005.42
2025-10-17,Madhya Pradesh,Bhopal,Bhopal,Wheat,1882.89
2025-10-18,Madhya Pradesh,Bhopal,Bhopal,Wheat,1790.99
2025-10-19,Madhya Pradesh,Bhopal,Bhopal,Wheat,1826.8
2025-10-20,Madhya Pradesh,Bhopal,Bhopal,Wheat,1796.93
2025-10-21,Madhya Pradesh,Bhopal,Bhopal,Wheat,2167.9
2025-10-22,Madhya Pradesh,Bhopal,Bhopal,Wheat,1851.7
2025-10-23,Madhya Pradesh,Bhopal,Bhopal,Wheat,1797.46
2025-10-24,Madhya Pradesh,Bhopal,Bhopal,Wheat,2010.51
2025-10-25,Madhya Pradesh,Bhopal,Bhopal,Wheat,1645.21
2025-10-26,Madhya Pradesh,Bhopal,Bhopal,Wheat,1833.89
2025-10-27,Madhya Pradesh,Bhopal,Bhopal,Wheat,1799.54
2025-10-28,Madhya Pradesh,Bhopal,Bhopal,Wheat,1919.83
2025-10-29,Madhya Pradesh,Bhopal,Bhopal,Wheat,2024.97
2025-10-30,Madhya Pradesh,Bhopal,Bhopal,Wheat,1903.64
2025-10-31,Madhya Pradesh,Bhopal,Bhopal,Wheat,1973.95
2025-11-01,Madhya Pradesh,Bhopal,Bhopal,Wheat,1842.55
2025-11-02,Madhya Pradesh,Bhopal,Bhopal,Wheat,1720.19
2025-11-03,Madhya Pradesh,Bhopal,Bhopal,Wheat,1858.86
2025-11-04,Madhya Pradesh,Bhopal,Bhopal,Wheat,1677.19
2025-11-05,Madhya Pradesh,Bhopal,Bhopal,Wheat,1864.25
2025-11-06,Madhya Pradesh,Bhopal,Bhopal,Wheat,1859.72
2025-11-07,Madhya Pradesh,Bhopal,Bhopal,Wheat,2099.4
2025-11-08,Madhya Pradesh,Bhopal,Bhopal,Wheat,2222.38
2025-11-09,Madhya Pradesh,Bhopal,Bhopal,Wheat,1721.13
2025-11-10,Madhya Pradesh,Bhopal,Bhopal,Wheat,1605.87
2025-11-11,Madhya Pradesh,Bhopal,Bhopal,Wheat,1851.65
2025-11-12,Madhya Pradesh,Bhopal,Bhopal,Wheat,1950.39
2025-11-13,Madhya Pradesh,Bhopal,Bhopal,Wheat,2059.99
2025-11-14,Madhya Pradesh,Bhopal,Bhopal,Wheat,1988.3
2025-11-15,Madhya Pradesh,Bhopal,Bhopal,Wheat,1975.94
2025-11-16,Madhya Pradesh,Bhopal,Bhopal,Wheat,1972.94
2025-11-17,Madhya Pradesh,Bhopal,Bhopal,Wheat,2011.22
2025-11-18,Madhya Pradesh,Bhopal,Bhopal,Wheat,1638.47
2025-11-19,Madhya Pradesh,Bhopal,Bhopal,Wheat,1929.12
2025-11-20,Madhya Pradesh,Bhopal,Bhopal,Wheat,2093.59
2025-11-21,Madhya Pradesh,Bhopal,Bhopal,Wheat,1952.94
2025-11-22,Madhya Pradesh,Bhopal,Bhopal,Wheat,2285.32
2025-11-23,Madhya Pradesh,Bhopal,Bhopal,Wheat,1869.67
2025-11-24,Madhya Pradesh,Bhopal,Bhopal,Wheat,1901.95
2025-11-25,Madhya Pradesh,Bhopal,Bhopal,Wheat,2006.99
2025-11-26,Madhya Pradesh,Bhopal,Bhopal,Wheat,1932.21
2025-11-27,Madhya Pradesh,Bhopal,Bhopal,Wheat,1828.5
2025-11-28,Madhya Pradesh,Bhopal,Bhopal,Wheat,2061.31
2025-11-29,Madhya Pradesh,Bhopal,Bhopal,Wheat,2225.38
2025-11-30,Madhya Pradesh,Bhopal,Bhopal,Wheat,1946.0
2025-12-01,Madhya Pradesh,Bhopal,Bhopal,Wheat,1828.02
2025-12-02,Madhya Pradesh,Bhopal,Bhopal,Wheat,2095.77
2025-12-03,Madhya Pradesh,Bhopal,Bhopal,Wheat,2006.39
2025-12-04,Madhya Pradesh,Bhopal,Bhopal,Wheat,2063.71
2025-12-05,Madhya Pradesh,Bhopal,Bhopal,Wheat,2188.7
2025-12-06,Madhya Pradesh,Bhopal,Bhopal,Wheat,2230.24
2025-12-07,Madhya Pradesh,Bhopal,Bhopal,Wheat,2370.67
2025-12-08,Madhya Pradesh,Bhopal,Bhopal,Wheat,2096.04
2025-12-09,Madhya Pradesh,Bhopal,Bhopal,Wheat,2170.05
2025-12-10,Madhya Pradesh,Bhopal,Bhopal,Wheat,2020.52
2025-12-11,Madhya Pradesh,Bhopal,Bhopal,Wheat,2026.07
2025-12-12,Madhya Pradesh,Bhopal,Bhopal,Wheat,2219.07
2025-12-13,Madhya Pradesh,Bhopal,Bhopal,Wheat,2174.84
2025-12-14,Madhya Pradesh,Bhopal,Bhopal,Wheat,1916.44
2025-12-15,Madhya Pradesh,Bhopal,Bhopal,Wheat,1996.66
2025-12-16,Madhya Pradesh,Bhopal,Bhopal,Wheat,2105.15
2025-12-17,Madhya Pradesh,Bhopal,Bhopal,Wheat,2191.34
2025-12-18,Madhya Pradesh,Bhopal,Bhopal,Wheat,2306.08
2025-12-19,Madhya Pradesh,Bhopal,Bhopal,Wheat,2300.63
2025-12-20,Madhya Pradesh,Bhopal,Bhopal,Wheat,2124.78
2025-12-21,Madhya Pradesh,Bhopal,Bhopal,Wheat,2039.47
2025-12-22,Madhya Pradesh,Bhopal,Bhopal,Wheat,1889.95
2025-12-23,Madhya Pradesh,Bhopal,Bhopal,Wheat,2351.27
2025-12-24,Madhya Pradesh,Bhopal,Bhopal,Wheat,2183.59
2025-12-25,Madhya Pradesh,Bhopal,Bhopal,Wheat,2237.66
2025-12-26,Madhya Pradesh,Bhopal,Bhopal,Wheat,2151.66
2025-12-27,Madhya Pradesh,Bhopal,Bhopal,Wheat,2710.53
2025-12-28,Madhya Pradesh,Bhopal,Bhopal,Wheat,1997.04
2025-12-29,Madhya Pradesh,Bhopal,Bhopal,Wheat,2042.48
2025-12-30,Madhya Pradesh,Bhopal,Bhopal,Wheat,2195.35
2025-12-31,Madhya Pradesh,Bhopal,Bhopal,Wheat,2320.03
2026-01-01,Madhya Pradesh,Bhopal,Bhopal,Wheat,2475.82
2026-01-02,Madhya Pradesh,Bhopal,Bhopal,Wheat,2645.74
2026-01-03,Madhya Pradesh,Bhopal,Bhopal,Wheat,2375.89
2026-01-04,Madhya Pradesh,Bhopal,Bhopal,Wheat,2040.58
2026-01-05,Madhya Pradesh,Bhopal,Bhopal,Wheat,2110.04
2026-01-06,Madhya Pradesh,Bhopal,Bhopal,Wheat,2223.6
2026-01-07,Madhya Pradesh,Bhopal,Bhopal,Wheat,2600.59
2026-01-08,Madhya Pradesh,Bhopal,Bhopal,Wheat,2135.58
2026-01-09,Madhya Pradesh,Bhopal,Bhopal,Wheat,2597.64
2026-01-10,Madhya Pradesh,Bhopal,Bhopal,Wheat,2370.19
2026-01-11,Madhya Pradesh,Bhopal,Bhopal,Wheat,2379.4
2026-01-12,Madhya Pradesh,Bhopal,Bhopal,Wheat,2175.88
2026-01-13,Madhya Pradesh,Bhopal,Bhopal,Wheat,2089.0
2026-01-14,Madhya Pradesh,Bhopal,Bhopal,Wheat,2438.35
2026-01-15,Madhya Pradesh,Bhopal,Bhopal,Wheat,2524.32
2026-01-16,Madhya Pradesh,Bhopal,Bhopal,Wheat,2609.03
2026-01-17,Madhya Pradesh,Bhopal,Bhopal,Wheat,2384.02
2026-01-18,Madhya Pradesh,Bhopal,Bhopal,Wheat,2194.86
2026-01-19,Madhya Pradesh,Bhopal,Bhopal,Wheat,1989.93
2026-01-20,Madhya Pradesh,Bhopal,Bhopal,Wheat,2392.08
2026-01-21,Madhya Pradesh,Bhopal,Bhopal,Wheat,2430.6
2026-01-22,Madhya Pradesh,Bhopal,Bhopal,Wheat,2292.99
2026-01-23,Madhya Pradesh,Bhopal,Bhopal,Wheat,2394.72
2026-01-24,Madhya Pradesh,Bhopal,Bhopal,Wheat,2351.18
2026-01-25,Madhya Pradesh,Bhopal,Bhopal,Wheat,2091.09
2026-01-26,Madhya Pradesh,Bhopal,Bhopal,Wheat,2144.34
2026-01-27,Madhya Pradesh,Bhopal,Bhopal,Wheat,2120.57
2026-01-28,Madhya Pradesh,Bhopal,Bhopal,Wheat,2333.66
2026-01-29,Madhya Pradesh,Bhopal,Bhopal,Wheat,2373.7
2026-01-30,Madhya Pradesh,Bhopal,Bhopal,Wheat,2244.11
2026-01-31,Madhya Pradesh,Bhopal,Bhopal,Wheat,2823.33
2026-02-01,Madhya Pradesh,Bhopal,Bhopal,Wheat,2581.93
2026-02-02,Madhya Pradesh,Bhopal,Bhopal,Wheat,2187.45
2026-02-03,Madhya Pradesh,Bhopal,Bhopal,Wheat,2387.23
2026-02-04,Madhya Pradesh,Bhopal,Bhopal,Wheat,2514.9
2026-02-05,Madhya Pradesh,Bhopal,Bhopal,Wheat,2756.99
2026-02-06,Madhya Pradesh,Bhopal,Bhopal,Wheat,2426.74
2026-02-07,Madhya Pradesh,Bhopal,Bhopal,Wheat,2705.59
2026-02-08,Madhya Pradesh,Bhopal,Bhopal,Wheat,2319.49
2026-02-09,Madhya Pradesh,Bhopal,Bhopal,Wheat,2130.61
2026-02-10,Madhya Pradesh,Bhopal,Bhopal,Wheat,2499.95
2026-02-11,Madhya Pradesh,Bhopal,Bhopal,Wheat,2705.58
2026-02-12,Madhya Pradesh,Bhopal,Bhopal,Wheat,3051.81
2026-02-13,Madhya Pradesh,Bhopal,Bhopal,Wheat,2393.67
2026-02-14,Madhya Pradesh,Bhopal,Bhopal,Wheat,2675.67
2026-02-15,Madhya Pradesh,Bhopal,Bhopal,Wheat,2377.2
2026-02-16,Madhya Pradesh,Bhopal,Bhopal,Wheat,2515.15
2026-02-17,Madhya Pradesh,Bhopal,Bhopal,Wheat,2164.85
2026-02-18,Madhya Pradesh,Bhopal,Bhopal,Wheat,2293.78
2026-02-19,Madhya Pradesh,Bhopal,Bhopal,Wheat,2477.18
2026-02-20,Madhya Pradesh,Bhopal,Bhopal,Wheat,2663.28
2026-02-21,Madhya Pradesh,Bhopal,Bhopal,Wheat,2468.96
2026-02-22,Madhya Pradesh,Bhopal,Bhopal,Wheat,2593.96
2026-02-23,Madhya Pradesh,Bhopal,Bhopal,Wheat,2588.8
2026-02-24,Madhya Pradesh,Bhopal,Bhopal,Wheat,2546.42
2026-02-25,Madhya Pradesh,Bhopal,Bhopal,Wheat,2836.19
2026-02-26,Madhya Pradesh,Bhopal,Bhopal,Wheat,2728.61
2026-02-27,Madhya Pradesh,Bhopal,Bhopal,Wheat,2452.03
2026-02-28,Madhya Pradesh,Bhopal,Bhopal,Wheat,2864.89
2026-03-01,Madhya Pradesh,Bhopal,Bhopal,Wheat,2401.82
2026-03-02,Madhya Pradesh,Bhopal,Bhopal,Wheat,2598.01
2026-03-03,Madhya Pradesh,Bhopal,Bhopal,Wheat,2742.93
2026-03-04,Madhya Pradesh,Bhopal,Bhopal,Wheat,2657.24
2026-03-05,Madhya Pradesh,Bhopal,Bhopal,Wheat,2398.7
2026-03-06,Madhya Pradesh,Bhopal,Bhopal,Wheat,2533.81
2026-03-07,Madhya Pradesh,Bhopal,Bhopal,Wheat,2886.06
2026-03-08,Madhya Pradesh,Bhopal,Bhopal,Wheat,2502.56
2026-03-09,Madhya Pradesh,Bhopal,Bhopal,Wheat,2479.31
2026-03-10,Madhya Pradesh,Bhopal,Bhopal,Wheat,2626.06
2026-03-11,Madhya Pradesh,Bhopal,Bhopal,Wheat,2724.72
2026-03-12,Madhya Pradesh,Bhopal,Bhopal,Wheat,2755.46
2026-03-13,Madhya Pradesh,Bhopal,Bhopal,Wheat,2690.92
2026-03-14,Madhya Pradesh,Bhopal,Bhopal,Wheat,2604.9
2026-03-15,Madhya Pradesh,Bhopal,Bhopal,Wheat,2705.99
2026-03-16,Madhya Pradesh,Bhopal,Bhopal,Wheat,2580.82
2026-03-17,Madhya Pradesh,Bhopal,Bhopal,Wheat,2466.89
2026-03-18,Madhya Pradesh,Bhopal,Bhopal,Wheat,2814.92
2026-03-19,Madhya Pradesh,Bhopal,Bhopal,Wheat,2696.79
2026-03-20,Madhya Pradesh,Bhopal,Bhopal,Wheat,2585.05
2026-03-21,Madhya Pradesh,Bhopal,Bhopal,Wheat,2537.76
2026-03-22,Madhya Pradesh,Bhopal,Bhopal,Wheat,2392.32
2026-03-23,Madhya Pradesh,Bhopal,Bhopal,Wheat,2451.39
2026-03-24,Madhya Pradesh,Bhopal,Bhopal,Wheat,2744.28
2026-03-25,Madhya Pradesh,Bhopal,Bhopal,Wheat,2482.32
2026-03-26,Madhya Pradesh,Bhopal,Bhopal,Wheat,2771.14
2026-03-27,Madhya Pradesh,Bhopal,Bhopal,Wheat,2635.05
2026-03-28,Madhya Pradesh,Bhopal,Bhopal,Wheat,2643.13
2026-03-29,Madhya Pradesh,Bhopal,Bhopal,Wheat,2306.49
2026-03-30,Madhya Pradesh,Bhopal,Bhopal,Wheat,2470.18
2026-03-31,Madhya Pradesh,Bhopal,Bhopal,Wheat,2501.03
2026-04-01,Madhya Pradesh,Bhopal,Bhopal,Wheat,2739.36
2026-04-02,Madhya Pradesh,Bhopal,Bhopal,Wheat,2786.51
2026-04-03,Madhya Pradesh,Bhopal,Bhopal,Wheat,2537.56
2026-04-04,Madhya Pradesh,Bhopal,Bhopal,Wheat,2904.01
2026-04-05,Madhya Pradesh,Bhopal,Bhopal,Wheat,2623.14
2026-04-06,Madhya Pradesh,Bhopal,Bhopal,Wheat,2548.96
2026-04-07,Madhya Pradesh,Bhopal,Bhopal,Wheat,2538.28
2026-04-08,Madhya Pradesh,Bhopal,Bhopal,Wheat,2547.69
2026-04-09,Madhya Pradesh,Bhopal,Bhopal,Wheat,2788.89
2026-04-10,Madhya Pradesh,Bhopal,Bhopal,Wheat,2864.89
2026-04-11,Madhya Pradesh,Bhopal,Bhopal,Wheat,2370.74
2026-04-12,Madhya Pradesh,Bhopal,Bhopal,Wheat,2488.64
2026-04-13,Madhya Pradesh,Bhopal,Bhopal,Wheat,2469.55
2026-04-14,Madhya Pradesh,Bhopal,Bhopal,Wheat,2585.15
2026-04-15,Madhya Pradesh,Bhopal,Bhopal,Wheat,2863.21
2026-04-16,Madhya Pradesh,Bhopal,Bhopal,Wheat,2596.9
2026-04-17,Madhya Pradesh,Bhopal,Bhopal,Wheat,2673.47
2026-04-18,Madhya Pradesh,Bhopal,Bhopal,Wheat,2601.01
2026-04-19,Madhya Pradesh,Bhopal,Bhopal,Wheat,2437.51
2026-04-20,Madhya Pradesh,Bhopal,Bhopal,Wheat,2449.08
2026-04-21,Madhya Pradesh,Bhopal,Bhopal,Wheat,2671.31
2026-04-22,Madhya Pradesh,Bhopal,Bhopal,Wheat,2442.02
2026-04-23,Madhya Pradesh,Bhopal,Bhopal,Wheat,2820.29
2026-04-24,Madhya Pradesh,Bhopal,Bhopal,Wheat,2433.24
2026-04-25,Madhya Pradesh,Bhopal,Bhopal,Wheat,2583.91
2026-04-26,Madhya Pradesh,Bhopal,Bhopal,Wheat,2514.51
2026-04-27,Madhya Pradesh,Bhopal,Bhopal,Wheat,2794.38
2026-04-28,Madhya Pradesh,Bhopal,Bhopal,Wheat,2476.3
2026-04-29,Madhya Pradesh,Bhopal,Bhopal,Wheat,2221.17
2026-04-30,Madhya Pradesh,Bhopal,Bhopal,Wheat,2344.93
2026-05-01,Madhya Pradesh,Bhopal,Bhopal,Wheat,2756.19
2026-05-02,Madhya Pradesh,Bhopal,Bhopal,Wheat,2791.56
2026-05-03,Madhya Pradesh,Bhopal,Bhopal,Wheat,2628.06
2026-05-04,Madhya Pradesh,Bhopal,Bhopal,Wheat,2516.95
2026-05-05,Madhya Pradesh,Bhopal,Bhopal,Wheat,2715.01
2026-05-06,Madhya Pradesh,Bhopal,Bhopal,Wheat,2511.82
2026-05-07,Madhya Pradesh,Bhopal,Bhopal,Wheat,2879.57
2026-05-08,Madhya Pradesh,Bhopal,Bhopal,Wheat,2420.09
2026-05-09,Madhya Pradesh,Bhopal,Bhopal,Wheat,2490.53
2026-05-10,Madhya Pradesh,Bhopal,Bhopal,Wheat,2221.59
2026-05-11,Madhya Pradesh,Bhopal,Bhopal,Wheat,2422.69
2026-05-12,Madhya Pradesh,Bhopal,Bhopal,Wheat,2484.35
2026-05-13,Madhya Pradesh,Bhopal,Bhopal,Wheat,2611.45
2026-05-14,Madhya Pradesh,Bhopal,Bhopal,Wheat,2700.42
2026-05-15,Madhya Pradesh,Bhopal,Bhopal,Wheat,2534.4
2026-05-16,Madhya Pradesh,Bhopal,Bhopal,Wheat,2601.97
2026-05-17,Madhya Pradesh,Bhopal,Bhopal,Wheat,2257.46
2026-05-18,Madhya Pradesh,Bhopal,Bhopal,Wheat,2682.45
2026-05-19,Madhya Pradesh,Bhopal,Bhopal,Wheat,2417.74
2026-05-20,Madhya Pradesh,Bhopal,Bhopal,Wheat,2479.28
2026-05-21,Madhya Pradesh,Bhopal,Bhopal,Wheat,2959.93
2026-05-22,Madhya Pradesh,Bhopal,Bhopal,Wheat,2451.04
2026-05-23,Madhya Pradesh,Bhopal,Bhopal,Wheat,2405.58
2026-05-24,Madhya Pradesh,Bhopal,Bhopal,Wheat,2305.05
2026-05-25,Madhya Pradesh,Bhopal,Bhopal,Wheat,2412.31
2026-05-26,Madhya Pradesh,Bhopal,Bhopal,Wheat,2518.42
2026-05-27,Madhya Pradesh,Bhopal,Bhopal,Wheat,2671.43
2026-05-28,Madhya Pradesh,Bhopal,Bhopal,Wheat,3109.28
2026-05-29,Madhya Pradesh,Bhopal,Bhopal,Wheat,2236.9
2026-05-30,Madhya Pradesh,Bhopal,Bhopal,Wheat,2692.12
2026-05-31,Madhya Pradesh,Bhopal,Bhopal,Wheat,2371.94
2026-06-01,Madhya Pradesh,Bhopal,Bhopal,Wheat,2297.43
2026-06-02,Madhya Pradesh,Bhopal,Bhopal,Wheat,2311.0
2026-06-03,Madhya Pradesh,Bhopal,Bhopal,Wheat,2349.94
2026-06-04,Madhya Pradesh,Bhopal,Bhopal,Wheat,2909.88
2026-06-05,Madhya Pradesh,Bhopal,Bhopal,Wheat,2776.91
2026-06-06,Madhya Pradesh,Bhopal,Bhopal,Wheat,2554.03
2026-06-07,Madhya Pradesh,Bhopal,Bhopal,Wheat,2667.46
2026-06-08,Madhya Pradesh,Bhopal,Bhopal,Wheat,2114.67
2026-06-09,Madhya Pradesh,Bhopal,Bhopal,Wheat,2162.35
2026-06-10,Madhya Pradesh,Bhopal,Bhopal,Wheat,2099.04
2026-06-11,Madhya Pradesh,Bhopal,Bhopal,Wheat,2442.6
2026-06-12,Madhya Pradesh,Bhopal,Bhopal,Wheat,2616.32
2026-06-13,Madhya Pradesh,Bhopal,Bhopal,Wheat,2533.34
2026-06-14,Madhya Pradesh,Bhopal,Bhopal,Wheat,2428.64
2026-06-15,Madhya Pradesh,Bhopal,Bhopal,Wheat,2101.88
2026-06-16,Madhya Pradesh,Bhopal,Bhopal,Wheat,2483.21
2026-06-17,Madhya Pradesh,Bhopal,Bhopal,Wheat,2482.52
2026-06-18,Madhya Pradesh,Bhopal,Bhopal,Wheat,2661.57
2026-06-19,Madhya Pradesh,Bhopal,Bhopal,Wheat,2211.93
2026-06-20,Madhya Pradesh,Bhopal,Bhopal,Wheat,2532.72
2026-06-21,Madhya Pradesh,Bhopal,Bhopal,Wheat,2171.39
2026-06-22,Madhya Pradesh,Bhopal,Bhopal,Wheat,2233.91
2026-06-23,Madhya Pradesh,Bhopal,Bhopal,Wheat,2402.7
2026-06-24,Madhya Pradesh,Bhopal,Bhopal,Wheat,2420.33
2026-06-25,Madhya Pradesh,Bhopal,Bhopal,Wheat,2344.86
2026-06-26,Madhya Pradesh,Bhopal,Bhopal,Wheat,2512.17
2026-06-27,Madhya Pradesh,Bhopal,Bhopal,Wheat,2179.16
2026-06-28,Madhya Pradesh,Bhopal,Bhopal,Wheat,2519.7
2026-06-29,Madhya Pradesh,Bhopal,Bhopal,Wheat,2229.84
2026-06-30,Madhya Pradesh,Bhopal,Bhopal,Wheat,2458.67
2026-07-01,Madhya Pradesh,Bhopal,Bhopal,Wheat,2280.25
2026-07-02,Madhya Pradesh,Bhopal,Bhopal,Wheat,2364.5
2026-07-03,Madhya Pradesh,Bhopal,Bhopal,Wheat,2339.39
2026-07-04,Madhya Pradesh,Bhopal,Bhopal,Wheat,2549.67
2026-07-05,Madhya Pradesh,Bhopal,Bhopal,Wheat,2181.05
2026-07-06,Madhya Pradesh,Bhopal,Bhopal,Wheat,2326.88
2026-07-07,Madhya Pradesh,Bhopal,Bhopal,Wheat,2183.76
2026-07-08,Madhya Pradesh,Bhopal,Bhopal,Wheat,2007.48
2026-07-09,Madhya Pradesh,Bhopal,Bhopal,Wheat,2318.77
2026-07-10,Madhya Pradesh,Bhopal,Bhopal,Wheat,2231.26
2026-07-11,Madhya Pradesh,Bhopal,Bhopal,Wheat,2369.38
2026-07-12,Madhya Pradesh,Bhopal,Bhopal,Wheat,2069.98
2026-07-13,Madhya Pradesh,Bhopal,Bhopal,Wheat,2332.61
2026-07-14,Madhya Pradesh,Bhopal,Bhopal,Wheat,2193.66
2026-07-15,Madhya Pradesh,Bhopal,Bhopal,Wheat,2263.74
2026-07-16,Madhya Pradesh,Bhopal,Bhopal,Wheat,2485.45
2026-07-17,Madhya Pradesh,Bhopal,Bhopal,Wheat,2554.35
2026-07-18,Madhya Pradesh,Bhopal,Bhopal,Wheat,2322.53
2026-07-19,Madhya Pradesh,Bhopal,Bhopal,Wheat,2101.97
2026-07-20,Madhya Pradesh,Bhopal,Bhopal,Wheat,1887.87
2026-07-21,Madhya Pradesh,Bhopal,Bhopal,Wheat,2068.12
2026-07-22,Madhya Pradesh,Bhopal,Bhopal,Wheat,2158.23
2026-07-23,Madhya Pradesh,Bhopal,Bhopal,Wheat,2356.07
2026-07-24,Madhya Pradesh,Bhopal,Bhopal,Wheat,2298.06
2026-07-25,Madhya Pradesh,Bhopal,Bhopal,Wheat,2399.29
2026-07-26,Madhya Pradesh,Bhopal,Bhopal,Wheat,2093.11
2026-07-27,Madhya Pradesh,Bhopal,Bhopal,Wheat,2113.28
2026-07-28,Madhya Pradesh,Bhopal,Bhopal,Wheat,2315.79
2026-07-29,Madhya Pradesh,Bhopal,Bhopal,Wheat,2273.8
2026-07-30,Madhya Pradesh,Bhopal,Bhopal,Wheat,2292.76
2026-07-31,Madhya Pradesh,Bhopal,Bhopal,Wheat,2221.1
2026-08-01,Madhya Pradesh,Bhopal,Bhopal,Wheat,2154.22
2026-08-02,Madhya Pradesh,Bhopal,Bhopal,Wheat,2025.56
2026-08-03,Madhya Pradesh,Bhopal,Bhopal,Wheat,2010.68
2026-08-04,Madhya Pradesh,Bhopal,Bhopal,Wheat,2218.05
2026-08-05,Madhya Pradesh,Bhopal,Bhopal,Wheat,2153.79
2026-08-06,Madhya Pradesh,Bhopal,Bhopal,Wheat,2054.27
2026-08-07,Madhya Pradesh,Bhopal,Bhopal,Wheat,2567.87
2026-08-08,Madhya Pradesh,Bhopal,Bhopal,Wheat,2271.39
2026-08-09,Madhya Pradesh,Bhopal,Bhopal,Wheat,1913.97
2026-08-10,Madhya Pradesh,Bhopal,Bhopal,Wheat,1996.58
2026-08-11,Madhya Pradesh,Bhopal,Bhopal,Wheat,2093.3
2026-08-12,Madhya Pradesh,Bhopal,Bhopal,Wheat,2414.99
2026-08-13,Madhya Pradesh,Bhopal,Bhopal,Wheat,2064.09
2026-08-14,Madhya Pradesh,Bhopal,Bhopal,Wheat,2408.28
2026-08-15,Madhya Pradesh,Bhopal,Bhopal,Wheat,2406.84
2026-08-16,Madhya Pradesh,Bhopal,Bhopal,Wheat,2003.02
2026-08-17,Madhya Pradesh,Bhopal,Bhopal,Wheat,1994.18
2026-08-18,Madhya Pradesh,Bhopal,Bhopal,Wheat,1901.98
2026-08-19,Madhya Pradesh,Bhopal,Bhopal,Wheat,2100.19
2026-08-20,Madhya Pradesh,Bhopal,Bhopal,Wheat,2204.45
2026-08-21,Madhya Pradesh,Bhopal,Bhopal,Wheat,2329.81
2026-08-22,Madhya Pradesh,Bhopal,Bhopal,Wheat,2331.34
2026-08-23,Madhya Pradesh,Bhopal,Bhopal,Wheat,1962.36
2026-08-24,Madhya Pradesh,Bhopal,Bhopal,Wheat,1733.57
2026-08-25,Madhya Pradesh,Bhopal,Bhopal,Wheat,2024.78
2026-08-26,Madhya Pradesh,Bhopal,Bhopal,Wheat,2150.49
2026-08-27,Madhya Pradesh,Bhopal,Bhopal,Wheat,2224.61
2026-08-28,Madhya Pradesh,Bhopal,Bhopal,Wheat,2153.3
2026-08-29,Madhya Pradesh,Bhopal,Bhopal,Wheat,2162.67
2026-08-30,Madhya Pradesh,Bhopal,Bhopal,Wheat,2267.7
2026-08-31,Madhya Pradesh,Bhopal,Bhopal,Wheat,2044.19
2025-01-01,Madhya Pradesh,Bhopal,Bhopal,Soybean,1139.42
2025-01-02,Madhya Pradesh,Bhopal,Bhopal,Soybean,1176.61
2025-01-03,Madhya Pradesh,Bhopal,Bhopal,Soybean,1219.56
2025-01-04,Madhya Pradesh,Bhopal,Bhopal,Soybean,1344.07
2025-01-05,Madhya Pradesh,Bhopal,Bhopal,Soybean,1143.19
2025-01-06,Madhya Pradesh,Bhopal,Bhopal,Soybean,1127.73
2025-01-07,Madhya Pradesh,Bhopal,Bhopal,Soybean,1105.42
2025-01-08,Madhya Pradesh,Bhopal,Bhopal,Soybean,1285.87
2025-01-09,Madhya Pradesh,Bhopal,Bhopal,Soybean,1414.94
2025-01-10,Madhya Pradesh,Bhopal,Bhopal,Soybean,1299.11
2025-01-11,Madhya Pradesh,Bhopal,Bhopal,Soybean,1237.52
2025-01-12,Madhya Pradesh,Bhopal,Bhopal,Soybean,1184.51
2025-01-13,Madhya Pradesh,Bhopal,Bhopal,Soybean,959.75
2025-01-14,Madhya Pradesh,Bhopal,Bhopal,Soybean,1227.84
2025-01-15,Madhya Pradesh,Bhopal,Bhopal,Soybean,1229.26
2025-01-16,Madhya Pradesh,Bhopal,Bhopal,Soybean,1306.98
2025-01-17,Madhya Pradesh,Bhopal,Bhopal,Soybean,1220.28
2025-01-18,Madhya Pradesh,Bhopal,Bhopal,Soybean,1220.77
2025-01-19,Madhya Pradesh,Bhopal,Bhopal,Soybean,1169.86
2025-01-20,Madhya Pradesh,Bhopal,Bhopal,Soybean,1258.34
2025-01-21,Madhya Pradesh,Bhopal,Bhopal,Soybean,1157.91
2025-01-22,Madhya Pradesh,Bhopal,Bhopal,Soybean,1422.06
2025-01-23,Madhya Pradesh,Bhopal,Bhopal,Soybean,1332.04
2025-01-24,Madhya Pradesh,Bhopal,Bhopal,Soybean,1191.62
2025-01-25,Madhya Pradesh,Bhopal,Bhopal,Soybean,1266.52
2025-01-26,Madhya Pradesh,Bhopal,Bhopal,Soybean,1170.92
2025-01-27,Madhya Pradesh,Bhopal,Bhopal,Soybean,1012.29
2025-01-28,Madhya Pradesh,Bhopal,Bhopal,Soybean,1346.8
2025-01-29,Madhya Pradesh,Bhopal,Bhopal,Soybean,1325.81
2025-01-30,Madhya Pradesh,Bhopal,Bhopal,Soybean,1365.39
2025-01-31,Madhya Pradesh,Bhopal,Bhopal,Soybean,1347.17
2025-02-01,Madhya Pradesh,Bhopal,Bhopal,Soybean,1174.73
2025-02-02,Madhya Pradesh,Bhopal,Bhopal,Soybean,1206.05
2025-02-03,Madhya Pradesh,Bhopal,Bhopal,Soybean,1288.37
2025-02-04,Madhya Pradesh,Bhopal,Bhopal,Soybean,1141.26
2025-02-05,Madhya Pradesh,Bhopal,Bhopal,Soybean,1057.27
2025-02-06,Madhya Pradesh,Bhopal,Bhopal,Soybean,1317.03
2025-02-07,Madhya Pradesh,Bhopal,Bhopal,Soybean,1340.37
2025-02-08,Madhya Pradesh,Bhopal,Bhopal,Soybean,1334.38
2025-02-09,Madhya Pradesh,Bhopal,Bhopal,Soybean,1333.19
2025-02-10,Madhya Pradesh,Bhopal,Bhopal,Soybean,1291.29
2025-02-11,Madhya Pradesh,Bhopal,Bhopal,Soybean,1274.02
2025-02-12,Madhya Pradesh,Bhopal,Bhopal,Soybean,1414.24
2025-02-13,Madhya Pradesh,Bhopal,Bhopal,Soybean,1214.39
2025-02-14,Madhya Pradesh,Bhopal,Bhopal,Soybean,1422.87
2025-02-15,Madhya Pradesh,Bhopal,Bhopal,Soybean,1400.44
2025-02-16,Madhya Pradesh,Bhopal,Bhopal,Soybean,1175.51
2025-02-17,Madhya Pradesh,Bhopal,Bhopal,Soybean,1122.14
2025-02-18,Madhya Pradesh,Bhopal,Bhopal,Soybean,1202.98
2025-02-19,Madhya Pradesh,Bhopal,Bhopal,Soybean,1262.12
2025-02-20,Madhya Pradesh,Bhopal,Bhopal,Soybean,1450.38
2025-02-21,Madhya Pradesh,Bhopal,Bhopal,Soybean,1333.15
2025-02-22,Madhya Pradesh,Bhopal,Bhopal,Soybean,1278.1
2025-02-23,Madhya Pradesh,Bhopal,Bhopal,Soybean,1248.33
2025-02-24,Madhya Pradesh,Bhopal,Bhopal,Soybean,1369.78
2025-02-25,Madhya Pradesh,Bhopal,Bhopal,Soybean,1286.57
2025-02-26,Madhya Pradesh,Bhopal,Bhopal,Soybean,1323.11
2025-02-27,Madhya Pradesh,Bhopal,Bhopal,Soybean,1383.85
2025-02-28,Madhya Pradesh,Bhopal,Bhopal,Soybean,1537.31
2025-03-01,Madhya Pradesh,Bhopal,Bhopal,Soybean,1303.45
2025-03-02,Madhya Pradesh,Bhopal,Bhopal,Soybean,1440.67
2025-03-03,Madhya Pradesh,Bhopal,Bhopal,Soybean,1303.57
2025-03-04,Madhya Pradesh,Bhopal,Bhopal,Soybean,1284.98
2025-03-05,Madhya Pradesh,Bhopal,Bhopal,Soybean,1591.47
2025-03-06,Madhya Pradesh,Bhopal,Bhopal,Soybean,1305.14
2025-03-07,Madhya Pradesh,Bhopal,Bhopal,Soybean,1389.03
2025-03-08,Madhya Pradesh,Bhopal,Bhopal,Soybean,1269.52
2025-03-09,Madhya Pradesh,Bhopal,Bhopal,Soybean,1420.9
2025-03-10,Madhya Pradesh,Bhopal,Bhopal,Soybean,1450.21
2025-03-11,Madhya Pradesh,Bhopal,Bhopal,Soybean,1464.93
2025-03-12,Madhya Pradesh,Bhopal,Bhopal,Soybean,1483.65
2025-03-13,Madhya Pradesh,Bhopal,Bhopal,Soybean,1401.93
2025-03-14,Madhya Pradesh,Bhopal,Bhopal,Soybean,1399.66
2025-03-15,Madhya Pradesh,Bhopal,Bhopal,Soybean,1236.94
2025-03-16,Madhya Pradesh,Bhopal,Bhopal,Soybean,1534.04
2025-03-17,Madhya Pradesh,Bhopal,Bhopal,Soybean,1349.75
2025-03-18,Madhya Pradesh,Bhopal,Bhopal,Soybean,1275.86
2025-03-19,Madhya Pradesh,Bhopal,Bhopal,Soybean,1504.32
2025-03-20,Madhya Pradesh,Bhopal,Bhopal,Soybean,1333.94
2025-03-21,Madhya Pradesh,Bhopal,Bhopal,Soybean,1487.07
2025-03-22,Madhya Pradesh,Bhopal,Bhopal,Soybean,1392.7
2025-03-23,Madhya Pradesh,Bhopal,Bhopal,Soybean,1411.28
2025-03-24,Madhya Pradesh,Bhopal,Bhopal,Soybean,1308.62
2025-03-25,Madhya Pradesh,Bhopal,Bhopal,Soybean,1193.76
2025-03-26,Madhya Pradesh,Bhopal,Bhopal,Soybean,1390.97
2025-03-27,Madhya Pradesh,Bhopal,Bhopal,Soybean,1544.23
2025-03-28,Madhya Pradesh,Bhopal,Bhopal,Soybean,1449.82
2025-03-29,Madhya Pradesh,Bhopal,Bhopal,Soybean,1492.89
2025-03-30,Madhya Pradesh,Bhopal,Bhopal,Soybean,1257.29
2025-03-31,Madhya Pradesh,Bhopal,Bhopal,Soybean,1317.23
2025-04-01,Madhya Pradesh,Bhopal,Bhopal,Soybean,1275.29
2025-04-02,Madhya Pradesh,Bhopal,Bhopal,Soybean,1460.95
2025-04-03,Madhya Pradesh,Bhopal,Bhopal,Soybean,1446.28
2025-04-04,Madhya Pradesh,Bhopal,Bhopal,Soybean,1527.31
2025-04-05,Madhya Pradesh,Bhopal,Bhopal,Soybean,1527.81
2025-04-06,Madhya Pradesh,Bhopal,Bhopal,Soybean,1425.54
2025-04-07,Madhya Pradesh,Bhopal,Bhopal,Soybean,1347.62
2025-04-08,Madhya Pradesh,Bhopal,Bhopal,Soybean,1242.59
2025-04-09,Madhya Pradesh,Bhopal,Bhopal,Soybean,1390.16
2025-04-10,Madhya Pradesh,Bhopal,Bhopal,Soybean,1390.95
2025-04-11,Madhya Pradesh,Bhopal,Bhopal,Soybean,1423.2
2025-04-12,Madhya Pradesh,Bhopal,Bhopal,Soybean,1383.43
2025-04-13,Madhya Pradesh,Bhopal,Bhopal,Soybean,1266.96
2025-04-14,Madhya Pradesh,Bhopal,Bhopal,Soybean,1141.32
2025-04-15,Madhya Pradesh,Bhopal,Bhopal,Soybean,1273.3
2025-04-16,Madhya Pradesh,Bhopal,Bhopal,Soybean,1408.69
2025-04-17,Madhya Pradesh,Bhopal,Bhopal,Soybean,1307.64
2025-04-18,Madhya Pradesh,Bhopal,Bhopal,Soybean,1458.56
2025-04-19,Madhya Pradesh,Bhopal,Bhopal,Soybean,1607.72
2025-04-20,Madhya Pradesh,Bhopal,Bhopal,Soybean,1455.54
2025-04-21,Madhya Pradesh,Bhopal,Bhopal,Soybean,1472.13
2025-04-22,Madhya Pradesh,Bhopal,Bhopal,Soybean,1369.6
2025-04-23,Madhya Pradesh,Bhopal,Bhopal,Soybean,1500.06
2025-04-24,Madhya Pradesh,Bhopal,Bhopal,Soybean,1367.27
2025-04-25,Madhya Pradesh,Bhopal,Bhopal,Soybean,1387.37
2025-04-26,Madhya Pradesh,Bhopal,Bhopal,Soybean,1143.4
2025-04-27,Madhya Pradesh,Bhopal,Bhopal,Soybean,1466.19
2025-04-28,Madhya Pradesh,Bhopal,Bhopal,Soybean,1457.37
2025-04-29,Madhya Pradesh,Bhopal,Bhopal,Soybean,1276.58
2025-04-30,Madhya Pradesh,Bhopal,Bhopal,Soybean,1356.53
2025-05-01,Madhya Pradesh,Bhopal,Bhopal,Soybean,1358.34
2025-05-02,Madhya Pradesh,Bhopal,Bhopal,Soybean,1484.97
2025-05-03,Madhya Pradesh,Bhopal,Bhopal,Soybean,1518.66
2025-05-04,Madhya Pradesh,Bhopal,Bhopal,Soybean,1182.58
2025-05-05,Madhya Pradesh,Bhopal,Bhopal,Soybean,1346.01
2025-05-06,Madhya Pradesh,Bhopal,Bhopal,Soybean,1295.01
2025-05-07,Madhya Pradesh,Bhopal,Bhopal,Soybean,1383.92
2025-05-08,Madhya Pradesh,Bhopal,Bhopal,Soybean,1471.09
2025-05-09,Madhya Pradesh,Bhopal,Bhopal,Soybean,1418.16
2025-05-10,Madhya Pradesh,Bhopal,Bhopal,Soybean,1388.42
2025-05-11,Madhya Pradesh,Bhopal,Bhopal,Soybean,1317.7
2025-05-12,Madhya Pradesh,Bhopal,Bhopal,Soybean,1387.54
2025-05-13,Madhya Pradesh,Bhopal,Bhopal,Soybean,1349.41
2025-05-14,Madhya Pradesh,Bhopal,Bhopal,Soybean,1383.75
2025-05-15,Madhya Pradesh,Bhopal,Bhopal,Soybean,1288.44
2025-05-16,Madhya Pradesh,Bhopal,Bhopal,Soybean,1387.85
2025-05-17,Madhya Pradesh,Bhopal,Bhopal,Soybean,1474.35
2025-05-18,Madhya Pradesh,Bhopal,Bhopal,Soybean,1329.95
2025-05-19,Madhya Pradesh,Bhopal,Bhopal,Soybean,1347.52
2025-05-20,Madhya Pradesh,Bhopal,Bhopal,Soybean,1460.02
2025-05-21,Madhya Pradesh,Bhopal,Bhopal,Soybean,1448.49
2025-05-22,Madhya Pradesh,Bhopal,Bhopal,Soybean,1410.24
2025-05-23,Madhya Pradesh,Bhopal,Bhopal,Soybean,1361.55
2025-05-24,Madhya Pradesh,Bhopal,Bhopal,Soybean,1128.07
2025-05-25,Madhya Pradesh,Bhopal,Bhopal,Soybean,1297.79
2025-05-26,Madhya Pradesh,Bhopal,Bhopal,Soybean,1245.89
2025-05-27,Madhya Pradesh,Bhopal,Bhopal,Soybean,1321.04
2025-05-28,Madhya Pradesh,Bhopal,Bhopal,Soybean,1321.68
2025-05-29,Madhya Pradesh,Bhopal,Bhopal,Soybean,1354.96
2025-05-30,Madhya Pradesh,Bhopal,Bhopal,Soybean,1222.65
2025-05-31,Madhya Pradesh,Bhopal,Bhopal,Soybean,1268.93
2025-06-01,Madhya Pradesh,Bhopal,Bhopal,Soybean,1341.72
2025-06-02,Madhya Pradesh,Bhopal,Bhopal,Soybean,1411.69
2025-06-03,Madhya Pradesh,Bhopal,Bhopal,Soybean,1262.19
2025-06-04,Madhya Pradesh,Bhopal,Bhopal,Soybean,1350.5
2025-06-05,Madhya Pradesh,Bhopal,Bhopal,Soybean,1460.64
2025-06-06,Madhya Pradesh,Bhopal,Bhopal,Soybean,1301.23
2025-06-07,Madhya Pradesh,Bhopal,Bhopal,Soybean,1375.91
2025-06-08,Madhya Pradesh,Bhopal,Bhopal,Soybean,1215.63
2025-06-09,Madhya Pradesh,Bhopal,Bhopal,Soybean,1319.59
2025-06-10,Madhya Pradesh,Bhopal,Bhopal,Soybean,1267.78
2025-06-11,Madhya Pradesh,Bhopal,Bhopal,Soybean,1330.21
2025-06-12,Madhya Pradesh,Bhopal,Bhopal,Soybean,1277.24
2025-06-13,Madhya Pradesh,Bhopal,Bhopal,Soybean,1428.49
2025-06-14,Madhya Pradesh,Bhopal,Bhopal,Soybean,1516.48
2025-06-15,Madhya Pradesh,Bhopal,Bhopal,Soybean,1175.38
2025-06-16,Madhya Pradesh,Bhopal,Bhopal,Soybean,1197.95
2025-06-17,Madhya Pradesh,Bhopal,Bhopal,Soybean,1257.09
2025-06-18,Madhya Pradesh,Bhopal,Bhopal,Soybean,1355.42
2025-06-19,Madhya Pradesh,Bhopal,Bhopal,Soybean,1279.95
2025-06-20,Madhya Pradesh,Bhopal,Bhopal,Soybean,1075.61
2025-06-21,Madhya Pradesh,Bhopal,Bhopal,Soybean,1428.4
2025-06-22,Madhya Pradesh,Bhopal,Bhopal,Soybean,1312.59
2025-06-23,Madhya Pradesh,Bhopal,Bhopal,Soybean,1061.65
2025-06-24,Madhya Pradesh,Bhopal,Bhopal,Soybean,1166.98
2025-06-25,Madhya Pradesh,Bhopal,Bhopal,Soybean,1404.57
2025-06-26,Madhya Pradesh,Bhopal,Bhopal,Soybean,1445.23
2025-06-27,Madhya Pradesh,Bhopal,Bhopal,Soybean,1408.36
2025-06-28,Madhya Pradesh,Bhopal,Bhopal,Soybean,1268.76
2025-06-29,Madhya Pradesh,Bhopal,Bhopal,Soybean,1234.44
2025-06-30,Madhya Pradesh,Bhopal,Bhopal,Soybean,1179.81
2025-07-01,Madhya Pradesh,Bhopal,Bhopal,Soybean,1294.9
2025-07-02,Madhya Pradesh,Bhopal,Bhopal,Soybean,1169.74
2025-07-03,Madhya Pradesh,Bhopal,Bhopal,Soybean,1219.06
2025-07-04,Madhya Pradesh,Bhopal,Bhopal,Soybean,1393.0
2025-07-05,Madhya Pradesh,Bhopal,Bhopal,Soybean,1260.64
2025-07-06,Madhya Pradesh,Bhopal,Bhopal,Soybean,1324.7
2025-07-07,Madhya Pradesh,Bhopal,Bhopal,Soybean,1116.95
2025-07-08,Madhya Pradesh,Bhopal,Bhopal,Soybean,1176.72
2025-07-09,Madhya Pradesh,Bhopal,Bhopal,Soybean,1147.31
2025-07-10,Madhya Pradesh,Bhopal,Bhopal,Soybean,1272.2
2025-07-11,Madhya Pradesh,Bhopal,Bhopal,Soybean,1147.91
2025-07-12,Madhya Pradesh,Bhopal,Bhopal,Soybean,1202.08
2025-07-13,Madhya Pradesh,Bhopal,Bhopal,Soybean,1069.45
2025-07-14,Madhya Pradesh,Bhopal,Bhopal,Soybean,1209.5
2025-07-15,Madhya Pradesh,Bhopal,Bhopal,Soybean,1220.84
2025-07-16,Madhya Pradesh,Bhopal,Bhopal,Soybean,1060.87
2025-07-17,Madhya Pradesh,Bhopal,Bhopal,Soybean,1368.26
2025-07-18,Madhya Pradesh,Bhopal,Bhopal,Soybean,1480.48
2025-07-19,Madhya Pradesh,Bhopal,Bhopal,Soybean,1228.84
2025-07-20,Madhya Pradesh,Bhopal,Bhopal,Soybean,1117.71
2025-07-21,Madhya Pradesh,Bhopal,Bhopal,Soybean,1359.77
2025-07-22,Madhya Pradesh,Bhopal,Bhopal,Soybean,1038.62
2025-07-23,Madhya Pradesh,Bhopal,Bhopal,Soybean,1189.84
2025-07-24,Madhya Pradesh,Bhopal,Bhopal,Soybean,1247.36
2025-07-25,Madhya Pradesh,Bhopal,Bhopal,Soybean,1357.38
2025-07-26,Madhya Pradesh,Bhopal,Bhopal,Soybean,1236.27
2025-07-27,Madhya Pradesh,Bhopal,Bhopal,Soybean,1111.95
2025-07-28,Madhya Pradesh,Bhopal,Bhopal,Soybean,1043.44
2025-07-29,Madhya Pradesh,Bhopal,Bhopal,Soybean,1099.82
2025-07-30,Madhya Pradesh,Bhopal,Bhopal,Soybean,1087.63
2025-07-31,Madhya Pradesh,Bhopal,Bhopal,Soybean,1217.31
2025-08-01,Madhya Pradesh,Bhopal,Bhopal,Soybean,1173.68
2025-08-02,Madhya Pradesh,Bhopal,Bhopal,Soybean,1063.69
2025-08-03,Madhya Pradesh,Bhopal,Bhopal,Soybean,1234.84
2025-08-04,Madhya Pradesh,Bhopal,Bhopal,Soybean,1063.08
2025-08-05,Madhya Pradesh,Bhopal,Bhopal,Soybean,1011.79
2025-08-06,Madhya Pradesh,Bhopal,Bhopal,Soybean,1139.61
2025-08-07,Madhya Pradesh,Bhopal,Bhopal,Soybean,1201.6
2025-08-08,Madhya Pradesh,Bhopal,Bhopal,Soybean,1057.34
2025-08-09,Madhya Pradesh,Bhopal,Bhopal,Soybean,1198.44
2025-08-10,Madhya Pradesh,Bhopal,Bhopal,Soybean,1037.29
2025-08-11,Madhya Pradesh,Bhopal,Bhopal,Soybean,1216.43
2025-08-12,Madhya Pradesh,Bhopal,Bhopal,Soybean,1135.46
2025-08-13,Madhya Pradesh,Bhopal,Bhopal,Soybean,1105.89
2025-08-14,Madhya Pradesh,Bhopal,Bhopal,Soybean,1118.5
2025-08-15,Madhya Pradesh,Bhopal,Bhopal,Soybean,1180.15
2025-08-16,Madhya Pradesh,Bhopal,Bhopal,Soybean,1205.76
2025-08-17,Madhya Pradesh,Bhopal,Bhopal,Soybean,1103.18
2025-08-18,Madhya Pradesh,Bhopal,Bhopal,Soybean,1056.45
2025-08-19,Madhya Pradesh,Bhopal,Bhopal,Soybean,1086.25
2025-08-20,Madhya Pradesh,Bhopal,Bhopal,Soybean,1076.48
2025-08-21,Madhya Pradesh,Bhopal,Bhopal,Soybean,1138.04
2025-08-22,Madhya Pradesh,Bhopal,Bhopal,Soybean,1003.47
2025-08-23,Madhya Pradesh,Bhopal,Bhopal,Soybean,1220.87
2025-08-24,Madhya Pradesh,Bhopal,Bhopal,Soybean,1115.63
2025-08-25,Madhya Pradesh,Bhopal,Bhopal,Soybean,1003.56
2025-08-26,Madhya Pradesh,Bhopal,Bhopal,Soybean,1212.48
2025-08-27,Madhya Pradesh,Bhopal,Bhopal,Soybean,1119.0
2025-08-28,Madhya Pradesh,Bhopal,Bhopal,Soybean,1070.42
2025-08-29,Madhya Pradesh,Bhopal,Bhopal,Soybean,1233.09
2025-08-30,Madhya Pradesh,Bhopal,Bhopal,Soybean,1163.41
2025-08-31,Madhya Pradesh,Bhopal,Bhopal,Soybean,1112.36
2025-09-01,Madhya Pradesh,Bhopal,Bhopal,Soybean,1019.94
2025-09-02,Madhya Pradesh,Bhopal,Bhopal,Soybean,1094.17
2025-09-03,Madhya Pradesh,Bhopal,Bhopal,Soybean,1082.44
2025-09-04,Madhya Pradesh,Bhopal,Bhopal,Soybean,1189.06
2025-09-05,Madhya Pradesh,Bhopal,Bhopal,Soybean,1000.09
2025-09-06,Madhya Pradesh,Bhopal,Bhopal,Soybean,1088.99
2025-09-07,Madhya Pradesh,Bhopal,Bhopal,Soybean,1203.92
2025-09-08,Madhya Pradesh,Bhopal,Bhopal,Soybean,987.72
2025-09-09,Madhya Pradesh,Bhopal,Bhopal,Soybean,1008.94
2025-09-10,Madhya Pradesh,Bhopal,Bhopal,Soybean,1061.09
2025-09-11,Madhya Pradesh,Bhopal,Bhopal,Soybean,1040.69
2025-09-12,Madhya Pradesh,Bhopal,Bhopal,Soybean,969.84
2025-09-13,Madhya Pradesh,Bhopal,Bhopal,Soybean,1098.82
2025-09-14,Madhya Pradesh,Bhopal,Bhopal,Soybean,1078.93
2025-09-15,Madhya Pradesh,Bhopal,Bhopal,Soybean,1034.81
2025-09-16,Madhya Pradesh,Bhopal,Bhopal,Soybean,1038.0
2025-09-17,Madhya Pradesh,Bhopal,Bhopal,Soybean,1094.07
2025-09-18,Madhya Pradesh,Bhopal,Bhopal,Soybean,1214.08
2025-09-19,Madhya Pradesh,Bhopal,Bhopal,Soybean,1127.83
2025-09-20,Madhya Pradesh,Bhopal,Bhopal,Soybean,1068.5
2025-09-21,Madhya Pradesh,Bhopal,Bhopal,Soybean,1044.71
2025-09-22,Madhya Pradesh,Bhopal,Bhopal,Soybean,1078.01
2025-09-23,Madhya Pradesh,Bhopal,Bhopal,Soybean,1149.77
2025-09-24,Madhya Pradesh,Bhopal,Bhopal,Soybean,1040.92
2025-09-25,Madhya Pradesh,Bhopal,Bhopal,Soybean,1139.12
2025-09-26,Madhya Pradesh,Bhopal,Bhopal,Soybean,1168.84
2025-09-27,Madhya Pradesh,Bhopal,Bhopal,Soybean,1035.1
2025-09-28,Madhya Pradesh,Bhopal,Bhopal,Soybean,1066.78
2025-09-29,Madhya Pradesh,Bhopal,Bhopal,Soybean,929.67
2025-09-30,Madhya Pradesh,Bhopal,Bhopal,Soybean,917.07
2025-10-01,Madhya Pradesh,Bhopal,Bhopal,Soybean,1117.51
2025-10-02,Madhya Pradesh,Bhopal,Bhopal,Soybean,1102.05
2025-10-03,Madhya Pradesh,Bhopal,Bhopal,Soybean,1159.6
2025-10-04,Madhya Pradesh,Bhopal,Bhopal,Soybean,1112.98
2025-10-05,Madhya Pradesh,Bhopal,Bhopal,Soybean,994.58
2025-10-06,Madhya Pradesh,Bhopal,Bhopal,Soybean,1035.27
2025-10-07,Madhya Pradesh,Bhopal,Bhopal,Soybean,959.09
2025-10-08,Madhya Pradesh,Bhopal,Bhopal,Soybean,1199.51
2025-10-09,Madhya Pradesh,Bhopal,Bhopal,Soybean,1028.69
2025-10-10,Madhya Pradesh,Bhopal,Bhopal,Soybean,1132.22
2025-10-11,Madhya Pradesh,Bhopal,Bhopal,Soybean,1037.55
2025-10-12,Madhya Pradesh,Bhopal,Bhopal,Soybean,1115.39
2025-10-13,Madhya Pradesh,Bhopal,Bhopal,Soybean,1019.6
2025-10-14,Madhya Pradesh,Bhopal,Bhopal,Soybean,1017.07
2025-10-15,Madhya Pradesh,Bhopal,Bhopal,Soybean,1165.06
2025-10-16,Madhya Pradesh,Bhopal,Bhopal,Soybean,1145.91
2025-10-17,Madhya Pradesh,Bhopal,Bhopal,Soybean,1197.2
2025-10-18,Madhya Pradesh,Bhopal,Bhopal,Soybean,1049.47
2025-10-19,Madhya Pradesh,Bhopal,Bhopal,Soybean,974.06
2025-10-20,Madhya Pradesh,Bhopal,Bhopal,Soybean,1059.6
2025-10-21,Madhya Pradesh,Bhopal,Bhopal,Soybean,1040.0
2025-10-22,Madhya Pradesh,Bhopal,Bhopal,Soybean,1157.08
2025-10-23,Madhya Pradesh,Bhopal,Bhopal,Soybean,1146.93
2025-10-24,Madhya Pradesh,Bhopal,Bhopal,Soybean,1182.48
2025-10-25,Madhya Pradesh,Bhopal,Bhopal,Soybean,1008.1
2025-10-26,Madhya Pradesh,Bhopal,Bhopal,Soybean,1234.86
2025-10-27,Madhya Pradesh,Bhopal,Bhopal,Soybean,1049.96
2025-10-28,Madhya Pradesh,Bhopal,Bhopal,Soybean,1127.14
2025-10-29,Madhya Pradesh,Bhopal,Bhopal,Soybean,1054.66
2025-10-30,Madhya Pradesh,Bhopal,Bhopal,Soybean,1191.12
2025-10-31,Madhya Pradesh,Bhopal,Bhopal,Soybean,1071.34
2025-11-01,Madhya Pradesh,Bhopal,Bhopal,Soybean,1186.89
2025-11-02,Madhya Pradesh,Bhopal,Bhopal,Soybean,1076.12
2025-11-03,Madhya Pradesh,Bhopal,Bhopal,Soybean,1077.29
2025-11-04,Madhya Pradesh,Bhopal,Bhopal,Soybean,1141.23
2025-11-05,Madhya Pradesh,Bhopal,Bhopal,Soybean,1036.65
2025-11-06,Madhya Pradesh,Bhopal,Bhopal,Soybean,1124.62
2025-11-07,Madhya Pradesh,Bhopal,Bhopal,Soybean,1232.83
2025-11-08,Madhya Pradesh,Bhopal,Bhopal,Soybean,1337.45
2025-11-09,Madhya Pradesh,Bhopal,Bhopal,Soybean,1108.17
2025-11-10,Madhya Pradesh,Bhopal,Bhopal,Soybean,1135.47
2025-11-11,Madhya Pradesh,Bhopal,Bhopal,Soybean,1095.54
2025-11-12,Madhya Pradesh,Bhopal,Bhopal,Soybean,1307.76
2025-11-13,Madhya Pradesh,Bhopal,Bhopal,Soybean,1052.28
2025-11-14,Madhya Pradesh,Bhopal,Bhopal,Soybean,1220.83
2025-11-15,Madhya Pradesh,Bhopal,Bhopal,Soybean,1049.48
2025-11-16,Madhya Pradesh,Bhopal,Bhopal,Soybean,937.16
2025-11-17,Madhya Pradesh,Bhopal,Bhopal,Soybean,1130.84
2025-11-18,Madhya Pradesh,Bhopal,Bhopal,Soybean,1132.65
2025-11-19,Madhya Pradesh,Bhopal,Bhopal,Soybean,1146.82
2025-11-20,Madhya Pradesh,Bhopal,Bhopal,Soybean,1209.82
2025-11-21,Madhya Pradesh,Bhopal,Bhopal,Soybean,1500.73
2025-11-22,Madhya Pradesh,Bhopal,Bhopal,Soybean,1182.69
2025-11-23,Madhya Pradesh,Bhopal,Bhopal,Soybean,1197.52
2025-11-24,Madhya Pradesh,Bhopal,Bhopal,Soybean,1075.9
2025-11-25,Madhya Pradesh,Bhopal,Bhopal,Soybean,1165.11
2025-11-26,Madhya Pradesh,Bhopal,Bhopal,Soybean,1171.2
2025-11-27,Madhya Pradesh,Bhopal,Bhopal,Soybean,1205.22
2025-11-28,Madhya Pradesh,Bhopal,Bhopal,Soybean,1415.61
2025-11-29,Madhya Pradesh,Bhopal,Bhopal,Soybean,1327.68
2025-11-30,Madhya Pradesh,Bhopal,Bhopal,Soybean,1188.96
2025-12-01,Madhya Pradesh,Bhopal,Bhopal,Soybean,963.02
2025-12-02,Madhya Pradesh,Bhopal,Bhopal,Soybean,1133.66
2025-12-03,Madhya Pradesh,Bhopal,Bhopal,Soybean,1443.34
2025-12-04,Madhya Pradesh,Bhopal,Bhopal,Soybean,1244.21
2025-12-05,Madhya Pradesh,Bhopal,Bhopal,Soybean,1378.78
2025-12-06,Madhya Pradesh,Bhopal,Bhopal,Soybean,1376.62
2025-12-07,Madhya Pradesh,Bhopal,Bhopal,Soybean,1219.08
2025-12-08,Madhya Pradesh,Bhopal,Bhopal,Soybean,1101.78
2025-12-09,Madhya Pradesh,Bhopal,Bhopal,Soybean,983.83
2025-12-10,Madhya Pradesh,Bhopal,Bhopal,Soybean,1297.06
2025-12-11,Madhya Pradesh,Bhopal,Bhopal,Soybean,1216.29
2025-12-12,Madhya Pradesh,Bhopal,Bhopal,Soybean,1321.67
2025-12-13,Madhya Pradesh,Bhopal,Bhopal,Soybean,1163.97
2025-12-14,Madhya Pradesh,Bhopal,Bhopal,Soybean,1202.18
2025-12-15,Madhya Pradesh,Bhopal,Bhopal,Soybean,1197.32
2025-12-16,Madhya Pradesh,Bhopal,Bhopal,Soybean,1232.88
2025-12-17,Madhya Pradesh,Bhopal,Bhopal,Soybean,1164.46
2025-12-18,Madhya Pradesh,Bhopal,Bhopal,Soybean,1426.5
2025-12-19,Madhya Pradesh,Bhopal,Bhopal,Soybean,1276.66
2025-12-20,Madhya Pradesh,Bhopal,Bhopal,Soybean,1149.17
2025-12-21,Madhya Pradesh,Bhopal,Bhopal,Soybean,1240.57
2025-12-22,Madhya Pradesh,Bhopal,Bhopal,Soybean,1222.04
2025-12-23,Madhya Pradesh,Bhopal,Bhopal,Soybean,1248.96
2025-12-24,Madhya Pradesh,Bhopal,Bhopal,Soybean,1412.0
2025-12-25,Madhya Pradesh,Bhopal,Bhopal,Soybean,1321.17
2025-12-26,Madhya Pradesh,Bhopal,Bhopal,Soybean,1348.46
2025-12-27,Madhya Pradesh,Bhopal,Bhopal,Soybean,1226.04
2025-12-28,Madhya Pradesh,Bhopal,Bhopal,Soybean,1349.22
2025-12-29,Madhya Pradesh,Bhopal,Bhopal,Soybean,1260.32
2025-12-30,Madhya Pradesh,Bhopal,Bhopal,Soybean,1223.5
2025-12-31,Madhya Pradesh,Bhopal,Bhopal,Soybean,1140.24
2026-01-01,Madhya Pradesh,Bhopal,Bhopal,Soybean,1509.67
2026-01-02,Madhya Pradesh,Bhopal,Bhopal,Soybean,1268.53
2026-01-03,Madhya Pradesh,Bhopal,Bhopal,Soybean,1299.77
2026-01-04,Madhya Pradesh,Bhopal,Bhopal,Soybean,1334.71
2026-01-05,Madhya Pradesh,Bhopal,Bhopal,Soybean,1163.33
2026-01-06,Madhya Pradesh,Bhopal,Bhopal,Soybean,1151.76
2026-01-07,Madhya Pradesh,Bhopal,Bhopal,Soybean,1142.79
2026-01-08,Madhya Pradesh,Bhopal,Bhopal,Soybean,1469.4
2026-01-09,Madhya Pradesh,Bhopal,Bhopal,Soybean,1361.76
2026-01-10,Madhya Pradesh,Bhopal,Bhopal,Soybean,1666.57
2026-01-11,Madhya Pradesh,Bhopal,Bhopal,Soybean,1235.68
2026-01-12,Madhya Pradesh,Bhopal,Bhopal,Soybean,1211.46
2026-01-13,Madhya Pradesh,Bhopal,Bhopal,Soybean,1259.85
2026-01-14,Madhya Pradesh,Bhopal,Bhopal,Soybean,1392.19
2026-01-15,Madhya Pradesh,Bhopal,Bhopal,Soybean,1379.36
2026-01-16,Madhya Pradesh,Bhopal,Bhopal,Soybean,1505.35
2026-01-17,Madhya Pradesh,Bhopal,Bhopal,Soybean,1313.46
2026-01-18,Madhya Pradesh,Bhopal,Bhopal,Soybean,1222.88
2026-01-19,Madhya Pradesh,Bhopal,Bhopal,Soybean,1153.75
2026-01-20,Madhya Pradesh,Bhopal,Bhopal,Soybean,1128.75
2026-01-21,Madhya Pradesh,Bhopal,Bhopal,Soybean,1344.29
2026-01-22,Madhya Pradesh,Bhopal,Bhopal,Soybean,1422.58
2026-01-23,Madhya Pradesh,Bhopal,Bhopal,Soybean,1405.5
2026-01-24,Madhya Pradesh,Bhopal,Bhopal,Soybean,1561.27
2026-01-25,Madhya Pradesh,Bhopal,Bhopal,Soybean,1497.3
2026-01-26,Madhya Pradesh,Bhopal,Bhopal,Soybean,1312.54
2026-01-27,Madhya Pradesh,Bhopal,Bhopal,Soybean,1190.17
2026-01-28,Madhya Pradesh,Bhopal,Bhopal,Soybean,1363.65
2026-01-29,Madhya Pradesh,Bhopal,Bhopal,Soybean,1417.02
2026-01-30,Madhya Pradesh,Bhopal,Bhopal,Soybean,1427.67
2026-01-31,Madhya Pradesh,Bhopal,Bhopal,Soybean,1390.05
2026-02-01,Madhya Pradesh,Bhopal,Bhopal,Soybean,1338.54
2026-02-02,Madhya Pradesh,Bhopal,Bhopal,Soybean,1330.14
2026-02-03,Madhya Pradesh,Bhopal,Bhopal,Soybean,1322.66
2026-02-04,Madhya Pradesh,Bhopal,Bhopal,Soybean,1464.94
2026-02-05,Madhya Pradesh,Bhopal,Bhopal,Soybean,1541.69
2026-02-06,Madhya Pradesh,Bhopal,Bhopal,Soybean,1424.18
2026-02-07,Madhya Pradesh,Bhopal,Bhopal,Soybean,1617.36
2026-02-08,Madhya Pradesh,Bhopal,Bhopal,Soybean,1327.49
2026-02-09,Madhya Pradesh,Bhopal,Bhopal,Soybean,1231.59
2026-02-10,Madhya Pradesh,Bhopal,Bhopal,Soybean,1443.45
2026-02-11,Madhya Pradesh,Bhopal,Bhopal,Soybean,1382.37
2026-02-12,Madhya Pradesh,Bhopal,Bhopal,Soybean,1561.1
2026-02-13,Madhya Pradesh,Bhopal,Bhopal,Soybean,1284.31
2026-02-14,Madhya Pradesh,Bhopal,Bhopal,Soybean,1654.25
2026-02-15,Madhya Pradesh,Bhopal,Bhopal,Soybean,1514.25
2026-02-16,Madhya Pradesh,Bhopal,Bhopal,Soybean,1260.98
2026-02-17,Madhya Pradesh,Bhopal,Bhopal,Soybean,1278.4
2026-02-18,Madhya Pradesh,Bhopal,Bhopal,Soybean,1660.89
2026-02-19,Madhya Pradesh,Bhopal,Bhopal,Soybean,1467.96
2026-02-20,Madhya Pradesh,Bhopal,Bhopal,Soybean,1473.71
2026-02-21,Madhya Pradesh,Bhopal,Bhopal,Soybean,1285.18
2026-02-22,Madhya Pradesh,Bhopal,Bhopal,Soybean,1429.22
2026-02-23,Madhya Pradesh,Bhopal,Bhopal,Soybean,1404.41
2026-02-24,Madhya Pradesh,Bhopal,Bhopal,Soybean,1516.42
2026-02-25,Madhya Pradesh,Bhopal,Bhopal,Soybean,1357.92
2026-02-26,Madhya Pradesh,Bhopal,Bhopal,Soybean,1400.02
2026-02-27,Madhya Pradesh,Bhopal,Bhopal,Soybean,1633.84
2026-02-28,Madhya Pradesh,Bhopal,Bhopal,Soybean,1654.31
2026-03-01,Madhya Pradesh,Bhopal,Bhopal,Soybean,1319.04
2026-03-02,Madhya Pradesh,Bhopal,Bhopal,Soybean,1552.47
2026-03-03,Madhya Pradesh,Bhopal,Bhopal,Soybean,1463.83
2026-03-04,Madhya Pradesh,Bhopal,Bhopal,Soybean,1637.84
2026-03-05,Madhya Pradesh,Bhopal,Bhopal,Soybean,1575.44
2026-03-06,Madhya Pradesh,Bhopal,Bhopal,Soybean,1317.58
2026-03-07,Madhya Pradesh,Bhopal,Bhopal,Soybean,1544.27
2026-03-08,Madhya Pradesh,Bhopal,Bhopal,Soybean,1607.56
2026-03-09,Madhya Pradesh,Bhopal,Bhopal,Soybean,1365.78
2026-03-10,Madhya Pradesh,Bhopal,Bhopal,Soybean,1433.48
2026-03-11,Madhya Pradesh,Bhopal,Bhopal,Soybean,1516.3
2026-03-12,Madhya Pradesh,Bhopal,Bhopal,Soybean,1272.91
2026-03-13,Madhya Pradesh,Bhopal,Bhopal,Soybean,1802.45
2026-03-14,Madhya Pradesh,Bhopal,Bhopal,Soybean,1474.41
2026-03-15,Madhya Pradesh,Bhopal,Bhopal,Soybean,1561.81
2026-03-16,Madhya Pradesh,Bhopal,Bhopal,Soybean,1459.23
2026-03-17,Madhya Pradesh,Bhopal,Bhopal,Soybean,1615.13
2026-03-18,Madhya Pradesh,Bhopal,Bhopal,Soybean,1590.19
2026-03-19,Madhya Pradesh,Bhopal,Bhopal,Soybean,1581.64
2026-03-20,Madhya Pradesh,Bhopal,Bhopal,Soybean,1522.77
2026-03-21,Madhya Pradesh,Bhopal,Bhopal,Soybean,1672.18
2026-03-22,Madhya Pradesh,Bhopal,Bhopal,Soybean,1318.59
2026-03-23,Madhya Pradesh,Bhopal,Bhopal,Soybean,1543.47
2026-03-24,Madhya Pradesh,Bhopal,Bhopal,Soybean,1377.87
2026-03-25,Madhya Pradesh,Bhopal,Bhopal,Soybean,1690.69
2026-03-26,Madhya Pradesh,Bhopal,Bhopal,Soybean,1634.42
2026-03-27,Madhya Pradesh,Bhopal,Bhopal,Soybean,1705.69
2026-03-28,Madhya Pradesh,Bhopal,Bhopal,Soybean,1599.97
2026-03-29,Madhya Pradesh,Bhopal,Bhopal,Soybean,1337.07
2026-03-30,Madhya Pradesh,Bhopal,Bhopal,Soybean,1393.21
2026-03-31,Madhya Pradesh,Bhopal,Bhopal,Soybean,1568.71
2026-04-01,Madhya Pradesh,Bhopal,Bhopal,Soybean,1577.92
2026-04-02,Madhya Pradesh,Bhopal,Bhopal,Soybean,1755.26
2026-04-03,Madhya Pradesh,Bhopal,Bhopal,Soybean,1682.98
2026-04-04,Madhya Pradesh,Bhopal,Bhopal,Soybean,1487.03
2026-04-05,Madhya Pradesh,Bhopal,Bhopal,Soybean,1442.43
2026-04-06,Madhya Pradesh,Bhopal,Bhopal,Soybean,1496.28
2026-04-07,Madhya Pradesh,Bhopal,Bhopal,Soybean,1257.74
2026-04-08,Madhya Pradesh,Bhopal,Bhopal,Soybean,1745.05
2026-04-09,Madhya Pradesh,Bhopal,Bhopal,Soybean,1673.42
2026-04-10,Madhya Pradesh,Bhopal,Bhopal,Soybean,1779.07
2026-04-11,Madhya Pradesh,Bhopal,Bhopal,Soybean,1419.47
2026-04-12,Madhya Pradesh,Bhopal,Bhopal,Soybean,1661.33
2026-04-13,Madhya Pradesh,Bhopal,Bhopal,Soybean,1717.89
2026-04-14,Madhya Pradesh,Bhopal,Bhopal,Soybean,1361.92
2026-04-15,Madhya Pradesh,Bhopal,Bhopal,Soybean,1645.78
2026-04-16,Madhya Pradesh,Bhopal,Bhopal,Soybean,1622.29
2026-04-17,Madhya Pradesh,Bhopal,Bhopal,Soybean,1459.87
2026-04-18,Madhya Pradesh,Bhopal,Bhopal,Soybean,1649.16
2026-04-19,Madhya Pradesh,Bhopal,Bhopal,Soybean,1615.01
2026-04-20,Madhya Pradesh,Bhopal,Bhopal,Soybean,1420.82
2026-04-21,Madhya Pradesh,Bhopal,Bhopal,Soybean,1619.92
2026-04-22,Madhya Pradesh,Bhopal,Bhopal,Soybean,1376.17
2026-04-23,Madhya Pradesh,Bhopal,Bhopal,Soybean,1448.77
2026-04-24,Madhya Pradesh,Bhopal,Bhopal,Soybean,1647.89
2026-04-25,Madhya Pradesh,Bhopal,Bhopal,Soybean,1592.13
2026-04-26,Madhya Pradesh,Bhopal,Bhopal,Soybean,1444.63
2026-04-27,Madhya Pradesh,Bhopal,Bhopal,Soybean,1561.71
2026-04-28,Madhya Pradesh,Bhopal,Bhopal,Soybean,1547.41
2026-04-29,Madhya Pradesh,Bhopal,Bhopal,Soybean,1644.79
2026-04-30,Madhya Pradesh,Bhopal,Bhopal,Soybean,1597.18
2026-05-01,Madhya Pradesh,Bhopal,Bhopal,Soybean,1693.32
2026-05-02,Madhya Pradesh,Bhopal,Bhopal,Soybean,1532.27
2026-05-03,Madhya Pradesh,Bhopal,Bhopal,Soybean,1730.72
2026-05-04,Madhya Pradesh,Bhopal,Bhopal,Soybean,1386.43
2026-05-05,Madhya Pradesh,Bhopal,Bhopal,Soybean,1702.26
2026-05-06,Madhya Pradesh,Bhopal,Bhopal,Soybean,1546.29
2026-05-07,Madhya Pradesh,Bhopal,Bhopal,Soybean,1447.07
2026-05-08,Madhya Pradesh,Bhopal,Bhopal,Soybean,1769.11
2026-05-09,Madhya Pradesh,Bhopal,Bhopal,Soybean,1585.05
2026-05-10,Madhya Pradesh,Bhopal,Bhopal,Soybean,1592.39
2026-05-11,Madhya Pradesh,Bhopal,Bhopal,Soybean,1584.72
2026-05-12,Madhya Pradesh,Bhopal,Bhopal,Soybean,1507.64
2026-05-13,Madhya Pradesh,Bhopal,Bhopal,Soybean,1467.44
2026-05-14,Madhya Pradesh,Bhopal,Bhopal,Soybean,1697.34
2026-05-15,Madhya Pradesh,Bhopal,Bhopal,Soybean,1601.67
2026-05-16,Madhya Pradesh,Bhopal,Bhopal,Soybean,1633.09
2026-05-17,Madhya Pradesh,Bhopal,Bhopal,Soybean,1265.5
2026-05-18,Madhya Pradesh,Bhopal,Bhopal,Soybean,1492.28
2026-05-19,Madhya Pradesh,Bhopal,Bhopal,Soybean,1394.44
2026-05-20,Madhya Pradesh,Bhopal,Bhopal,Soybean,1692.5
2026-05-21,Madhya Pradesh,Bhopal,Bhopal,Soybean,1642.63
2026-05-22,Madhya Pradesh,Bhopal,Bhopal,Soybean,1612.91
2026-05-23,Madhya Pradesh,Bhopal,Bhopal,Soybean,1595.59
2026-05-24,Madhya Pradesh,Bhopal,Bhopal,Soybean,1372.17
2026-05-25,Madhya Pradesh,Bhopal,Bhopal,Soybean,1595.0
2026-05-26,Madhya Pradesh,Bhopal,Bhopal,Soybean,1645.87
2026-05-27,Madhya Pradesh,Bhopal,Bhopal,Soybean,1542.14
2026-05-28,Madhya Pradesh,Bhopal,Bhopal,Soybean,1730.32
2026-05-29,Madhya Pradesh,Bhopal,Bhopal,Soybean,1506.33
2026-05-30,Madhya Pradesh,Bhopal,Bhopal,Soybean,1440.65
2026-05-31,Madhya Pradesh,Bhopal,Bhopal,Soybean,1462.66
2026-06-01,Madhya Pradesh,Bhopal,Bhopal,Soybean,1458.78
2026-06-02,Madhya Pradesh,Bhopal,Bhopal,Soybean,1388.15
2026-06-03,Madhya Pradesh,Bhopal,Bhopal,Soybean,1538.76
2026-06-04,Madhya Pradesh,Bhopal,Bhopal,Soybean,1571.09
2026-06-05,Madhya Pradesh,Bhopal,Bhopal,Soybean,1441.25
2026-06-06,Madhya Pradesh,Bhopal,Bhopal,Soybean,1561.47
2026-06-07,Madhya Pradesh,Bhopal,Bhopal,Soybean,1527.09
2026-06-08,Madhya Pradesh,Bhopal,Bhopal,Soybean,1414.32
2026-06-09,Madhya Pradesh,Bhopal,Bhopal,Soybean,1522.69
2026-06-10,Madhya Pradesh,Bhopal,Bhopal,Soybean,1338.74
2026-06-11,Madhya Pradesh,Bhopal,Bhopal,Soybean,1567.37
2026-06-12,Madhya Pradesh,Bhopal,Bhopal,Soybean,1403.47
2026-06-13,Madhya Pradesh,Bhopal,Bhopal,Soybean,1370.36
2026-06-14,Madhya Pradesh,Bhopal,Bhopal,Soybean,1357.53
2026-06-15,Madhya Pradesh,Bhopal,Bhopal,Soybean,1287.26
2026-06-16,Madhya Pradesh,Bhopal,Bhopal,Soybean,1335.96
2026-06-17,Madhya Pradesh,Bhopal,Bhopal,Soybean,1421.12
2026-06-18,Madhya Pradesh,Bhopal,Bhopal,Soybean,1583.65
2026-06-19,Madhya Pradesh,Bhopal,Bhopal,Soybean,1472.81
2026-06-20,Madhya Pradesh,Bhopal,Bhopal,Soybean,1302.1
2026-06-21,Madhya Pradesh,Bhopal,Bhopal,Soybean,1511.13
2026-06-22,Madhya Pradesh,Bhopal,Bhopal,Soybean,1278.24
2026-06-23,Madhya Pradesh,Bhopal,Bhopal,Soybean,1362.96
2026-06-24,Madhya Pradesh,Bhopal,Bhopal,Soybean,1465.56
2026-06-25,Madhya Pradesh,Bhopal,Bhopal,Soybean,1494.02
2026-06-26,Madhya Pradesh,Bhopal,Bhopal,Soybean,1597.46
2026-06-27,Madhya Pradesh,Bhopal,Bhopal,Soybean,1490.67
2026-06-28,Madhya Pradesh,Bhopal,Bhopal,Soybean,1294.88
2026-06-29,Madhya Pradesh,Bhopal,Bhopal,Soybean,1540.71
2026-06-30,Madhya Pradesh,Bhopal,Bhopal,Soybean,1365.68
2026-07-01,Madhya Pradesh,Bhopal,Bhopal,Soybean,1384.56
2026-07-02,Madhya Pradesh,Bhopal,Bhopal,Soybean,1548.22
2026-07-03,Madhya Pradesh,Bhopal,Bhopal,Soybean,1485.99
2026-07-04,Madhya Pradesh,Bhopal,Bhopal,Soybean,1459.23
2026-07-05,Madhya Pradesh,Bhopal,Bhopal,Soybean,1592.73
2026-07-06,Madhya Pradesh,Bhopal,Bhopal,Soybean,1290.27
2026-07-07,Madhya Pradesh,Bhopal,Bhopal,Soybean,1296.41
2026-07-08,Madhya Pradesh,Bhopal,Bhopal,Soybean,1387.89
2026-07-09,Madhya Pradesh,Bhopal,Bhopal,Soybean,1534.2
2026-07-10,Madhya Pradesh,Bhopal,Bhopal,Soybean,1285.53
2026-07-11,Madhya Pradesh,Bhopal,Bhopal,Soybean,1204.59
2026-07-12,Madhya Pradesh,Bhopal,Bhopal,Soybean,1279.52
2026-07-13,Madhya Pradesh,Bhopal,Bhopal,Soybean,1146.4
2026-07-14,Madhya Pradesh,Bhopal,Bhopal,Soybean,1265.77
2026-07-15,Madhya Pradesh,Bhopal,Bhopal,Soybean,1402.15
2026-07-16,Madhya Pradesh,Bhopal,Bhopal,Soybean,1316.65
2026-07-17,Madhya Pradesh,Bhopal,Bhopal,Soybean,1272.76
2026-07-18,Madhya Pradesh,Bhopal,Bhopal,Soybean,1381.01
2026-07-19,Madhya Pradesh,Bhopal,Bhopal,Soybean,1392.23
2026-07-20,Madhya Pradesh,Bhopal,Bhopal,Soybean,1122.6
2026-07-21,Madhya Pradesh,Bhopal,Bhopal,Soybean,1357.42
2026-07-22,Madhya Pradesh,Bhopal,Bhopal,Soybean,1409.16
2026-07-23,Madhya Pradesh,Bhopal,Bhopal,Soybean,1474.16
2026-07-24,Madhya Pradesh,Bhopal,Bhopal,Soybean,1510.25
2026-07-25,Madhya Pradesh,Bhopal,Bhopal,Soybean,1561.12
2026-07-26,Madhya Pradesh,Bhopal,Bhopal,Soybean,1260.08
2026-07-27,Madhya Pradesh,Bhopal,Bhopal,Soybean,1263.38
2026-07-28,Madhya Pradesh,Bhopal,Bhopal,Soybean,1226.85
2026-07-29,Madhya Pradesh,Bhopal,Bhopal,Soybean,1312.39
2026-07-30,Madhya Pradesh,Bhopal,Bhopal,Soybean,1506.52
2026-07-31,Madhya Pradesh,Bhopal,Bhopal,Soybean,1241.2
2026-08-01,Madhya Pradesh,Bhopal,Bhopal,Soybean,1251.71
2026-08-02,Madhya Pradesh,Bhopal,Bhopal,Soybean,1395.4
2026-08-03,Madhya Pradesh,Bhopal,Bhopal,Soybean,1323.07
2026-08-04,Madhya Pradesh,Bhopal,Bhopal,Soybean,1213.18
2026-08-05,Madhya Pradesh,Bhopal,Bhopal,Soybean,1370.09
2026-08-06,Madhya Pradesh,Bhopal,Bhopal,Soybean,1372.57
2026-08-07,Madhya Pradesh,Bhopal,Bhopal,Soybean,1492.06
2026-08-08,Madhya Pradesh,Bhopal,Bhopal,Soybean,1319.63
2026-08-09,Madhya Pradesh,Bhopal,Bhopal,Soybean,1344.6
2026-08-10,Madhya Pradesh,Bhopal,Bhopal,Soybean,1442.61
2026-08-11,Madhya Pradesh,Bhopal,Bhopal,Soybean,1278.81
2026-08-12,Madhya Pradesh,Bhopal,Bhopal,Soybean,1279.32
2026-08-13,Madhya Pradesh,Bhopal,Bhopal,Soybean,1389.13
2026-08-14,Madhya Pradesh,Bhopal,Bhopal,Soybean,1298.0
2026-08-15,Madhya Pradesh,Bhopal,Bhopal,Soybean,1511.85
2026-08-16,Madhya Pradesh,Bhopal,Bhopal,Soybean,1253.69
2026-08-17,Madhya Pradesh,Bhopal,Bhopal,Soybean,1178.76
2026-08-18,Madhya Pradesh,Bhopal,Bhopal,Soybean,1140.92
2026-08-19,Madhya Pradesh,Bhopal,Bhopal,Soybean,1355.65
2026-08-20,Madhya Pradesh,Bhopal,Bhopal,Soybean,1385.25
2026-08-21,Madhya Pradesh,Bhopal,Bhopal,Soybean,1270.13
2026-08-22,Madhya Pradesh,Bhopal,Bhopal,Soybean,1331.58
2026-08-23,Madhya Pradesh,Bhopal,Bhopal,Soybean,1094.44
2026-08-24,Madhya Pradesh,Bhopal,Bhopal,Soybean,1203.37
2026-08-25,Madhya Pradesh,Bhopal,Bhopal,Soybean,1236.22
2026-08-26,Madhya Pradesh,Bhopal,Bhopal,Soybean,1393.97
2026-08-27,Madhya Pradesh,Bhopal,Bhopal,Soybean,1222.28
2026-08-28,Madhya Pradesh,Bhopal,Bhopal,Soybean,1185.66
2026-08-29,Madhya Pradesh,Bhopal,Bhopal,Soybean,1187.47
2026-08-30,Madhya Pradesh,Bhopal,Bhopal,Soybean,1098.14
2026-08-31,Madhya Pradesh,Bhopal,Bhopal,Soybean,1286.57
2025-01-01,Maharashtra,Pune,Pune,Tomato,1784.53
2025-01-02,Maharashtra,Pune,Pune,Tomato,1715.45
2025-01-03,Maharashtra,Pune,Pune,Tomato,1843.58
2025-01-04,Maharashtra,Pune,Pune,Tomato,1674.97
2025-01-05,Maharashtra,Pune,Pune,Tomato,1582.95
2025-01-06,Maharashtra,Pune,Pune,Tomato,1517.75
2025-01-07,Maharashtra,Pune,Pune,Tomato,1540.08
2025-01-08,Maharashtra,Pune,Pune,Tomato,1465.03
2025-01-09,Maharashtra,Pune,Pune,Tomato,1743.84
2025-01-10,Maharashtra,Pune,Pune,Tomato,1728.11
2025-01-11,Maharashtra,Pune,Pune,Tomato,1781.44
2025-01-12,Maharashtra,Pune,Pune,Tomato,1636.42
2025-01-13,Maharashtra,Pune,Pune,Tomato,1567.21
2025-01-14,Maharashtra,Pune,Pune,Tomato,1507.91
2025-01-15,Maharashtra,Pune,Pune,Tomato,1684.27
2025-01-16,Maharashtra,Pune,Pune,Tomato,1836.37
2025-01-17,Maharashtra,Pune,Pune,Tomato,1625.77
2025-01-18,Maharashtra,Pune,Pune,Tomato,1736.89
2025-01-19,Maharashtra,Pune,Pune,Tomato,1684.53
2025-01-20,Maharashtra,Pune,Pune,Tomato,1534.77
2025-01-21,Maharashtra,Pune,Pune,Tomato,1569.41
2025-01-22,Maharashtra,Pune,Pune,Tomato,1735.44
2025-01-23,Maharashtra,Pune,Pune,Tomato,1638.14
2025-01-24,Maharashtra,Pune,Pune,Tomato,1844.64
2025-01-25,Maharashtra,Pune,Pune,Tomato,1648.42
2025-01-26,Maharashtra,Pune,Pune,Tomato,1813.89
2025-01-27,Maharashtra,Pune,Pune,Tomato,1915.11
2025-01-28,Maharashtra,Pune,Pune,Tomato,1566.26
2025-01-29,Maharashtra,Pune,Pune,Tomato,1803.84
2025-01-30,Maharashtra,Pune,Pune,Tomato,1719.13
2025-01-31,Maharashtra,Pune,Pune,Tomato,1966.12
2025-02-01,Maharashtra,Pune,Pune,Tomato,1631.14
2025-02-02,Maharashtra,Pune,Pune,Tomato,1775.55
2025-02-03,Maharashtra,Pune,Pune,Tomato,1571.92
2025-02-04,Maharashtra,Pune,Pune,Tomato,1670.63
2025-02-05,Maharashtra,Pune,Pune,Tomato,1640.64
2025-02-06,Maharashtra,Pune,Pune,Tomato,1947.61
2025-02-07,Maharashtra,Pune,Pune,Tomato,1753.78
2025-02-08,Maharashtra,Pune,Pune,Tomato,1889.22
2025-02-09,Maharashtra,Pune,Pune,Tomato,1703.5
2025-02-10,Maharashtra,Pune,Pune,Tomato,1687.35
2025-02-11,Maharashtra,Pune,Pune,Tomato,1739.75
2025-02-12,Maharashtra,Pune,Pune,Tomato,1700.03
2025-02-13,Maharashtra,Pune,Pune,Tomato,1897.44
2025-02-14,Maharashtra,Pune,Pune,Tomato,2093.76
2025-02-15,Maharashtra,Pune,Pune,Tomato,1745.58
2025-02-16,Maharashtra,Pune,Pune,Tomato,1916.57
2025-02-17,Maharashtra,Pune,Pune,Tomato,1906.65
2025-02-18,Maharashtra,Pune,Pune,Tomato,1646.8
2025-02-19,Maharashtra,Pune,Pune,Tomato,1635.61
2025-02-20,Maharashtra,Pune,Pune,Tomato,1935.91
2025-02-21,Maharashtra,Pune,Pune,Tomato,1843.52
2025-02-22,Maharashtra,Pune,Pune,Tomato,2115.62
2025-02-23,Maharashtra,Pune,Pune,Tomato,1799.0
2025-02-24,Maharashtra,Pune,Pune,Tomato,1649.88
2025-02-25,Maharashtra,Pune,Pune,Tomato,1626.76
2025-02-26,Maharashtra,Pune,Pune,Tomato,1984.5
2025-02-27,Maharashtra,Pune,Pune,Tomato,1842.32
2025-02-28,Maharashtra,Pune,Pune,Tomato,1945.94
2025-03-01,Maharashtra,Pune,Pune,Tomato,2019.56
2025-03-02,Maharashtra,Pune,Pune,Tomato,1753.77
2025-03-03,Maharashtra,Pune,Pune,Tomato,1762.07
2025-03-04,Maharashtra,Pune,Pune,Tomato,1786.23
2025-03-05,Maharashtra,Pune,Pune,Tomato,1952.86
2025-03-06,Maharashtra,Pune,Pune,Tomato,2019.45
2025-03-07,Maharashtra,Pune,Pune,Tomato,1929.73
2025-03-08,Maharashtra,Pune,Pune,Tomato,1920.41
2025-03-09,Maharashtra,Pune,Pune,Tomato,1785.34
2025-03-10,Maharashtra,Pune,Pune,Tomato,1599.99
2025-03-11,Maharashtra,Pune,Pune,Tomato,1837.41
2025-03-12,Maharashtra,Pune,Pune,Tomato,2129.57
2025-03-13,Maharashtra,Pune,Pune,Tomato,1835.21
2025-03-14,Maharashtra,Pune,Pune,Tomato,1869.6
2025-03-15,Maharashtra,Pune,Pune,Tomato,1810.12
2025-03-16,Maharashtra,Pune,Pune,Tomato,1941.35
2025-03-17,Maharashtra,Pune,Pune,Tomato,1854.77
2025-03-18,Maharashtra,Pune,Pune,Tomato,1798.11
2025-03-19,Maharashtra,Pune,Pune,Tomato,1772.26
2025-03-20,Maharashtra,Pune,Pune,Tomato,1982.46
2025-03-21,Maharashtra,Pune,Pune,Tomato,1771.76
2025-03-22,Maharashtra,Pune,Pune,Tomato,1959.37
2025-03-23,Maharashtra,Pune,Pune,Tomato,1972.32
2025-03-24,Maharashtra,Pune,Pune,Tomato,1650.38
2025-03-25,Maharashtra,Pune,Pune,Tomato,1632.26
2025-03-26,Maharashtra,Pune,Pune,Tomato,2114.51
2025-03-27,Maharashtra,Pune,Pune,Tomato,1894.85
2025-03-28,Maharashtra,Pune,Pune,Tomato,2158.1
2025-03-29,Maharashtra,Pune,Pune,Tomato,1927.58
2025-03-30,Maharashtra,Pune,Pune,Tomato,1845.58
2025-03-31,Maharashtra,Pune,Pune,Tomato,1871.66
2025-04-01,Maharashtra,Pune,Pune,Tomato,1721.55
2025-04-02,Maharashtra,Pune,Pune,Tomato,1928.19
2025-04-03,Maharashtra,Pune,Pune,Tomato,1932.78
2025-04-04,Maharashtra,Pune,Pune,Tomato,1819.52
2025-04-05,Maharashtra,Pune,Pune,Tomato,1999.77
2025-04-06,Maharashtra,Pune,Pune,Tomato,1836.57
2025-04-07,Maharashtra,Pune,Pune,Tomato,1799.63
2025-04-08,Maharashtra,Pune,Pune,Tomato,1682.62
2025-04-09,Maharashtra,Pune,Pune,Tomato,2126.46
2025-04-10,Maharashtra,Pune,Pune,Tomato,2110.25
2025-04-11,Maharashtra,Pune,Pune,Tomato,2142.18
2025-04-12,Maharashtra,Pune,Pune,Tomato,1913.15
2025-04-13,Maharashtra,Pune,Pune,Tomato,1645.25
2025-04-14,Maharashtra,Pune,Pune,Tomato,2068.67
2025-04-15,Maharashtra,Pune,Pune,Tomato,1830.25
2025-04-16,Maharashtra,Pune,Pune,Tomato,1812.31
2025-04-17,Maharashtra,Pune,Pune,Tomato,2044.88
2025-04-18,Maharashtra,Pune,Pune,Tomato,2168.67
2025-04-19,Maharashtra,Pune,Pune,Tomato,1949.45
2025-04-20,Maharashtra,Pune,Pune,Tomato,2036.36
2025-04-21,Maharashtra,Pune,Pune,Tomato,1954.46
2025-04-22,Maharashtra,Pune,Pune,Tomato,1696.22
2025-04-23,Maharashtra,Pune,Pune,Tomato,1818.24
2025-04-24,Maharashtra,Pune,Pune,Tomato,2114.74
2025-04-25,Maharashtra,Pune,Pune,Tomato,1619.66
2025-04-26,Maharashtra,Pune,Pune,Tomato,1926.29
2025-04-27,Maharashtra,Pune,Pune,Tomato,1676.31
2025-04-28,Maharashtra,Pune,Pune,Tomato,1749.87
2025-04-29,Maharashtra,Pune,Pune,Tomato,1789.2
2025-04-30,Maharashtra,Pune,Pune,Tomato,1852.8
2025-05-01,Maharashtra,Pune,Pune,Tomato,1897.02
2025-05-02,Maharashtra,Pune,Pune,Tomato,1837.28
2025-05-03,Maharashtra,Pune,Pune,Tomato,2248.03
2025-05-04,Maharashtra,Pune,Pune,Tomato,2095.69
2025-05-05,Maharashtra,Pune,Pune,Tomato,1654.12
2025-05-06,Maharashtra,Pune,Pune,Tomato,2018.47
2025-05-07,Maharashtra,Pune,Pune,Tomato,1836.53
2025-05-08,Maharashtra,Pune,Pune,Tomato,1979.05
2025-05-09,Maharashtra,Pune,Pune,Tomato,1968.78
2025-05-10,Maharashtra,Pune,Pune,Tomato,1835.64
2025-05-11,Maharashtra,Pune,Pune,Tomato,1967.58
2025-05-12,Maharashtra,Pune,Pune,Tomato,1803.67
2025-05-13,Maharashtra,Pune,Pune,Tomato,1743.82
2025-05-14,Maharashtra,Pune,Pune,Tomato,1703.93
2025-05-15,Maharashtra,Pune,Pune,Tomato,1824.39
2025-05-16,Maharashtra,Pune,Pune,Tomato,1736.37
2025-05-17,Maharashtra,Pune,Pune,Tomato,1910.37
2025-05-18,Maharashtra,Pune,Pune,Tomato,1672.39
2025-05-19,Maharashtra,Pune,Pune,Tomato,1739.5
2025-05-20,Maharashtra,Pune,Pune,Tomato,1959.47
2025-05-21,Maharashtra,Pune,Pune,Tomato,2014.13
2025-05-22,Maharashtra,Pune,Pune,Tomato,1923.66
2025-05-23,Maharashtra,Pune,Pune,Tomato,1931.25
2025-05-24,Maharashtra,Pune,Pune,Tomato,2138.89
2025-05-25,Maharashtra,Pune,Pune,Tomato,1873.03
2025-05-26,Maharashtra,Pune,Pune,Tomato,1714.21
2025-05-27,Maharashtra,Pune,Pune,Tomato,1592.86
2025-05-28,Maharashtra,Pune,Pune,Tomato,1889.22
2025-05-29,Maharashtra,Pune,Pune,Tomato,2018.02
2025-05-30,Maharashtra,Pune,Pune,Tomato,1836.86
2025-05-31,Maharashtra,Pune,Pune,Tomato,1907.21
2025-06-01,Maharashtra,Pune,Pune,Tomato,1741.21
2025-06-02,Maharashtra,Pune,Pune,Tomato,1711.93
2025-06-03,Maharashtra,Pune,Pune,Tomato,1444.25
2025-06-04,Maharashtra,Pune,Pune,Tomato,1788.49
2025-06-05,Maharashtra,Pune,Pune,Tomato,2012.17
2025-06-06,Maharashtra,Pune,Pune,Tomato,1814.43
2025-06-07,Maharashtra,Pune,Pune,Tomato,1852.73
2025-06-08,Maharashtra,Pune,Pune,Tomato,1670.88
2025-06-09,Maharashtra,Pune,Pune,Tomato,1755.4
2025-06-10,Maharashtra,Pune,Pune,Tomato,1700.09
2025-06-11,Maharashtra,Pune,Pune,Tomato,1675.12
2025-06-12,Maharashtra,Pune,Pune,Tomato,2032.88
2025-06-13,Maharashtra,Pune,Pune,Tomato,1994.79
2025-06-14,Maharashtra,Pune,Pune,Tomato,1743.93
2025-06-15,Maharashtra,Pune,Pune,Tomato,1800.82
2025-06-16,Maharashtra,Pune,Pune,Tomato,1752.14
2025-06-17,Maharashtra,Pune,Pune,Tomato,1778.79
2025-06-18,Maharashtra,Pune,Pune,Tomato,1558.17
2025-06-19,Maharashtra,Pune,Pune,Tomato,1962.27
2025-06-20,Maharashtra,Pune,Pune,Tomato,1772.62
2025-06-21,Maharashtra,Pune,Pune,Tomato,1749.85
2025-06-22,Maharashtra,Pune,Pune,Tomato,2031.58
2025-06-23,Maharashtra,Pune,Pune,Tomato,1699.08
2025-06-24,Maharashtra,Pune,Pune,Tomato,1631.82
2025-06-25,Maharashtra,Pune,Pune,Tomato,1472.76
2025-06-26,Maharashtra,Pune,Pune,Tomato,1981.4
2025-06-27,Maharashtra,Pune,Pune,Tomato,1647.27
2025-06-28,Maharashtra,Pune,Pune,Tomato,1643.53
2025-06-29,Maharashtra,Pune,Pune,Tomato,1649.7
2025-06-30,Maharashtra,Pune,Pune,Tomato,1800.97
2025-07-01,Maharashtra,Pune,Pune,Tomato,1740.83
2025-07-02,Maharashtra,Pune,Pune,Tomato,1695.82
2025-07-03,Maharashtra,Pune,Pune,Tomato,1816.16
2025-07-04,Maharashtra,Pune,Pune,Tomato,1715.02
2025-07-05,Maharashtra,Pune,Pune,Tomato,1757.15
2025-07-06,Maharashtra,Pune,Pune,Tomato,1670.99
2025-07-07,Maharashtra,Pune,Pune,Tomato,1722.19
2025-07-08,Maharashtra,Pune,Pune,Tomato,1735.53
2025-07-09,Maharashtra,Pune,Pune,Tomato,1746.11
2025-07-10,Maharashtra,Pune,Pune,Tomato,1705.35
2025-07-11,Maharashtra,Pune,Pune,Tomato,1853.46
2025-07-12,Maharashtra,Pune,Pune,Tomato,1701.57
2025-07-13,Maharashtra,Pune,Pune,Tomato,1512.22
2025-07-14,Maharashtra,Pune,Pune,Tomato,1542.45
2025-07-15,Maharashtra,Pune,Pune,Tomato,1609.18
2025-07-16,Maharashtra,Pune,Pune,Tomato,1766.84
2025-07-17,Maharashtra,Pune,Pune,Tomato,1699.9
2025-07-18,Maharashtra,Pune,Pune,Tomato,1587.31
2025-07-19,Maharashtra,Pune,Pune,Tomato,1692.23
2025-07-20,Maharashtra,Pune,Pune,Tomato,1623.11
2025-07-21,Maharashtra,Pune,Pune,Tomato,1582.59
2025-07-22,Maharashtra,Pune,Pune,Tomato,1675.98
2025-07-23,Maharashtra,Pune,Pune,Tomato,1751.61
2025-07-24,Maharashtra,Pune,Pune,Tomato,1624.63
2025-07-25,Maharashtra,Pune,Pune,Tomato,1633.48
2025-07-26,Maharashtra,Pune,Pune,Tomato,1538.58
2025-07-27,Maharashtra,Pune,Pune,Tomato,1663.02
2025-07-28,Maharashtra,Pune,Pune,Tomato,1694.28
2025-07-29,Maharashtra,Pune,Pune,Tomato,1516.33
2025-07-30,Maharashtra,Pune,Pune,Tomato,1582.93
2025-07-31,Maharashtra,Pune,Pune,Tomato,1840.94
2025-08-01,Maharashtra,Pune,Pune,Tomato,1740.97
2025-08-02,Maharashtra,Pune,Pune,Tomato,1684.58
2025-08-03,Maharashtra,Pune,Pune,Tomato,1431.77
2025-08-04,Maharashtra,Pune,Pune,Tomato,1587.68
2025-08-05,Maharashtra,Pune,Pune,Tomato,1428.55
2025-08-06,Maharashtra,Pune,Pune,Tomato,1460.91
2025-08-07,Maharashtra,Pune,Pune,Tomato,1605.67
2025-08-08,Maharashtra,Pune,Pune,Tomato,1589.65
2025-08-09,Maharashtra,Pune,Pune,Tomato,1586.71
2025-08-10,Maharashtra,Pune,Pune,Tomato,1384.93
2025-08-11,Maharashtra,Pune,Pune,Tomato,1595.18
2025-08-12,Maharashtra,Pune,Pune,Tomato,1626.16
2025-08-13,Maharashtra,Pune,Pune,Tomato,1352.19
2025-08-14,Maharashtra,Pune,Pune,Tomato,1735.05
2025-08-15,Maharashtra,Pune,Pune,Tomato,1543.16
2025-08-16,Maharashtra,Pune,Pune,Tomato,1686.41
2025-08-17,Maharashtra,Pune,Pune,Tomato,1513.47
2025-08-18,Maharashtra,Pune,Pune,Tomato,1479.16
2025-08-19,Maharashtra,Pune,Pune,Tomato,1469.38
2025-08-20,Maharashtra,Pune,Pune,Tomato,1677.93
2025-08-21,Maharashtra,Pune,Pune,Tomato,1465.34
2025-08-22,Maharashtra,Pune,Pune,Tomato,1685.73
2025-08-23,Maharashtra,Pune,Pune,Tomato,1694.05
2025-08-24,Maharashtra,Pune,Pune,Tomato,1579.14
2025-08-25,Maharashtra,Pune,Pune,Tomato,1697.59
2025-08-26,Maharashtra,Pune,Pune,Tomato,1418.19
2025-08-27,Maharashtra,Pune,Pune,Tomato,1633.05
2025-08-28,Maharashtra,Pune,Pune,Tomato,1576.37
2025-08-29,Maharashtra,Pune,Pune,Tomato,1739.02
2025-08-30,Maharashtra,Pune,Pune,Tomato,1556.69
2025-08-31,Maharashtra,Pune,Pune,Tomato,1449.1
2025-09-01,Maharashtra,Pune,Pune,Tomato,1578.88
2025-09-02,Maharashtra,Pune,Pune,Tomato,1409.39
2025-09-03,Maharashtra,Pune,Pune,Tomato,1367.26
2025-09-04,Maharashtra,Pune,Pune,Tomato,1517.96
2025-09-05,Maharashtra,Pune,Pune,Tomato,1656.75
2025-09-06,Maharashtra,Pune,Pune,Tomato,1696.06
2025-09-07,Maharashtra,Pune,Pune,Tomato,1489.95
2025-09-08,Maharashtra,Pune,Pune,Tomato,1568.82
2025-09-09,Maharashtra,Pune,Pune,Tomato,1311.82
2025-09-10,Maharashtra,Pune,Pune,Tomato,1460.63
2025-09-11,Maharashtra,Pune,Pune,Tomato,1533.54
2025-09-12,Maharashtra,Pune,Pune,Tomato,1565.93
2025-09-13,Maharashtra,Pune,Pune,Tomato,1545.9
2025-09-14,Maharashtra,Pune,Pune,Tomato,1541.82
2025-09-15,Maharashtra,Pune,Pune,Tomato,1384.72
2025-09-16,Maharashtra,Pune,Pune,Tomato,1457.03
2025-09-17,Maharashtra,Pune,Pune,Tomato,1496.26
2025-09-18,Maharashtra,Pune,Pune,Tomato,1457.99
2025-09-19,Maharashtra,Pune,Pune,Tomato,1560.43
2025-09-20,Maharashtra,Pune,Pune,Tomato,1516.49
2025-09-21,Maharashtra,Pune,Pune,Tomato,1449.51
2025-09-22,Maharashtra,Pune,Pune,Tomato,1428.77
2025-09-23,Maharashtra,Pune,Pune,Tomato,1447.47
2025-09-24,Maharashtra,Pune,Pune,Tomato,1452.91
2025-09-25,Maharashtra,Pune,Pune,Tomato,1695.42
2025-09-26,Maharashtra,Pune,Pune,Tomato,1442.56
2025-09-27,Maharashtra,Pune,Pune,Tomato,1453.48
2025-09-28,Maharashtra,Pune,Pune,Tomato,1751.12
2025-09-29,Maharashtra,Pune,Pune,Tomato,1321.97
2025-09-30,Maharashtra,Pune,Pune,Tomato,1303.82
2025-10-01,Maharashtra,Pune,Pune,Tomato,1576.37
2025-10-02,Maharashtra,Pune,Pune,Tomato,1331.78
2025-10-03,Maharashtra,Pune,Pune,Tomato,1547.5
2025-10-04,Maharashtra,Pune,Pune,Tomato,1763.79
2025-10-05,Maharashtra,Pune,Pune,Tomato,1310.15
2025-10-06,Maharashtra,Pune,Pune,Tomato,1230.86
2025-10-07,Maharashtra,Pune,Pune,Tomato,1292.87
2025-10-08,Maharashtra,Pune,Pune,Tomato,1598.73
2025-10-09,Maharashtra,Pune,Pune,Tomato,1687.13
2025-10-10,Maharashtra,Pune,Pune,Tomato,1522.99
2025-10-11,Maharashtra,Pune,Pune,Tomato,1613.77
2025-10-12,Maharashtra,Pune,Pune,Tomato,1619.56
2025-10-13,Maharashtra,Pune,Pune,Tomato,1616.08
2025-10-14,Maharashtra,Pune,Pune,Tomato,1427.25
2025-10-15,Maharashtra,Pune,Pune,Tomato,1269.12
2025-10-16,Maharashtra,Pune,Pune,Tomato,1483.18
2025-10-17,Maharashtra,Pune,Pune,Tomato,1542.43
2025-10-18,Maharashtra,Pune,Pune,Tomato,1522.56
2025-10-19,Maharashtra,Pune,Pune,Tomato,1467.01
2025-10-20,Maharashtra,Pune,Pune,Tomato,1560.58
2025-10-21,Maharashtra,Pune,Pune,Tomato,1594.36
2025-10-22,Maharashtra,Pune,Pune,Tomato,1507.01
2025-10-23,Maharashtra,Pune,Pune,Tomato,1709.18
2025-10-24,Maharashtra,Pune,Pune,Tomato,1644.31
2025-10-25,Maharashtra,Pune,Pune,Tomato,1572.12
2025-10-26,Maharashtra,Pune,Pune,Tomato,1596.1
2025-10-27,Maharashtra,Pune,Pune,Tomato,1469.01
2025-10-28,Maharashtra,Pune,Pune,Tomato,1691.83
2025-10-29,Maharashtra,Pune,Pune,Tomato,1386.29
2025-10-30,Maharashtra,Pune,Pune,Tomato,1546.61
2025-10-31,Maharashtra,Pune,Pune,Tomato,1607.81
2025-11-01,Maharashtra,Pune,Pune,Tomato,1631.84
2025-11-02,Maharashtra,Pune,Pune,Tomato,1653.45
2025-11-03,Maharashtra,Pune,Pune,Tomato,1476.88
2025-11-04,Maharashtra,Pune,Pune,Tomato,1348.2
2025-11-05,Maharashtra,Pune,Pune,Tomato,1653.26
2025-11-06,Maharashtra,Pune,Pune,Tomato,1711.33
2025-11-07,Maharashtra,Pune,Pune,Tomato,1420.39
2025-11-08,Maharashtra,Pune,Pune,Tomato,1604.3
2025-11-09,Maharashtra,Pune,Pune,Tomato,1368.4
2025-11-10,Maharashtra,Pune,Pune,Tomato,1430.6
2025-11-11,Maharashtra,Pune,Pune,Tomato,1422.92
2025-11-12,Maharashtra,Pune,Pune,Tomato,1673.92
2025-11-13,Maharashtra,Pune,Pune,Tomato,1663.28
2025-11-14,Maharashtra,Pune,Pune,Tomato,1518.71
2025-11-15,Maharashtra,Pune,Pune,Tomato,1729.97
2025-11-16,Maharashtra,Pune,Pune,Tomato,1407.05
2025-11-17,Maharashtra,Pune,Pune,Tomato,1559.59
2025-11-18,Maharashtra,Pune,Pune,Tomato,1455.57
2025-11-19,Maharashtra,Pune,Pune,Tomato,1569.0
2025-11-20,Maharashtra,Pune,Pune,Tomato,1736.47
2025-11-21,Maharashtra,Pune,Pune,Tomato,1758.99
2025-11-22,Maharashtra,Pune,Pune,Tomato,1812.53
2025-11-23,Maharashtra,Pune,Pune,Tomato,1581.89
2025-11-24,Maharashtra,Pune,Pune,Tomato,1584.29
2025-11-25,Maharashtra,Pune,Pune,Tomato,1522.68
2025-11-26,Maharashtra,Pune,Pune,Tomato,1659.86
2025-11-27,Maharashtra,Pune,Pune,Tomato,1760.06
2025-11-28,Maharashtra,Pune,Pune,Tomato,1716.08
2025-11-29,Maharashtra,Pune,Pune,Tomato,1474.78
2025-11-30,Maharashtra,Pune,Pune,Tomato,1658.17
2025-12-01,Maharashtra,Pune,Pune,Tomato,1620.36
2025-12-02,Maharashtra,Pune,Pune,Tomato,1524.24
2025-12-03,Maharashtra,Pune,Pune,Tomato,1519.97
2025-12-04,Maharashtra,Pune,Pune,Tomato,1920.0
2025-12-05,Maharashtra,Pune,Pune,Tomato,1821.87
2025-12-06,Maharashtra,Pune,Pune,Tomato,1693.05
2025-12-07,Maharashtra,Pune,Pune,Tomato,1520.71
2025-12-08,Maharashtra,Pune,Pune,Tomato,1518.38
2025-12-09,Maharashtra,Pune,Pune,Tomato,1780.85
2025-12-10,Maharashtra,Pune,Pune,Tomato,1719.69
2025-12-11,Maharashtra,Pune,Pune,Tomato,1706.51
2025-12-12,Maharashtra,Pune,Pune,Tomato,1860.66
2025-12-13,Maharashtra,Pune,Pune,Tomato,1655.2
2025-12-14,Maharashtra,Pune,Pune,Tomato,1862.66
2025-12-15,Maharashtra,Pune,Pune,Tomato,1799.37
2025-12-16,Maharashtra,Pune,Pune,Tomato,1610.83
2025-12-17,Maharashtra,Pune,Pune,Tomato,1661.52
2025-12-18,Maharashtra,Pune,Pune,Tomato,1479.27
2025-12-19,Maharashtra,Pune,Pune,Tomato,1643.23
2025-12-20,Maharashtra,Pune,Pune,Tomato,1623.34
2025-12-21,Maharashtra,Pune,Pune,Tomato,1736.52
2025-12-22,Maharashtra,Pune,Pune,Tomato,1639.26
2025-12-23,Maharashtra,Pune,Pune,Tomato,1539.5
2025-12-24,Maharashtra,Pune,Pune,Tomato,1738.96
2025-12-25,Maharashtra,Pune,Pune,Tomato,1914.0
2025-12-26,Maharashtra,Pune,Pune,Tomato,1940.39
2025-12-27,Maharashtra,Pune,Pune,Tomato,1585.18
2025-12-28,Maharashtra,Pune,Pune,Tomato,1740.01
2025-12-29,Maharashtra,Pune,Pune,Tomato,1546.4
2025-12-30,Maharashtra,Pune,Pune,Tomato,1844.1
2025-12-31,Maharashtra,Pune,Pune,Tomato,1909.8
2026-01-01,Maharashtra,Pune,Pune,Tomato,1768.06
2026-01-02,Maharashtra,Pune,Pune,Tomato,1807.29
2026-01-03,Maharashtra,Pune,Pune,Tomato,1805.56
2026-01-04,Maharashtra,Pune,Pune,Tomato,1509.16
2026-01-05,Maharashtra,Pune,Pune,Tomato,1788.25
2026-01-06,Maharashtra,Pune,Pune,Tomato,1736.14
2026-01-07,Maharashtra,Pune,Pune,Tomato,1972.64
2026-01-08,Maharashtra,Pune,Pune,Tomato,1776.85
2026-01-09,Maharashtra,Pune,Pune,Tomato,1863.79
2026-01-10,Maharashtra,Pune,Pune,Tomato,1702.59
2026-01-11,Maharashtra,Pune,Pune,Tomato,1699.1
2026-01-12,Maharashtra,Pune,Pune,Tomato,1634.56
2026-01-13,Maharashtra,Pune,Pune,Tomato,1930.92
2026-01-14,Maharashtra,Pune,Pune,Tomato,1791.62
2026-01-15,Maharashtra,Pune,Pune,Tomato,1979.75
2026-01-16,Maharashtra,Pune,Pune,Tomato,1933.38
2026-01-17,Maharashtra,Pune,Pune,Tomato,1767.91
2026-01-18,Maharashtra,Pune,Pune,Tomato,1840.98
2026-01-19,Maharashtra,Pune,Pune,Tomato,1892.43
2026-01-20,Maharashtra,Pune,Pune,Tomato,1684.04
2026-01-21,Maharashtra,Pune,Pune,Tomato,2028.16
2026-01-22,Maharashtra,Pune,Pune,Tomato,1880.75
2026-01-23,Maharashtra,Pune,Pune,Tomato,1955.1
2026-01-24,Maharashtra,Pune,Pune,Tomato,2049.81
2026-01-25,Maharashtra,Pune,Pune,Tomato,1809.18
2026-01-26,Maharashtra,Pune,Pune,Tomato,1854.36
2026-01-27,Maharashtra,Pune,Pune,Tomato,1831.69
2026-01-28,Maharashtra,Pune,Pune,Tomato,1971.69
2026-01-29,Maharashtra,Pune,Pune,Tomato,1696.18
2026-01-30,Maharashtra,Pune,Pune,Tomato,1795.54
2026-01-31,Maharashtra,Pune,Pune,Tomato,2097.73
2026-02-01,Maharashtra,Pune,Pune,Tomato,2070.35
2026-02-02,Maharashtra,Pune,Pune,Tomato,1761.37
2026-02-03,Maharashtra,Pune,Pune,Tomato,1872.27
2026-02-04,Maharashtra,Pune,Pune,Tomato,2027.87
2026-02-05,Maharashtra,Pune,Pune,Tomato,2169.68
2026-02-06,Maharashtra,Pune,Pune,Tomato,1796.1
2026-02-07,Maharashtra,Pune,Pune,Tomato,1917.0
2026-02-08,Maharashtra,Pune,Pune,Tomato,1915.61
2026-02-09,Maharashtra,Pune,Pune,Tomato,2005.25
2026-02-10,Maharashtra,Pune,Pune,Tomato,2273.08
2026-02-11,Maharashtra,Pune,Pune,Tomato,1985.48
2026-02-12,Maharashtra,Pune,Pune,Tomato,1894.01
2026-02-13,Maharashtra,Pune,Pune,Tomato,2184.64
2026-02-14,Maharashtra,Pune,Pune,Tomato,2265.99
2026-02-15,Maharashtra,Pune,Pune,Tomato,2005.11
2026-02-16,Maharashtra,Pune,Pune,Tomato,1815.78
2026-02-17,Maharashtra,Pune,Pune,Tomato,2093.88
2026-02-18,Maharashtra,Pune,Pune,Tomato,2141.03
2026-02-19,Maharashtra,Pune,Pune,Tomato,1976.97
2026-02-20,Maharashtra,Pune,Pune,Tomato,2211.19
2026-02-21,Maharashtra,Pune,Pune,Tomato,2248.65
2026-02-22,Maharashtra,Pune,Pune,Tomato,2183.02
2026-02-23,Maharashtra,Pune,Pune,Tomato,1954.73
2026-02-24,Maharashtra,Pune,Pune,Tomato,1937.36
2026-02-25,Maharashtra,Pune,Pune,Tomato,2249.42
2026-02-26,Maharashtra,Pune,Pune,Tomato,1973.33
2026-02-27,Maharashtra,Pune,Pune,Tomato,2246.39
2026-02-28,Maharashtra,Pune,Pune,Tomato,1922.64
2026-03-01,Maharashtra,Pune,Pune,Tomato,2191.48
2026-03-02,Maharashtra,Pune,Pune,Tomato,1950.09
2026-03-03,Maharashtra,Pune,Pune,Tomato,2187.45
2026-03-04,Maharashtra,Pune,Pune,Tomato,2165.78
2026-03-05,Maharashtra,Pune,Pune,Tomato,1992.08
2026-03-06,Maharashtra,Pune,Pune,Tomato,2421.42
2026-03-07,Maharashtra,Pune,Pune,Tomato,2381.1
2026-03-08,Maharashtra,Pune,Pune,Tomato,2186.47
2026-03-09,Maharashtra,Pune,Pune,Tomato,1897.96
2026-03-10,Maharashtra,Pune,Pune,Tomato,1984.2
2026-03-11,Maharashtra,Pune,Pune,Tomato,2134.09
2026-03-12,Maharashtra,Pune,Pune,Tomato,2089.4
2026-03-13,Maharashtra,Pune,Pune,Tomato,2483.56
2026-03-14,Maharashtra,Pune,Pune,Tomato,2187.4
2026-03-15,Maharashtra,Pune,Pune,Tomato,1682.89
2026-03-16,Maharashtra,Pune,Pune,Tomato,2068.25
2026-03-17,Maharashtra,Pune,Pune,Tomato,1992.91
2026-03-18,Maharashtra,Pune,Pune,Tomato,2116.57
2026-03-19,Maharashtra,Pune,Pune,Tomato,2155.73
2026-03-20,Maharashtra,Pune,Pune,Tomato,2361.52
2026-03-21,Maharashtra,Pune,Pune,Tomato,2350.13
2026-03-22,Maharashtra,Pune,Pune,Tomato,2129.72
2026-03-23,Maharashtra,Pune,Pune,Tomato,1983.79
2026-03-24,Maharashtra,Pune,Pune,Tomato,2048.13
2026-03-25,Maharashtra,Pune,Pune,Tomato,2141.94
2026-03-26,Maharashtra,Pune,Pune,Tomato,2099.04
2026-03-27,Maharashtra,Pune,Pune,Tomato,2336.9
2026-03-28,Maharashtra,Pune,Pune,Tomato,2259.6
2026-03-29,Maharashtra,Pune,Pune,Tomato,2323.29
2026-03-30,Maharashtra,Pune,Pune,Tomato,2219.35
2026-03-31,Maharashtra,Pune,Pune,Tomato,1962.67
2026-04-01,Maharashtra,Pune,Pune,Tomato,2269.53
2026-04-02,Maharashtra,Pune,Pune,Tomato,2082.42
2026-04-03,Maharashtra,Pune,Pune,Tomato,2362.03
2026-04-04,Maharashtra,Pune,Pune,Tomato,2115.4
2026-04-05,Maharashtra,Pune,Pune,Tomato,1951.45
2026-04-06,Maharashtra,Pune,Pune,Tomato,2084.32
2026-04-07,Maharashtra,Pune,Pune,Tomato,1678.62
2026-04-08,Maharashtra,Pune,Pune,Tomato,1886.05
2026-04-09,Maharashtra,Pune,Pune,Tomato,2205.92
2026-04-10,Maharashtra,Pune,Pune,Tomato,2267.49
2026-04-11,Maharashtra,Pune,Pune,Tomato,2139.51
2026-04-12,Maharashtra,Pune,Pune,Tomato,1870.4
2026-04-13,Maharashtra,Pune,Pune,Tomato,1927.5
2026-04-14,Maharashtra,Pune,Pune,Tomato,2121.59
2026-04-15,Maharashtra,Pune,Pune,Tomato,2236.18
2026-04-16,Maharashtra,Pune,Pune,Tomato,2229.67
2026-04-17,Maharashtra,Pune,Pune,Tomato,2434.79
2026-04-18,Maharashtra,Pune,Pune,Tomato,2254.69
2026-04-19,Maharashtra,Pune,Pune,Tomato,1989.96
2026-04-20,Maharashtra,Pune,Pune,Tomato,2000.95
2026-04-21,Maharashtra,Pune,Pune,Tomato,1858.54
2026-04-22,Maharashtra,Pune,Pune,Tomato,2127.61
2026-04-23,Maharashtra,Pune,Pune,Tomato,2399.92
2026-04-24,Maharashtra,Pune,Pune,Tomato,2353.88
2026-04-25,Maharashtra,Pune,Pune,Tomato,2401.63
2026-04-26,Maharashtra,Pune,Pune,Tomato,2048.52
2026-04-27,Maharashtra,Pune,Pune,Tomato,2225.39
2026-04-28,Maharashtra,Pune,Pune,Tomato,2025.27
2026-04-29,Maharashtra,Pune,Pune,Tomato,2355.03
2026-04-30,Maharashtra,Pune,Pune,Tomato,2213.54
2026-05-01,Maharashtra,Pune,Pune,Tomato,2346.51
2026-05-02,Maharashtra,Pune,Pune,Tomato,2401.13
2026-05-03,Maharashtra,Pune,Pune,Tomato,2054.04
2026-05-04,Maharashtra,Pune,Pune,Tomato,2053.81
2026-05-05,Maharashtra,Pune,Pune,Tomato,2225.75
2026-05-06,Maharashtra,Pune,Pune,Tomato,2102.85
2026-05-07,Maharashtra,Pune,Pune,Tomato,1999.7
2026-05-08,Maharashtra,Pune,Pune,Tomato,2554.93
2026-05-09,Maharashtra,Pune,Pune,Tomato,2090.99
2026-05-10,Maharashtra,Pune,Pune,Tomato,2091.01
2026-05-11,Maharashtra,Pune,Pune,Tomato,2171.15
2026-05-12,Maharashtra,Pune,Pune,Tomato,1940.34
2026-05-13,Maharashtra,Pune,Pune,Tomato,1958.0
2026-05-14,Maharashtra,Pune,Pune,Tomato,2225.16
2026-05-15,Maharashtra,Pune,Pune,Tomato,1927.27
2026-05-16,Maharashtra,Pune,Pune,Tomato,2101.09
2026-05-17,Maharashtra,Pune,Pune,Tomato,2085.72
2026-05-18,Maharashtra,Pune,Pune,Tomato,1953.55
2026-05-19,Maharashtra,Pune,Pune,Tomato,1791.61
2026-05-20,Maharashtra,Pune,Pune,Tomato,2320.35
2026-05-21,Maharashtra,Pune,Pune,Tomato,2181.6
2026-05-22,Maharashtra,Pune,Pune,Tomato,2401.51
2026-05-23,Maharashtra,Pune,Pune,Tomato,2084.7
2026-05-24,Maharashtra,Pune,Pune,Tomato,1905.03
2026-05-25,Maharashtra,Pune,Pune,Tomato,2008.02
2026-05-26,Maharashtra,Pune,Pune,Tomato,1957.72
2026-05-27,Maharashtra,Pune,Pune,Tomato,1895.02
2026-05-28,Maharashtra,Pune,Pune,Tomato,2362.94
2026-05-29,Maharashtra,Pune,Pune,Tomato,2064.79
2026-05-30,Maharashtra,Pune,Pune,Tomato,1829.12
2026-05-31,Maharashtra,Pune,Pune,Tomato,2193.56
2026-06-01,Maharashtra,Pune,Pune,Tomato,1879.31
2026-06-02,Maharashtra,Pune,Pune,Tomato,1880.79
2026-06-03,Maharashtra,Pune,Pune,Tomato,1788.44
2026-06-04,Maharashtra,Pune,Pune,Tomato,2374.47
2026-06-05,Maharashtra,Pune,Pune,Tomato,1939.8
2026-06-06,Maharashtra,Pune,Pune,Tomato,2081.88
2026-06-07,Maharashtra,Pune,Pune,Tomato,2108.19
2026-06-08,Maharashtra,Pune,Pune,Tomato,1979.89
2026-06-09,Maharashtra,Pune,Pune,Tomato,1930.78
2026-06-10,Maharashtra,Pune,Pune,Tomato,1773.94
2026-06-11,Maharashtra,Pune,Pune,Tomato,1970.03
2026-06-12,Maharashtra,Pune,Pune,Tomato,2131.26
2026-06-13,Maharashtra,Pune,Pune,Tomato,1932.51
2026-06-14,Maharashtra,Pune,Pune,Tomato,1982.19
2026-06-15,Maharashtra,Pune,Pune,Tomato,1986.92
2026-06-16,Maharashtra,Pune,Pune,Tomato,2040.5
2026-06-17,Maharashtra,Pune,Pune,Tomato,1814.91
2026-06-18,Maharashtra,Pune,Pune,Tomato,2375.11
2026-06-19,Maharashtra,Pune,Pune,Tomato,2184.68
2026-06-20,Maharashtra,Pune,Pune,Tomato,2015.25
2026-06-21,Maharashtra,Pune,Pune,Tomato,2072.61
2026-06-22,Maharashtra,Pune,Pune,Tomato,2177.8
2026-06-23,Maharashtra,Pune,Pune,Tomato,1693.6
2026-06-24,Maharashtra,Pune,Pune,Tomato,1924.74
2026-06-25,Maharashtra,Pune,Pune,Tomato,1689.97
2026-06-26,Maharashtra,Pune,Pune,Tomato,2069.37
2026-06-27,Maharashtra,Pune,Pune,Tomato,2035.49
2026-06-28,Maharashtra,Pune,Pune,Tomato,1890.97
2026-06-29,Maharashtra,Pune,Pune,Tomato,1755.3
2026-06-30,Maharashtra,Pune,Pune,Tomato,1588.06
2026-07-01,Maharashtra,Pune,Pune,Tomato,1975.43
2026-07-02,Maharashtra,Pune,Pune,Tomato,2199.13
2026-07-03,Maharashtra,Pune,Pune,Tomato,1926.59
2026-07-04,Maharashtra,Pune,Pune,Tomato,2013.58
2026-07-05,Maharashtra,Pune,Pune,Tomato,1661.3
2026-07-06,Maharashtra,Pune,Pune,Tomato,1868.31
2026-07-07,Maharashtra,Pune,Pune,Tomato,1774.29
2026-07-08,Maharashtra,Pune,Pune,Tomato,1793.27
2026-07-09,Maharashtra,Pune,Pune,Tomato,1859.34
2026-07-10,Maharashtra,Pune,Pune,Tomato,1923.04
2026-07-11,Maharashtra,Pune,Pune,Tomato,1973.51
2026-07-12,Maharashtra,Pune,Pune,Tomato,1667.51
2026-07-13,Maharashtra,Pune,Pune,Tomato,1731.75
2026-07-14,Maharashtra,Pune,Pune,Tomato,1789.96
2026-07-15,Maharashtra,Pune,Pune,Tomato,1720.49
2026-07-16,Maharashtra,Pune,Pune,Tomato,2175.29
2026-07-17,Maharashtra,Pune,Pune,Tomato,1829.49
2026-07-18,Maharashtra,Pune,Pune,Tomato,1802.56
2026-07-19,Maharashtra,Pune,Pune,Tomato,1682.99
2026-07-20,Maharashtra,Pune,Pune,Tomato,1973.39
2026-07-21,Maharashtra,Pune,Pune,Tomato,1834.85
2026-07-22,Maharashtra,Pune,Pune,Tomato,1713.91
2026-07-23,Maharashtra,Pune,Pune,Tomato,2048.8
2026-07-24,Maharashtra,Pune,Pune,Tomato,1941.79
2026-07-25,Maharashtra,Pune,Pune,Tomato,1894.82
2026-07-26,Maharashtra,Pune,Pune,Tomato,1735.4
2026-07-27,Maharashtra,Pune,Pune,Tomato,1634.76
2026-07-28,Maharashtra,Pune,Pune,Tomato,1780.04
2026-07-29,Maharashtra,Pune,Pune,Tomato,1736.79
2026-07-30,Maharashtra,Pune,Pune,Tomato,2110.28
2026-07-31,Maharashtra,Pune,Pune,Tomato,1717.96
2026-08-01,Maharashtra,Pune,Pune,Tomato,2030.0
2026-08-02,Maharashtra,Pune,Pune,Tomato,1737.68
2026-08-03,Maharashtra,Pune,Pune,Tomato,1734.88
2026-08-04,Maharashtra,Pune,Pune,Tomato,1812.85
2026-08-05,Maharashtra,Pune,Pune,Tomato,1700.46
2026-08-06,Maharashtra,Pune,Pune,Tomato,1956.29
2026-08-07,Maharashtra,Pune,Pune,Tomato,1505.89
2026-08-08,Maharashtra,Pune,Pune,Tomato,1715.43
2026-08-09,Maharashtra,Pune,Pune,Tomato,1614.66
2026-08-10,Maharashtra,Pune,Pune,Tomato,1528.29
2026-08-11,Maharashtra,Pune,Pune,Tomato,1663.6
2026-08-12,Maharashtra,Pune,Pune,Tomato,1801.74
2026-08-13,Maharashtra,Pune,Pune,Tomato,1909.01
2026-08-14,Maharashtra,Pune,Pune,Tomato,1863.92
2026-08-15,Maharashtra,Pune,Pune,Tomato,1699.4
2026-08-16,Maharashtra,Pune,Pune,Tomato,1747.7
2026-08-17,Maharashtra,Pune,Pune,Tomato,1668.04
2026-08-18,Maharashtra,Pune,Pune,Tomato,1776.79
2026-08-19,Maharashtra,Pune,Pune,Tomato,1826.62
2026-08-20,Maharashtra,Pune,Pune,Tomato,1800.94
2026-08-21,Maharashtra,Pune,Pune,Tomato,1697.09
2026-08-22,Maharashtra,Pune,Pune,Tomato,1680.78
2026-08-23,Maharashtra,Pune,Pune,Tomato,1619.03
2026-08-24,Maharashtra,Pune,Pune,Tomato,1598.67
2026-08-25,Maharashtra,Pune,Pune,Tomato,1679.8
2026-08-26,Maharashtra,Pune,Pune,Tomato,1799.2
2026-08-27,Maharashtra,Pune,Pune,Tomato,1771.5
2026-08-28,Maharashtra,Pune,Pune,Tomato,1793.91
2026-08-29,Maharashtra,Pune,Pune,Tomato,1760.8
2026-08-30,Maharashtra,Pune,Pune,Tomato,1606.89
2026-08-31,Maharashtra,Pune,Pune,Tomato,1514.06
2025-01-01,Maharashtra,Pune,Pune,Onion,1815.64
2025-01-02,Maharashtra,Pune,Pune,Onion,2052.26
2025-01-03,Maharashtra,Pune,Pune,Onion,2255.96
2025-01-04,Maharashtra,Pune,Pune,Onion,2028.54
2025-01-05,Maharashtra,Pune,Pune,Onion,2014.75
2025-01-06,Maharashtra,Pune,Pune,Onion,2063.21
2025-01-07,Maharashtra,Pune,Pune,Onion,2097.86
2025-01-08,Maharashtra,Pune,Pune,Onion,1952.85
2025-01-09,Maharashtra,Pune,Pune,Onion,2355.0
2025-01-10,Maharashtra,Pune,Pune,Onion,2403.98
2025-01-11,Maharashtra,Pune,Pune,Onion,2004.67
2025-01-12,Maharashtra,Pune,Pune,Onion,1969.74
2025-01-13,Maharashtra,Pune,Pune,Onion,2208.14
2025-01-14,Maharashtra,Pune,Pune,Onion,2043.42
2025-01-15,Maharashtra,Pune,Pune,Onion,1819.82
2025-01-16,Maharashtra,Pune,Pune,Onion,2025.07
2025-01-17,Maharashtra,Pune,Pune,Onion,2232.46
2025-01-18,Maharashtra,Pune,Pune,Onion,2038.85
2025-01-19,Maharashtra,Pune,Pune,Onion,2069.39
2025-01-20,Maharashtra,Pune,Pune,Onion,2082.42
2025-01-21,Maharashtra,Pune,Pune,Onion,2319.82
2025-01-22,Maharashtra,Pune,Pune,Onion,2151.19
2025-01-23,Maharashtra,Pune,Pune,Onion,2459.44
2025-01-24,Maharashtra,Pune,Pune,Onion,2546.51
2025-01-25,Maharashtra,Pune,Pune,Onion,2488.13
2025-01-26,Maharashtra,Pune,Pune,Onion,2213.92
2025-01-27,Maharashtra,Pune,Pune,Onion,1825.2
2025-01-28,Maharashtra,Pune,Pune,Onion,2212.0
2025-01-29,Maharashtra,Pune,Pune,Onion,2399.7
2025-01-30,Maharashtra,Pune,Pune,Onion,2315.56
2025-01-31,Maharashtra,Pune,Pune,Onion,2643.92
2025-02-01,Maharashtra,Pune,Pune,Onion,2439.47
2025-02-02,Maharashtra,Pune,Pune,Onion,2296.4
2025-02-03,Maharashtra,Pune,Pune,Onion,2316.28
2025-02-04,Maharashtra,Pune,Pune,Onion,2230.4
2025-02-05,Maharashtra,Pune,Pune,Onion,1876.76
2025-02-06,Maharashtra,Pune,Pune,Onion,2285.04
2025-02-07,Maharashtra,Pune,Pune,Onion,2595.91
2025-02-08,Maharashtra,Pune,Pune,Onion,2206.43
2025-02-09,Maharashtra,Pune,Pune,Onion,2209.16
2025-02-10,Maharashtra,Pune,Pune,Onion,2027.02
2025-02-11,Maharashtra,Pune,Pune,Onion,2490.39
2025-02-12,Maharashtra,Pune,Pune,Onion,2580.65
2025-02-13,Maharashtra,Pune,Pune,Onion,2255.42
2025-02-14,Maharashtra,Pune,Pune,Onion,2456.58
2025-02-15,Maharashtra,Pune,Pune,Onion,2260.54
2025-02-16,Maharashtra,Pune,Pune,Onion,2375.38
2025-02-17,Maharashtra,Pune,Pune,Onion,2297.9
2025-02-18,Maharashtra,Pune,Pune,Onion,2373.2
2025-02-19,Maharashtra,Pune,Pune,Onion,2395.81
2025-02-20,Maharashtra,Pune,Pune,Onion,2938.35
2025-02-21,Maharashtra,Pune,Pune,Onion,2287.33
2025-02-22,Maharashtra,Pune,Pune,Onion,2117.41
2025-02-23,Maharashtra,Pune,Pune,Onion,2243.89
2025-02-24,Maharashtra,Pune,Pune,Onion,2000.8
2025-02-25,Maharashtra,Pune,Pune,Onion,2036.58
2025-02-26,Maharashtra,Pune,Pune,Onion,2204.48
2025-02-27,Maharashtra,Pune,Pune,Onion,2308.07
2025-02-28,Maharashtra,Pune,Pune,Onion,2327.59
2025-03-01,Maharashtra,Pune,Pune,Onion,2522.02
2025-03-02,Maharashtra,Pune,Pune,Onion,2251.26
2025-03-03,Maharashtra,Pune,Pune,Onion,2244.26
2025-03-04,Maharashtra,Pune,Pune,Onion,2443.17
2025-03-05,Maharashtra,Pune,Pune,Onion,2267.66
2025-03-06,Maharashtra,Pune,Pune,Onion,2447.16
2025-03-07,Maharashtra,Pune,Pune,Onion,2584.43
2025-03-08,Maharashtra,Pune,Pune,Onion,2124.06
2025-03-09,Maharashtra,Pune,Pune,Onion,1963.32
2025-03-10,Maharashtra,Pune,Pune,Onion,2350.05
2025-03-11,Maharashtra,Pune,Pune,Onion,2400.47
2025-03-12,Maharashtra,Pune,Pune,Onion,2767.13
2025-03-13,Maharashtra,Pune,Pune,Onion,2542.97
2025-03-14,Maharashtra,Pune,Pune,Onion,2687.12
2025-03-15,Maharashtra,Pune,Pune,Onion,2444.45
2025-03-16,Maharashtra,Pune,Pune,Onion,2424.96
2025-03-17,Maharashtra,Pune,Pune,Onion,2581.96
2025-03-18,Maharashtra,Pune,Pune,Onion,1990.21
2025-03-19,Maharashtra,Pune,Pune,Onion,2505.61
2025-03-20,Maharashtra,Pune,Pune,Onion,2911.09
2025-03-21,Maharashtra,Pune,Pune,Onion,2608.66
2025-03-22,Maharashtra,Pune,Pune,Onion,2782.32
2025-03-23,Maharashtra,Pune,Pune,Onion,2284.76
2025-03-24,Maharashtra,Pune,Pune,Onion,2320.39
2025-03-25,Maharashtra,Pune,Pune,Onion,2356.32
2025-03-26,Maharashtra,Pune,Pune,Onion,2067.99
2025-03-27,Maharashtra,Pune,Pune,Onion,2337.1
2025-03-28,Maharashtra,Pune,Pune,Onion,2372.97
2025-03-29,Maharashtra,Pune,Pune,Onion,2649.5
2025-03-30,Maharashtra,Pune,Pune,Onion,2546.62
2025-03-31,Maharashtra,Pune,Pune,Onion,2387.73
2025-04-01,Maharashtra,Pune,Pune,Onion,2495.53
2025-04-02,Maharashtra,Pune,Pune,Onion,2428.09
2025-04-03,Maharashtra,Pune,Pune,Onion,2767.99
2025-04-04,Maharashtra,Pune,Pune,Onion,2579.24
2025-04-05,Maharashtra,Pune,Pune,Onion,2521.97
2025-04-06,Maharashtra,Pune,Pune,Onion,2360.91
2025-04-07,Maharashtra,Pune,Pune,Onion,2451.62
2025-04-08,Maharashtra,Pune,Pune,Onion,2293.9
2025-04-09,Maharashtra,Pune,Pune,Onion,2628.13
2025-04-10,Maharashtra,Pune,Pune,Onion,2353.71
2025-04-11,Maharashtra,Pune,Pune,Onion,2381.63
2025-04-12,Maharashtra,Pune,Pune,Onion,2634.45
2025-04-13,Maharashtra,Pune,Pune,Onion,2391.71
2025-04-14,Maharashtra,Pune,Pune,Onion,2265.51
2025-04-15,Maharashtra,Pune,Pune,Onion,2510.53
2025-04-16,Maharashtra,Pune,Pune,Onion,2354.48
2025-04-17,Maharashtra,Pune,Pune,Onion,2518.8
2025-04-18,Maharashtra,Pune,Pune,Onion,2830.17
2025-04-19,Maharashtra,Pune,Pune,Onion,2780.97
2025-04-20,Maharashtra,Pune,Pune,Onion,2667.6
2025-04-21,Maharashtra,Pune,Pune,Onion,2289.67
2025-04-22,Maharashtra,Pune,Pune,Onion,2561.76
2025-04-23,Maharashtra,Pune,Pune,Onion,2290.47
2025-04-24,Maharashtra,Pune,Pune,Onion,2386.39
2025-04-25,Maharashtra,Pune,Pune,Onion,2147.58
2025-04-26,Maharashtra,Pune,Pune,Onion,2795.92
2025-04-27,Maharashtra,Pune,Pune,Onion,2250.3
2025-04-28,Maharashtra,Pune,Pune,Onion,2306.86
2025-04-29,Maharashtra,Pune,Pune,Onion,2199.83
2025-04-30,Maharashtra,Pune,Pune,Onion,2562.34
2025-05-01,Maharashtra,Pune,Pune,Onion,2470.4
2025-05-02,Maharashtra,Pune,Pune,Onion,2325.02
2025-05-03,Maharashtra,Pune,Pune,Onion,2567.73
2025-05-04,Maharashtra,Pune,Pune,Onion,2143.8
2025-05-05,Maharashtra,Pune,Pune,Onion,2179.34
2025-05-06,Maharashtra,Pune,Pune,Onion,1991.84
2025-05-07,Maharashtra,Pune,Pune,Onion,2187.05
2025-05-08,Maharashtra,Pune,Pune,Onion,2553.2
2025-05-09,Maharashtra,Pune,Pune,Onion,2192.9
2025-05-10,Maharashtra,Pune,Pune,Onion,2217.83
2025-05-11,Maharashtra,Pune,Pune,Onion,2366.35
2025-05-12,Maharashtra,Pune,Pune,Onion,2211.27
2025-05-13,Maharashtra,Pune,Pune,Onion,2642.85
2025-05-14,Maharashtra,Pune,Pune,Onion,2720.44
2025-05-15,Maharashtra,Pune,Pune,Onion,2350.14
2025-05-16,Maharashtra,Pune,Pune,Onion,2620.64
2025-05-17,Maharashtra,Pune,Pune,Onion,2582.8
2025-05-18,Maharashtra,Pune,Pune,Onion,2248.65
2025-05-19,Maharashtra,Pune,Pune,Onion,2040.29
2025-05-20,Maharashtra,Pune,Pune,Onion,2296.87
2025-05-21,Maharashtra,Pune,Pune,Onion,2360.12
2025-05-22,Maharashtra,Pune,Pune,Onion,2403.26
2025-05-23,Maharashtra,Pune,Pune,Onion,2575.62
2025-05-24,Maharashtra,Pune,Pune,Onion,2302.5
2025-05-25,Maharashtra,Pune,Pune,Onion,2136.11
2025-05-26,Maharashtra,Pune,Pune,Onion,2272.97
2025-05-27,Maharashtra,Pune,Pune,Onion,2336.52
2025-05-28,Maharashtra,Pune,Pune,Onion,2169.13
2025-05-29,Maharashtra,Pune,Pune,Onion,2611.55
2025-05-30,Maharashtra,Pune,Pune,Onion,2164.7
2025-05-31,Maharashtra,Pune,Pune,Onion,2305.9
2025-06-01,Maharashtra,Pune,Pune,Onion,2255.68
2025-06-02,Maharashtra,Pune,Pune,Onion,2130.47
2025-06-03,Maharashtra,Pune,Pune,Onion,2159.51
2025-06-04,Maharashtra,Pune,Pune,Onion,2641.68
2025-06-05,Maharashtra,Pune,Pune,Onion,2278.38
2025-06-06,Maharashtra,Pune,Pune,Onion,2857.8
2025-06-07,Maharashtra,Pune,Pune,Onion,2445.98
2025-06-08,Maharashtra,Pune,Pune,Onion,2282.92
2025-06-09,Maharashtra,Pune,Pune,Onion,2274.78
2025-06-10,Maharashtra,Pune,Pune,Onion,2612.53
2025-06-11,Maharashtra,Pune,Pune,Onion,2144.95
2025-06-12,Maharashtra,Pune,Pune,Onion,2203.21
2025-06-13,Maharashtra,Pune,Pune,Onion,2280.89
2025-06-14,Maharashtra,Pune,Pune,Onion,2346.6
2025-06-15,Maharashtra,Pune,Pune,Onion,1967.09
2025-06-16,Maharashtra,Pune,Pune,Onion,2174.47
2025-06-17,Maharashtra,Pune,Pune,Onion,2448.06
2025-06-18,Maharashtra,Pune,Pune,Onion,2297.02
2025-06-19,Maharashtra,Pune,Pune,Onion,2308.56
2025-06-20,Maharashtra,Pune,Pune,Onion,2271.03
2025-06-21,Maharashtra,Pune,Pune,Onion,2452.75
2025-06-22,Maharashtra,Pune,Pune,Onion,2077.44
2025-06-23,Maharashtra,Pune,Pune,Onion,2415.83
2025-06-24,Maharashtra,Pune,Pune,Onion,2448.2
2025-06-25,Maharashtra,Pune,Pune,Onion,2279.46
2025-06-26,Maharashtra,Pune,Pune,Onion,2319.79
2025-06-27,Maharashtra,Pune,Pune,Onion,2506.77
2025-06-28,Maharashtra,Pune,Pune,Onion,2446.92
2025-06-29,Maharashtra,Pune,Pune,Onion,2048.89
2025-06-30,Maharashtra,Pune,Pune,Onion,2029.01
2025-07-01,Maharashtra,Pune,Pune,Onion,1926.74
2025-07-02,Maharashtra,Pune,Pune,Onion,2267.83
2025-07-03,Maharashtra,Pune,Pune,Onion,2392.39
2025-07-04,Maharashtra,Pune,Pune,Onion,2084.26
2025-07-05,Maharashtra,Pune,Pune,Onion,2166.03
2025-07-06,Maharashtra,Pune,Pune,Onion,1935.87
2025-07-07,Maharashtra,Pune,Pune,Onion,1943.16
2025-07-08,Maharashtra,Pune,Pune,Onion,2170.51
2025-07-09,Maharashtra,Pune,Pune,Onion,2058.55
2025-07-10,Maharashtra,Pune,Pune,Onion,2202.28
2025-07-11,Maharashtra,Pune,Pune,Onion,2007.33
2025-07-12,Maharashtra,Pune,Pune,Onion,2230.73
2025-07-13,Maharashtra,Pune,Pune,Onion,2097.07
2025-07-14,Maharashtra,Pune,Pune,Onion,1936.63
2025-07-15,Maharashtra,Pune,Pune,Onion,2029.57
2025-07-16,Maharashtra,Pune,Pune,Onion,2162.54
2025-07-17,Maharashtra,Pune,Pune,Onion,2087.74
2025-07-18,Maharashtra,Pune,Pune,Onion,1999.14
2025-07-19,Maharashtra,Pune,Pune,Onion,2441.02
2025-07-20,Maharashtra,Pune,Pune,Onion,1978.63
2025-07-21,Maharashtra,Pune,Pune,Onion,1995.03
2025-07-22,Maharashtra,Pune,Pune,Onion,2167.73
2025-07-23,Maharashtra,Pune,Pune,Onion,2621.44
2025-07-24,Maharashtra,Pune,Pune,Onion,1989.6
2025-07-25,Maharashtra,Pune,Pune,Onion,2263.96
2025-07-26,Maharashtra,Pune,Pune,Onion,2027.86
2025-07-27,Maharashtra,Pune,Pune,Onion,1961.57
2025-07-28,Maharashtra,Pune,Pune,Onion,1878.07
2025-07-29,Maharashtra,Pune,Pune,Onion,1836.45
2025-07-30,Maharashtra,Pune,Pune,Onion,2064.2
2025-07-31,Maharashtra,Pune,Pune,Onion,1924.97
2025-08-01,Maharashtra,Pune,Pune,Onion,2305.17
2025-08-02,Maharashtra,Pune,Pune,Onion,2109.8
2025-08-03,Maharashtra,Pune,Pune,Onion,2067.66
2025-08-04,Maharashtra,Pune,Pune,Onion,1885.12
2025-08-05,Maharashtra,Pune,Pune,Onion,1913.98
2025-08-06,Maharashtra,Pune,Pune,Onion,2081.34
2025-08-07,Maharashtra,Pune,Pune,Onion,1943.39
2025-08-08,Maharashtra,Pune,Pune,Onion,2077.82
2025-08-09,Maharashtra,Pune,Pune,Onion,1947.51
2025-08-10,Maharashtra,Pune,Pune,Onion,1856.92
2025-08-11,Maharashtra,Pune,Pune,Onion,1638.1
2025-08-12,Maharashtra,Pune,Pune,Onion,2119.49
2025-08-13,Maharashtra,Pune,Pune,Onion,1916.18
2025-08-14,Maharashtra,Pune,Pune,Onion,2257.81
2025-08-15,Maharashtra,Pune,Pune,Onion,2260.77
2025-08-16,Maharashtra,Pune,Pune,Onion,1861.39
2025-08-17,Maharashtra,Pune,Pune,Onion,1806.29
2025-08-18,Maharashtra,Pune,Pune,Onion,2238.13
2025-08-19,Maharashtra,Pune,Pune,Onion,2148.6
2025-08-20,Maharashtra,Pune,Pune,Onion,1984.22
2025-08-21,Maharashtra,Pune,Pune,Onion,2100.18
2025-08-22,Maharashtra,Pune,Pune,Onion,1987.1
2025-08-23,Maharashtra,Pune,Pune,Onion,2083.36
2025-08-24,Maharashtra,Pune,Pune,Onion,1836.31
2025-08-25,Maharashtra,Pune,Pune,Onion,1610.1
2025-08-26,Maharashtra,Pune,Pune,Onion,1718.33
2025-08-27,Maharashtra,Pune,Pune,Onion,1970.68
2025-08-28,Maharashtra,Pune,Pune,Onion,1880.26
2025-08-29,Maharashtra,Pune,Pune,Onion,2048.5
2025-08-30,Maharashtra,Pune,Pune,Onion,1851.89
2025-08-31,Maharashtra,Pune,Pune,Onion,1810.24
2025-09-01,Maharashtra,Pune,Pune,Onion,1971.02
2025-09-02,Maharashtra,Pune,Pune,Onion,1909.16
2025-09-03,Maharashtra,Pune,Pune,Onion,1949.51
2025-09-04,Maharashtra,Pune,Pune,Onion,2149.51
2025-09-05,Maharashtra,Pune,Pune,Onion,2110.33
2025-09-06,Maharashtra,Pune,Pune,Onion,2188.23
2025-09-07,Maharashtra,Pune,Pune,Onion,1839.68
2025-09-08,Maharashtra,Pune,Pune,Onion,1791.12
2025-09-09,Maharashtra,Pune,Pune,Onion,1694.07
2025-09-10,Maharashtra,Pune,Pune,Onion,1879.9
2025-09-11,Maharashtra,Pune,Pune,Onion,2148.25
2025-09-12,Maharashtra,Pune,Pune,Onion,2214.3
2025-09-13,Maharashtra,Pune,Pune,Onion,2108.78
2025-09-14,Maharashtra,Pune,Pune,Onion,1653.41
2025-09-15,Maharashtra,Pune,Pune,Onion,1976.9
2025-09-16,Maharashtra,Pune,Pune,Onion,1616.51
2025-09-17,Maharashtra,Pune,Pune,Onion,2051.18
2025-09-18,Maharashtra,Pune,Pune,Onion,1952.86
2025-09-19,Maharashtra,Pune,Pune,Onion,2121.81
2025-09-20,Maharashtra,Pune,Pune,Onion,1785.87
2025-09-21,Maharashtra,Pune,Pune,Onion,2040.01
2025-09-22,Maharashtra,Pune,Pune,Onion,1644.95
2025-09-23,Maharashtra,Pune,Pune,Onion,1764.6
2025-09-24,Maharashtra,Pune,Pune,Onion,1791.74
2025-09-25,Maharashtra,Pune,Pune,Onion,1755.73
2025-09-26,Maharashtra,Pune,Pune,Onion,2033.47
2025-09-27,Maharashtra,Pune,Pune,Onion,2216.9
2025-09-28,Maharashtra,Pune,Pune,Onion,2236.53
2025-09-29,Maharashtra,Pune,Pune,Onion,1845.31
2025-09-30,Maharashtra,Pune,Pune,Onion,1996.58
2025-10-01,Maharashtra,Pune,Pune,Onion,1958.97
2025-10-02,Maharashtra,Pune,Pune,Onion,2073.59
2025-10-03,Maharashtra,Pune,Pune,Onion,1974.51
2025-10-04,Maharashtra,Pune,Pune,Onion,1998.51
2025-10-05,Maharashtra,Pune,Pune,Onion,1959.79
2025-10-06,Maharashtra,Pune,Pune,Onion,1763.05
2025-10-07,Maharashtra,Pune,Pune,Onion,1847.08
2025-10-08,Maharashtra,Pune,Pune,Onion,1925.99
2025-10-09,Maharashtra,Pune,Pune,Onion,2127.17
2025-10-10,Maharashtra,Pune,Pune,Onion,1879.44
2025-10-11,Maharashtra,Pune,Pune,Onion,1973.0
2025-10-12,Maharashtra,Pune,Pune,Onion,2151.59
2025-10-13,Maharashtra,Pune,Pune,Onion,1997.24
2025-10-14,Maharashtra,Pune,Pune,Onion,2043.58
2025-10-15,Maharashtra,Pune,Pune,Onion,1948.42
2025-10-16,Maharashtra,Pune,Pune,Onion,2068.67
2025-10-17,Maharashtra,Pune,Pune,Onion,2187.62
2025-10-18,Maharashtra,Pune,Pune,Onion,2211.47
2025-10-19,Maharashtra,Pune,Pune,Onion,1650.19
2025-10-20,Maharashtra,Pune,Pune,Onion,1689.38
2025-10-21,Maharashtra,Pune,Pune,Onion,2054.5
2025-10-22,Maharashtra,Pune,Pune,Onion,1923.14
2025-10-23,Maharashtra,Pune,Pune,Onion,1944.65
2025-10-24,Maharashtra,Pune,Pune,Onion,1881.41
2025-10-25,Maharashtra,Pune,Pune,Onion,1934.04
2025-10-26,Maharashtra,Pune,Pune,Onion,1740.24
2025-10-27,Maharashtra,Pune,Pune,Onion,2154.3
2025-10-28,Maharashtra,Pune,Pune,Onion,1898.35
2025-10-29,Maharashtra,Pune,Pune,Onion,1973.9
2025-10-30,Maharashtra,Pune,Pune,Onion,2147.81
2025-10-31,Maharashtra,Pune,Pune,Onion,2226.16
2025-11-01,Maharashtra,Pune,Pune,Onion,2170.24
2025-11-02,Maharashtra,Pune,Pune,Onion,2099.31
2025-11-03,Maharashtra,Pune,Pune,Onion,1818.1
2025-11-04,Maharashtra,Pune,Pune,Onion,1884.91
2025-11-05,Maharashtra,Pune,Pune,Onion,2115.3
2025-11-06,Maharashtra,Pune,Pune,Onion,2012.69
2025-11-07,Maharashtra,Pune,Pune,Onion,2112.75
2025-11-08,Maharashtra,Pune,Pune,Onion,2120.81
2025-11-09,Maharashtra,Pune,Pune,Onion,2088.55
2025-11-10,Maharashtra,Pune,Pune,Onion,1689.04
2025-11-11,Maharashtra,Pune,Pune,Onion,2050.59
2025-11-12,Maharashtra,Pune,Pune,Onion,2003.48
2025-11-13,Maharashtra,Pune,Pune,Onion,2226.2
2025-11-14,Maharashtra,Pune,Pune,Onion,2262.41
2025-11-15,Maharashtra,Pune,Pune,Onion,2331.0
2025-11-16,Maharashtra,Pune,Pune,Onion,2201.4
2025-11-17,Maharashtra,Pune,Pune,Onion,2144.64
2025-11-18,Maharashtra,Pune,Pune,Onion,2185.08
2025-11-19,Maharashtra,Pune,Pune,Onion,2112.5
2025-11-20,Maharashtra,Pune,Pune,Onion,2161.34
2025-11-21,Maharashtra,Pune,Pune,Onion,2315.23
2025-11-22,Maharashtra,Pune,Pune,Onion,2240.17
2025-11-23,Maharashtra,Pune,Pune,Onion,2001.38
2025-11-24,Maharashtra,Pune,Pune,Onion,2050.68
2025-11-25,Maharashtra,Pune,Pune,Onion,2014.65
2025-11-26,Maharashtra,Pune,Pune,Onion,1981.29
2025-11-27,Maharashtra,Pune,Pune,Onion,2393.71
2025-11-28,Maharashtra,Pune,Pune,Onion,2230.26
2025-11-29,Maharashtra,Pune,Pune,Onion,2481.37
2025-11-30,Maharashtra,Pune,Pune,Onion,1846.51
2025-12-01,Maharashtra,Pune,Pune,Onion,1952.3
2025-12-02,Maharashtra,Pune,Pune,Onion,2062.4
2025-12-03,Maharashtra,Pune,Pune,Onion,2318.27
2025-12-04,Maharashtra,Pune,Pune,Onion,2299.99
2025-12-05,Maharashtra,Pune,Pune,Onion,2313.71
2025-12-06,Maharashtra,Pune,Pune,Onion,2037.69
2025-12-07,Maharashtra,Pune,Pune,Onion,1952.23
2025-12-08,Maharashtra,Pune,Pune,Onion,2118.13
2025-12-09,Maharashtra,Pune,Pune,Onion,1897.97
2025-12-10,Maharashtra,Pune,Pune,Onion,2108.39
2025-12-11,Maharashtra,Pune,Pune,Onion,2362.06
2025-12-12,Maharashtra,Pune,Pune,Onion,2151.03
2025-12-13,Maharashtra,Pune,Pune,Onion,2510.36
2025-12-14,Maharashtra,Pune,Pune,Onion,2352.84
2025-12-15,Maharashtra,Pune,Pune,Onion,1880.88
2025-12-16,Maharashtra,Pune,Pune,Onion,2001.26
2025-12-17,Maharashtra,Pune,Pune,Onion,1877.03
2025-12-18,Maharashtra,Pune,Pune,Onion,2201.13
2025-12-19,Maharashtra,Pune,Pune,Onion,2483.65
2025-12-20,Maharashtra,Pune,Pune,Onion,2236.37
2025-12-21,Maharashtra,Pune,Pune,Onion,2283.08
2025-12-22,Maharashtra,Pune,Pune,Onion,1927.03
2025-12-23,Maharashtra,Pune,Pune,Onion,2307.2
2025-12-24,Maharashtra,Pune,Pune,Onion,2192.07
2025-12-25,Maharashtra,Pune,Pune,Onion,2378.81
2025-12-26,Maharashtra,Pune,Pune,Onion,2390.25
2025-12-27,Maharashtra,Pune,Pune,Onion,2141.45
2025-12-28,Maharashtra,Pune,Pune,Onion,2075.21
2025-12-29,Maharashtra,Pune,Pune,Onion,2350.54
2025-12-30,Maharashtra,Pune,Pune,Onion,2292.51
2025-12-31,Maharashtra,Pune,Pune,Onion,2498.79
2026-01-01,Maharashtra,Pune,Pune,Onion,2480.83
2026-01-02,Maharashtra,Pune,Pune,Onion,2479.9
2026-01-03,Maharashtra,Pune,Pune,Onion,2109.05
2026-01-04,Maharashtra,Pune,Pune,Onion,2260.03
2026-01-05,Maharashtra,Pune,Pune,Onion,2242.04
2026-01-06,Maharashtra,Pune,Pune,Onion,2586.76
2026-01-07,Maharashtra,Pune,Pune,Onion,2489.16
2026-01-08,Maharashtra,Pune,Pune,Onion,2740.9
2026-01-09,Maharashtra,Pune,Pune,Onion,2609.63
2026-01-10,Maharashtra,Pune,Pune,Onion,2325.26
2026-01-11,Maharashtra,Pune,Pune,Onion,2369.01
2026-01-12,Maharashtra,Pune,Pune,Onion,2329.03
2026-01-13,Maharashtra,Pune,Pune,Onion,2168.24
2026-01-14,Maharashtra,Pune,Pune,Onion,2356.72
2026-01-15,Maharashtra,Pune,Pune,Onion,2487.11
2026-01-16,Maharashtra,Pune,Pune,Onion,2840.88
2026-01-17,Maharashtra,Pune,Pune,Onion,2131.35
2026-01-18,Maharashtra,Pune,Pune,Onion,2597.37
2026-01-19,Maharashtra,Pune,Pune,Onion,2182.06
2026-01-20,Maharashtra,Pune,Pune,Onion,2137.99
2026-01-21,Maharashtra,Pune,Pune,Onion,2671.69
2026-01-22,Maharashtra,Pune,Pune,Onion,2702.76
2026-01-23,Maharashtra,Pune,Pune,Onion,2830.13
2026-01-24,Maharashtra,Pune,Pune,Onion,2683.5
2026-01-25,Maharashtra,Pune,Pune,Onion,2791.1
2026-01-26,Maharashtra,Pune,Pune,Onion,2470.92
2026-01-27,Maharashtra,Pune,Pune,Onion,2381.7
2026-01-28,Maharashtra,Pune,Pune,Onion,2572.58
2026-01-29,Maharashtra,Pune,Pune,Onion,2844.69
2026-01-30,Maharashtra,Pune,Pune,Onion,2503.22
2026-01-31,Maharashtra,Pune,Pune,Onion,2467.61
2026-02-01,Maharashtra,Pune,Pune,Onion,2428.03
2026-02-02,Maharashtra,Pune,Pune,Onion,2062.44
2026-02-03,Maharashtra,Pune,Pune,Onion,2472.71
2026-02-04,Maharashtra,Pune,Pune,Onion,2217.28
2026-02-05,Maharashtra,Pune,Pune,Onion,2670.37
2026-02-06,Maharashtra,Pune,Pune,Onion,2854.28
2026-02-07,Maharashtra,Pune,Pune,Onion,2539.97
2026-02-08,Maharashtra,Pune,Pune,Onion,2817.67
2026-02-09,Maharashtra,Pune,Pune,Onion,2206.02
2026-02-10,Maharashtra,Pune,Pune,Onion,2694.92
2026-02-11,Maharashtra,Pune,Pune,Onion,2716.76
2026-02-12,Maharashtra,Pune,Pune,Onion,2376.72
2026-02-13,Maharashtra,Pune,Pune,Onion,3250.29
2026-02-14,Maharashtra,Pune,Pune,Onion,2654.91
2026-02-15,Maharashtra,Pune,Pune,Onion,2401.49
2026-02-16,Maharashtra,Pune,Pune,Onion,2247.25
2026-02-17,Maharashtra,Pune,Pune,Onion,2484.09
2026-02-18,Maharashtra,Pune,Pune,Onion,2607.11
2026-02-19,Maharashtra,Pune,Pune,Onion,2758.19
2026-02-20,Maharashtra,Pune,Pune,Onion,2711.3
2026-02-21,Maharashtra,Pune,Pune,Onion,2822.25
2026-02-22,Maharashtra,Pune,Pune,Onion,2521.94
2026-02-23,Maharashtra,Pune,Pune,Onion,2182.97
2026-02-24,Maharashtra,Pune,Pune,Onion,2528.23
2026-02-25,Maharashtra,Pune,Pune,Onion,2221.94
2026-02-26,Maharashtra,Pune,Pune,Onion,2840.6
2026-02-27,Maharashtra,Pune,Pune,Onion,2610.09
2026-02-28,Maharashtra,Pune,Pune,Onion,2765.44
2026-03-01,Maharashtra,Pune,Pune,Onion,2863.26
2026-03-02,Maharashtra,Pune,Pune,Onion,2383.8
2026-03-03,Maharashtra,Pune,Pune,Onion,2774.95
2026-03-04,Maharashtra,Pune,Pune,Onion,2610.3
2026-03-05,Maharashtra,Pune,Pune,Onion,3144.85
2026-03-06,Maharashtra,Pune,Pune,Onion,2758.58
2026-03-07,Maharashtra,Pune,Pune,Onion,2599.07
2026-03-08,Maharashtra,Pune,Pune,Onion,2775.03
2026-03-09,Maharashtra,Pune,Pune,Onion,2499.02
2026-03-10,Maharashtra,Pune,Pune,Onion,2453.4
2026-03-11,Maharashtra,Pune,Pune,Onion,2625.33
2026-03-12,Maharashtra,Pune,Pune,Onion,2816.74
2026-03-13,Maharashtra,Pune,Pune,Onion,3123.17
2026-03-14,Maharashtra,Pune,Pune,Onion,2407.29
2026-03-15,Maharashtra,Pune,Pune,Onion,2673.04
2026-03-16,Maharashtra,Pune,Pune,Onion,2711.1
2026-03-17,Maharashtra,Pune,Pune,Onion,2661.89
2026-03-18,Maharashtra,Pune,Pune,Onion,2986.48
2026-03-19,Maharashtra,Pune,Pune,Onion,2830.26
2026-03-20,Maharashtra,Pune,Pune,Onion,2836.76
2026-03-21,Maharashtra,Pune,Pune,Onion,2918.16
2026-03-22,Maharashtra,Pune,Pune,Onion,2703.68
2026-03-23,Maharashtra,Pune,Pune,Onion,2541.24
2026-03-24,Maharashtra,Pune,Pune,Onion,2736.37
2026-03-25,Maharashtra,Pune,Pune,Onion,2624.53
2026-03-26,Maharashtra,Pune,Pune,Onion,2737.04
2026-03-27,Maharashtra,Pune,Pune,Onion,2780.84
2026-03-28,Maharashtra,Pune,Pune,Onion,3081.14
2026-03-29,Maharashtra,Pune,Pune,Onion,2088.39
2026-03-30,Maharashtra,Pune,Pune,Onion,2695.59
2026-03-31,Maharashtra,Pune,Pune,Onion,2657.02
2026-04-01,Maharashtra,Pune,Pune,Onion,2434.82
2026-04-02,Maharashtra,Pune,Pune,Onion,2930.52
2026-04-03,Maharashtra,Pune,Pune,Onion,2992.27
2026-04-04,Maharashtra,Pune,Pune,Onion,2938.32
2026-04-05,Maharashtra,Pune,Pune,Onion,2200.92
2026-04-06,Maharashtra,Pune,Pune,Onion,2879.71
2026-04-07,Maharashtra,Pune,Pune,Onion,2518.24
2026-04-08,Maharashtra,Pune,Pune,Onion,2896.48
2026-04-09,Maharashtra,Pune,Pune,Onion,3020.85
2026-04-10,Maharashtra,Pune,Pune,Onion,2720.73
2026-04-11,Maharashtra,Pune,Pune,Onion,2954.35
2026-04-12,Maharashtra,Pune,Pune,Onion,2630.77
2026-04-13,Maharashtra,Pune,Pune,Onion,2247.56
2026-04-14,Maharashtra,Pune,Pune,Onion,2872.08
2026-04-15,Maharashtra,Pune,Pune,Onion,2612.71
2026-04-16,Maharashtra,Pune,Pune,Onion,2698.32
2026-04-17,Maharashtra,Pune,Pune,Onion,2814.23
2026-04-18,Maharashtra,Pune,Pune,Onion,2874.18
2026-04-19,Maharashtra,Pune,Pune,Onion,2688.96
2026-04-20,Maharashtra,Pune,Pune,Onion,2724.86
2026-04-21,Maharashtra,Pune,Pune,Onion,2401.31
2026-04-22,Maharashtra,Pune,Pune,Onion,2613.12
2026-04-23,Maharashtra,Pune,Pune,Onion,2839.51
2026-04-24,Maharashtra,Pune,Pune,Onion,3271.54
2026-04-25,Maharashtra,Pune,Pune,Onion,2789.45
2026-04-26,Maharashtra,Pune,Pune,Onion,2895.28
2026-04-27,Maharashtra,Pune,Pune,Onion,2621.89
2026-04-28,Maharashtra,Pune,Pune,Onion,2550.27
2026-04-29,Maharashtra,Pune,Pune,Onion,2697.7
2026-04-30,Maharashtra,Pune,Pune,Onion,2816.74
2026-05-01,Maharashtra,Pune,Pune,Onion,2996.09
2026-05-02,Maharashtra,Pune,Pune,Onion,3067.48
2026-05-03,Maharashtra,Pune,Pune,Onion,2744.56
2026-05-04,Maharashtra,Pune,Pune,Onion,2816.97
2026-05-05,Maharashtra,Pune,Pune,Onion,2447.59
2026-05-06,Maharashtra,Pune,Pune,Onion,2649.86
2026-05-07,Maharashtra,Pune,Pune,Onion,2689.35
2026-05-08,Maharashtra,Pune,Pune,Onion,2919.29
2026-05-09,Maharashtra,Pune,Pune,Onion,2709.98
2026-05-10,Maharashtra,Pune,Pune,Onion,2794.73
2026-05-11,Maharashtra,Pune,Pune,Onion,2414.2
2026-05-12,Maharashtra,Pune,Pune,Onion,2613.57
2026-05-13,Maharashtra,Pune,Pune,Onion,2838.75
2026-05-14,Maharashtra,Pune,Pune,Onion,2404.6
2026-05-15,Maharashtra,Pune,Pune,Onion,3254.4
2026-05-16,Maharashtra,Pune,Pune,Onion,2702.32
2026-05-17,Maharashtra,Pune,Pune,Onion,2262.7
2026-05-18,Maharashtra,Pune,Pune,Onion,2588.42
2026-05-19,Maharashtra,Pune,Pune,Onion,2588.57
2026-05-20,Maharashtra,Pune,Pune,Onion,2668.43
2026-05-21,Maharashtra,Pune,Pune,Onion,2977.95
2026-05-22,Maharashtra,Pune,Pune,Onion,2953.34
2026-05-23,Maharashtra,Pune,Pune,Onion,2786.95
2026-05-24,Maharashtra,Pune,Pune,Onion,2692.36
2026-05-25,Maharashtra,Pune,Pune,Onion,2515.49
2026-05-26,Maharashtra,Pune,Pune,Onion,2873.3
2026-05-27,Maharashtra,Pune,Pune,Onion,2380.42
2026-05-28,Maharashtra,Pune,Pune,Onion,2781.59
2026-05-29,Maharashtra,Pune,Pune,Onion,2788.27
2026-05-30,Maharashtra,Pune,Pune,Onion,2853.15
2026-05-31,Maharashtra,Pune,Pune,Onion,2427.97
2026-06-01,Maharashtra,Pune,Pune,Onion,2198.96
2026-06-02,Maharashtra,Pune,Pune,Onion,2553.34
2026-06-03,Maharashtra,Pune,Pune,Onion,2675.3
2026-06-04,Maharashtra,Pune,Pune,Onion,3005.01
2026-06-05,Maharashtra,Pune,Pune,Onion,2497.7
2026-06-06,Maharashtra,Pune,Pune,Onion,2881.26
2026-06-07,Maharashtra,Pune,Pune,Onion,2969.98
2026-06-08,Maharashtra,Pune,Pune,Onion,2407.2
2026-06-09,Maharashtra,Pune,Pune,Onion,2267.58
2026-06-10,Maharashtra,Pune,Pune,Onion,2515.43
2026-06-11,Maharashtra,Pune,Pune,Onion,2687.72
2026-06-12,Maharashtra,Pune,Pune,Onion,2811.37
2026-06-13,Maharashtra,Pune,Pune,Onion,2520.7
2026-06-14,Maharashtra,Pune,Pune,Onion,2786.31
2026-06-15,Maharashtra,Pune,Pune,Onion,2248.03
2026-06-16,Maharashtra,Pune,Pune,Onion,2158.66
2026-06-17,Maharashtra,Pune,Pune,Onion,2750.29
2026-06-18,Maharashtra,Pune,Pune,Onion,2225.32
2026-06-19,Maharashtra,Pune,Pune,Onion,2627.57
2026-06-20,Maharashtra,Pune,Pune,Onion,3156.87
2026-06-21,Maharashtra,Pune,Pune,Onion,2473.86
2026-06-22,Maharashtra,Pune,Pune,Onion,2213.8
2026-06-23,Maharashtra,Pune,Pune,Onion,2411.62
2026-06-24,Maharashtra,Pune,Pune,Onion,2505.38
2026-06-25,Maharashtra,Pune,Pune,Onion,2636.15
2026-06-26,Maharashtra,Pune,Pune,Onion,2746.91
2026-06-27,Maharashtra,Pune,Pune,Onion,2366.17
2026-06-28,Maharashtra,Pune,Pune,Onion,2725.93
2026-06-29,Maharashtra,Pune,Pune,Onion,2405.76
2026-06-30,Maharashtra,Pune,Pune,Onion,2505.06
2026-07-01,Maharashtra,Pune,Pune,Onion,2366.29
2026-07-02,Maharashtra,Pune,Pune,Onion,2797.08
2026-07-03,Maharashtra,Pune,Pune,Onion,2537.45
2026-07-04,Maharashtra,Pune,Pune,Onion,2560.32
2026-07-05,Maharashtra,Pune,Pune,Onion,2242.62
2026-07-06,Maharashtra,Pune,Pune,Onion,2165.19
2026-07-07,Maharashtra,Pune,Pune,Onion,2458.83
2026-07-08,Maharashtra,Pune,Pune,Onion,2359.98
2026-07-09,Maharashtra,Pune,Pune,Onion,2374.06
2026-07-10,Maharashtra,Pune,Pune,Onion,2428.06
2026-07-11,Maharashtra,Pune,Pune,Onion,2592.12
2026-07-12,Maharashtra,Pune,Pune,Onion,2256.84
2026-07-13,Maharashtra,Pune,Pune,Onion,2271.33
2026-07-14,Maharashtra,Pune,Pune,Onion,2310.51
2026-07-15,Maharashtra,Pune,Pune,Onion,2074.79
2026-07-16,Maharashtra,Pune,Pune,Onion,2228.52
2026-07-17,Maharashtra,Pune,Pune,Onion,2560.55
2026-07-18,Maharashtra,Pune,Pune,Onion,2306.08
2026-07-19,Maharashtra,Pune,Pune,Onion,2494.75
2026-07-20,Maharashtra,Pune,Pune,Onion,2406.02
2026-07-21,Maharashtra,Pune,Pune,Onion,2385.53
2026-07-22,Maharashtra,Pune,Pune,Onion,2658.61
2026-07-23,Maharashtra,Pune,Pune,Onion,2430.63
2026-07-24,Maharashtra,Pune,Pune,Onion,2573.82
2026-07-25,Maharashtra,Pune,Pune,Onion,2295.21
2026-07-26,Maharashtra,Pune,Pune,Onion,2678.84
2026-07-27,Maharashtra,Pune,Pune,Onion,2526.2
2026-07-28,Maharashtra,Pune,Pune,Onion,2237.62
2026-07-29,Maharashtra,Pune,Pune,Onion,2384.43
2026-07-30,Maharashtra,Pune,Pune,Onion,2636.13
2026-07-31,Maharashtra,Pune,Pune,Onion,2399.23
2026-08-01,Maharashtra,Pune,Pune,Onion,2248.28
2026-08-02,Maharashtra,Pune,Pune,Onion,2389.47
2026-08-03,Maharashtra,Pune,Pune,Onion,2196.81
2026-08-04,Maharashtra,Pune,Pune,Onion,2230.58
2026-08-05,Maharashtra,Pune,Pune,Onion,2153.64
2026-08-06,Maharashtra,Pune,Pune,Onion,2086.57
2026-08-07,Maharashtra,Pune,Pune,Onion,2428.4
2026-08-08,Maharashtra,Pune,Pune,Onion,2469.74
2026-08-09,Maharashtra,Pune,Pune,Onion,2184.48
2026-08-10,Maharashtra,Pune,Pune,Onion,2370.53
2026-08-11,Maharashtra,Pune,Pune,Onion,2064.59
2026-08-12,Maharashtra,Pune,Pune,Onion,2089.09
2026-08-13,Maharashtra,Pune,Pune,Onion,2328.37
2026-08-14,Maharashtra,Pune,Pune,Onion,2343.1
2026-08-15,Maharashtra,Pune,Pune,Onion,2415.26
2026-08-16,Maharashtra,Pune,Pune,Onion,2071.64
2026-08-17,Maharashtra,Pune,Pune,Onion,2329.73
2026-08-18,Maharashtra,Pune,Pune,Onion,2439.16
2026-08-19,Maharashtra,Pune,Pune,Onion,2221.27
2026-08-20,Maharashtra,Pune,Pune,Onion,2512.7
2026-08-21,Maharashtra,Pune,Pune,Onion,2156.03
2026-08-22,Maharashtra,Pune,Pune,Onion,2434.94
2026-08-23,Maharashtra,Pune,Pune,Onion,2323.63
2026-08-24,Maharashtra,Pune,Pune,Onion,2228.86
2026-08-25,Maharashtra,Pune,Pune,Onion,2117.65
2026-08-26,Maharashtra,Pune,Pune,Onion,1747.41
2026-08-27,Maharashtra,Pune,Pune,Onion,2183.14
2026-08-28,Maharashtra,Pune,Pune,Onion,2202.92
2026-08-29,Maharashtra,Pune,Pune,Onion,2087.91
2026-08-30,Maharashtra,Pune,Pune,Onion,2161.74
2026-08-31,Maharashtra,Pune,Pune,Onion,2020.44
2025-01-01,Maharashtra,Pune,Pune,Potato,1733.79
2025-01-02,Maharashtra,Pune,Pune,Potato,1775.42
2025-01-03,Maharashtra,Pune,Pune,Potato,1843.8
2025-01-04,Maharashtra,Pune,Pune,Potato,2045.34
2025-01-05,Maharashtra,Pune,Pune,Potato,1736.94
2025-01-06,Maharashtra,Pune,Pune,Potato,1711.96
2025-01-07,Maharashtra,Pune,Pune,Potato,1741.67
2025-01-08,Maharashtra,Pune,Pune,Potato,1922.33
2025-01-09,Maharashtra,Pune,Pune,Potato,2019.26
2025-01-10,Maharashtra,Pune,Pune,Potato,1558.47
2025-01-11,Maharashtra,Pune,Pune,Potato,2073.35
2025-01-12,Maharashtra,Pune,Pune,Potato,2044.85
2025-01-13,Maharashtra,Pune,Pune,Potato,1678.55
2025-01-14,Maharashtra,Pune,Pune,Potato,1710.33
2025-01-15,Maharashtra,Pune,Pune,Potato,1854.85
2025-01-16,Maharashtra,Pune,Pune,Potato,1889.98
2025-01-17,Maharashtra,Pune,Pune,Potato,2051.32
2025-01-18,Maharashtra,Pune,Pune,Potato,1704.11
2025-01-19,Maharashtra,Pune,Pune,Potato,1746.04
2025-01-20,Maharashtra,Pune,Pune,Potato,2045.84
2025-01-21,Maharashtra,Pune,Pune,Potato,1749.05
2025-01-22,Maharashtra,Pune,Pune,Potato,2121.75
2025-01-23,Maharashtra,Pune,Pune,Potato,2084.08
2025-01-24,Maharashtra,Pune,Pune,Potato,1797.15
2025-01-25,Maharashtra,Pune,Pune,Potato,2099.26
2025-01-26,Maharashtra,Pune,Pune,Potato,1913.57
2025-01-27,Maharashtra,Pune,Pune,Potato,1820.92
2025-01-28,Maharashtra,Pune,Pune,Potato,1937.44
2025-01-29,Maharashtra,Pune,Pune,Potato,2053.25
2025-01-30,Maharashtra,Pune,Pune,Potato,2172.56
2025-01-31,Maharashtra,Pune,Pune,Potato,2267.12
2025-02-01,Maharashtra,Pune,Pune,Potato,2103.74
2025-02-02,Maharashtra,Pune,Pune,Potato,1774.11
2025-02-03,Maharashtra,Pune,Pune,Potato,1849.97
2025-02-04,Maharashtra,Pune,Pune,Potato,2336.49
2025-02-05,Maharashtra,Pune,Pune,Potato,2123.35
2025-02-06,Maharashtra,Pune,Pune,Potato,2453.75
2025-02-07,Maharashtra,Pune,Pune,Potato,2337.03
2025-02-08,Maharashtra,Pune,Pune,Potato,2113.97
2025-02-09,Maharashtra,Pune,Pune,Potato,2037.0
2025-02-10,Maharashtra,Pune,Pune,Potato,1939.0
2025-02-11,Maharashtra,Pune,Pune,Potato,1728.54
2025-02-12,Maharashtra,Pune,Pune,Potato,2054.94
2025-02-13,Maharashtra,Pune,Pune,Potato,2318.15
2025-02-14,Maharashtra,Pune,Pune,Potato,2070.62
2025-02-15,Maharashtra,Pune,Pune,Potato,2170.71
2025-02-16,Maharashtra,Pune,Pune,Potato,2144.99
2025-02-17,Maharashtra,Pune,Pune,Potato,1846.63
2025-02-18,Maharashtra,Pune,Pune,Potato,1933.03
2025-02-19,Maharashtra,Pune,Pune,Potato,1932.96
2025-02-20,Maharashtra,Pune,Pune,Potato,2041.97
2025-02-21,Maharashtra,Pune,Pune,Potato,1993.36
2025-02-22,Maharashtra,Pune,Pune,Potato,2003.4
2025-02-23,Maharashtra,Pune,Pune,Potato,2254.79
2025-02-24,Maharashtra,Pune,Pune,Potato,1869.73
2025-02-25,Maharashtra,Pune,Pune,Potato,2039.37
2025-02-26,Maharashtra,Pune,Pune,Potato,2033.06
2025-02-27,Maharashtra,Pune,Pune,Potato,2374.18
2025-02-28,Maharashtra,Pune,Pune,Potato,2420.62
2025-03-01,Maharashtra,Pune,Pune,Potato,2294.17
2025-03-02,Maharashtra,Pune,Pune,Potato,2119.09
2025-03-03,Maharashtra,Pune,Pune,Potato,1987.61
2025-03-04,Maharashtra,Pune,Pune,Potato,1873.26
2025-03-05,Maharashtra,Pune,Pune,Potato,2419.73
2025-03-06,Maharashtra,Pune,Pune,Potato,2098.44
2025-03-07,Maharashtra,Pune,Pune,Potato,2343.98
2025-03-08,Maharashtra,Pune,Pune,Potato,2347.08
2025-03-09,Maharashtra,Pune,Pune,Potato,2013.48
2025-03-10,Maharashtra,Pune,Pune,Potato,2187.71
2025-03-11,Maharashtra,Pune,Pune,Potato,2173.05
2025-03-12,Maharashtra,Pune,Pune,Potato,2409.09
2025-03-13,Maharashtra,Pune,Pune,Potato,2162.23
2025-03-14,Maharashtra,Pune,Pune,Potato,2055.6
2025-03-15,Maharashtra,Pune,Pune,Potato,2125.04
2025-03-16,Maharashtra,Pune,Pune,Potato,2142.46
2025-03-17,Maharashtra,Pune,Pune,Potato,2063.59
2025-03-18,Maharashtra,Pune,Pune,Potato,2020.81
2025-03-19,Maharashtra,Pune,Pune,Potato,1875.26
2025-03-20,Maharashtra,Pune,Pune,Potato,2325.25
2025-03-21,Maharashtra,Pune,Pune,Potato,2587.86
2025-03-22,Maharashtra,Pune,Pune,Potato,2289.07
2025-03-23,Maharashtra,Pune,Pune,Potato,2215.06
2025-03-24,Maharashtra,Pune,Pune,Potato,2150.04
2025-03-25,Maharashtra,Pune,Pune,Potato,2147.68
2025-03-26,Maharashtra,Pune,Pune,Potato,2317.91
2025-03-27,Maharashtra,Pune,Pune,Potato,2325.04
2025-03-28,Maharashtra,Pune,Pune,Potato,2234.72
2025-03-29,Maharashtra,Pune,Pune,Potato,2102.87
2025-03-30,Maharashtra,Pune,Pune,Potato,2096.24
2025-03-31,Maharashtra,Pune,Pune,Potato,2120.98
2025-04-01,Maharashtra,Pune,Pune,Potato,2050.86
2025-04-02,Maharashtra,Pune,Pune,Potato,2231.43
2025-04-03,Maharashtra,Pune,Pune,Potato,2339.26
2025-04-04,Maharashtra,Pune,Pune,Potato,2424.88
2025-04-05,Maharashtra,Pune,Pune,Potato,2433.19
2025-04-06,Maharashtra,Pune,Pune,Potato,2150.02
2025-04-07,Maharashtra,Pune,Pune,Potato,1889.2
2025-04-08,Maharashtra,Pune,Pune,Potato,2050.22
2025-04-09,Maharashtra,Pune,Pune,Potato,2193.4
2025-04-10,Maharashtra,Pune,Pune,Potato,1980.27
2025-04-11,Maharashtra,Pune,Pune,Potato,2516.36
2025-04-12,Maharashtra,Pune,Pune,Potato,2256.49
2025-04-13,Maharashtra,Pune,Pune,Potato,2196.33
2025-04-14,Maharashtra,Pune,Pune,Potato,2278.68
2025-04-15,Maharashtra,Pune,Pune,Potato,2008.04
2025-04-16,Maharashtra,Pune,Pune,Potato,2273.62
2025-04-17,Maharashtra,Pune,Pune,Potato,2253.29
2025-04-18,Maharashtra,Pune,Pune,Potato,2261.76
2025-04-19,Maharashtra,Pune,Pune,Potato,2110.92
2025-04-20,Maharashtra,Pune,Pune,Potato,2385.14
2025-04-21,Maharashtra,Pune,Pune,Potato,2021.69
2025-04-22,Maharashtra,Pune,Pune,Potato,2199.16
2025-04-23,Maharashtra,Pune,Pune,Potato,1894.61
2025-04-24,Maharashtra,Pune,Pune,Potato,2452.11
2025-04-25,Maharashtra,Pune,Pune,Potato,2453.2
2025-04-26,Maharashtra,Pune,Pune,Potato,2239.92
2025-04-27,Maharashtra,Pune,Pune,Potato,2095.2
2025-04-28,Maharashtra,Pune,Pune,Potato,2126.79
2025-04-29,Maharashtra,Pune,Pune,Potato,2423.1
2025-04-30,Maharashtra,Pune,Pune,Potato,1903.87
2025-05-01,Maharashtra,Pune,Pune,Potato,2378.66
2025-05-02,Maharashtra,Pune,Pune,Potato,2129.28
2025-05-03,Maharashtra,Pune,Pune,Potato,2210.89
2025-05-04,Maharashtra,Pune,Pune,Potato,2081.43
2025-05-05,Maharashtra,Pune,Pune,Potato,1996.12
2025-05-06,Maharashtra,Pune,Pune,Potato,2075.3
2025-05-07,Maharashtra,Pune,Pune,Potato,1987.85
2025-05-08,Maharashtra,Pune,Pune,Potato,2402.98
2025-05-09,Maharashtra,Pune,Pune,Potato,1976.2
2025-05-10,Maharashtra,Pune,Pune,Potato,2282.55
2025-05-11,Maharashtra,Pune,Pune,Potato,2055.69
2025-05-12,Maharashtra,Pune,Pune,Potato,1875.85
2025-05-13,Maharashtra,Pune,Pune,Potato,2090.92
2025-05-14,Maharashtra,Pune,Pune,Potato,1909.49
2025-05-15,Maharashtra,Pune,Pune,Potato,2230.33
2025-05-16,Maharashtra,Pune,Pune,Potato,2018.71
2025-05-17,Maharashtra,Pune,Pune,Potato,2251.85
2025-05-18,Maharashtra,Pune,Pune,Potato,1951.07
2025-05-19,Maharashtra,Pune,Pune,Potato,1961.71
2025-05-20,Maharashtra,Pune,Pune,Potato,2085.47
2025-05-21,Maharashtra,Pune,Pune,Potato,2008.74
2025-05-22,Maharashtra,Pune,Pune,Potato,2194.51
2025-05-23,Maharashtra,Pune,Pune,Potato,1985.36
2025-05-24,Maharashtra,Pune,Pune,Potato,2255.58
2025-05-25,Maharashtra,Pune,Pune,Potato,2320.47
2025-05-26,Maharashtra,Pune,Pune,Potato,2397.01
2025-05-27,Maharashtra,Pune,Pune,Potato,2035.18
2025-05-28,Maharashtra,Pune,Pune,Potato,2217.11
2025-05-29,Maharashtra,Pune,Pune,Potato,1908.07
2025-05-30,Maharashtra,Pune,Pune,Potato,2427.42
2025-05-31,Maharashtra,Pune,Pune,Potato,2252.2
2025-06-01,Maharashtra,Pune,Pune,Potato,1972.75
2025-06-02,Maharashtra,Pune,Pune,Potato,2153.67
2025-06-03,Maharashtra,Pune,Pune,Potato,1963.02
2025-06-04,Maharashtra,Pune,Pune,Potato,2009.66
2025-06-05,Maharashtra,Pune,Pune,Potato,2225.15
2025-06-06,Maharashtra,Pune,Pune,Potato,2008.04
2025-06-07,Maharashtra,Pune,Pune,Potato,2260.52
2025-06-08,Maharashtra,Pune,Pune,Potato,1867.23
2025-06-09,Maharashtra,Pune,Pune,Potato,1812.97
2025-06-10,Maharashtra,Pune,Pune,Potato,1847.24
2025-06-11,Maharashtra,Pune,Pune,Potato,2158.09
2025-06-12,Maharashtra,Pune,Pune,Potato,2033.32
2025-06-13,Maharashtra,Pune,Pune,Potato,1938.59
2025-06-14,Maharashtra,Pune,Pune,Potato,1992.95
2025-06-15,Maharashtra,Pune,Pune,Potato,1984.32
2025-06-16,Maharashtra,Pune,Pune,Potato,1770.31
2025-06-17,Maharashtra,Pune,Pune,Potato,1788.59
2025-06-18,Maharashtra,Pune,Pune,Potato,2318.97
2025-06-19,Maharashtra,Pune,Pune,Potato,1968.77
2025-06-20,Maharashtra,Pune,Pune,Potato,2062.28
2025-06-21,Maharashtra,Pune,Pune,Potato,1998.48
2025-06-22,Maharashtra,Pune,Pune,Potato,1902.1
2025-06-23,Maharashtra,Pune,Pune,Potato,1984.33
2025-06-24,Maharashtra,Pune,Pune,Potato,2043.99
2025-06-25,Maharashtra,Pune,Pune,Potato,1947.78
2025-06-26,Maharashtra,Pune,Pune,Potato,1885.08
2025-06-27,Maharashtra,Pune,Pune,Potato,2263.7
2025-06-28,Maharashtra,Pune,Pune,Potato,2006.74
2025-06-29,Maharashtra,Pune,Pune,Potato,2163.92
2025-06-30,Maharashtra,Pune,Pune,Potato,1578.23
2025-07-01,Maharashtra,Pune,Pune,Potato,1913.18
2025-07-02,Maharashtra,Pune,Pune,Potato,2222.93
2025-07-03,Maharashtra,Pune,Pune,Potato,1981.52
2025-07-04,Maharashtra,Pune,Pune,Potato,2013.72
2025-07-05,Maharashtra,Pune,Pune,Potato,2029.86
2025-07-06,Maharashtra,Pune,Pune,Potato,1825.63
2025-07-07,Maharashtra,Pune,Pune,Potato,1802.95
2025-07-08,Maharashtra,Pune,Pune,Potato,1813.76
2025-07-09,Maharashtra,Pune,Pune,Potato,1844.15
2025-07-10,Maharashtra,Pune,Pune,Potato,2171.71
2025-07-11,Maharashtra,Pune,Pune,Potato,2078.66
2025-07-12,Maharashtra,Pune,Pune,Potato,1991.59
2025-07-13,Maharashtra,Pune,Pune,Potato,1975.69
2025-07-14,Maharashtra,Pune,Pune,Potato,1780.44
2025-07-15,Maharashtra,Pune,Pune,Potato,1729.17
2025-07-16,Maharashtra,Pune,Pune,Potato,1818.22
2025-07-17,Maharashtra,Pune,Pune,Potato,1968.27
2025-07-18,Maharashtra,Pune,Pune,Potato,1834.87
2025-07-19,Maharashtra,Pune,Pune,Potato,1858.87
2025-07-20,Maharashtra,Pune,Pune,Potato,1773.88
2025-07-21,Maharashtra,Pune,Pune,Potato,2050.98
2025-07-22,Maharashtra,Pune,Pune,Potato,1450.12
2025-07-23,Maharashtra,Pune,Pune,Potato,1845.07
2025-07-24,Maharashtra,Pune,Pune,Potato,2171.32
2025-07-25,Maharashtra,Pune,Pune,Potato,1967.62
2025-07-26,Maharashtra,Pune,Pune,Potato,1996.49
2025-07-27,Maharashtra,Pune,Pune,Potato,1824.62
2025-07-28,Maharashtra,Pune,Pune,Potato,1675.9
2025-07-29,Maharashtra,Pune,Pune,Potato,1493.94
2025-07-30,Maharashtra,Pune,Pune,Potato,1866.63
2025-07-31,Maharashtra,Pune,Pune,Potato,1804.43
2025-08-01,Maharashtra,Pune,Pune,Potato,1814.02
2025-08-02,Maharashtra,Pune,Pune,Potato,1802.93
2025-08-03,Maharashtra,Pune,Pune,Potato,2003.17
2025-08-04,Maharashtra,Pune,Pune,Potato,2023.79
2025-08-05,Maharashtra,Pune,Pune,Potato,1772.75
2025-08-06,Maharashtra,Pune,Pune,Potato,1754.57
2025-08-07,Maharashtra,Pune,Pune,Potato,1725.72
2025-08-08,Maharashtra,Pune,Pune,Potato,1956.56
2025-08-09,Maharashtra,Pune,Pune,Potato,2071.84
2025-08-10,Maharashtra,Pune,Pune,Potato,1729.86
2025-08-11,Maharashtra,Pune,Pune,Potato,1423.9
2025-08-12,Maharashtra,Pune,Pune,Potato,1803.29
2025-08-13,Maharashtra,Pune,Pune,Potato,1912.68
2025-08-14,Maharashtra,Pune,Pune,Potato,1649.8
2025-08-15,Maharashtra,Pune,Pune,Potato,1892.79
2025-08-16,Maharashtra,Pune,Pune,Potato,1875.68
2025-08-17,Maharashtra,Pune,Pune,Potato,1729.12
2025-08-18,Maharashtra,Pune,Pune,Potato,1593.68
2025-08-19,Maharashtra,Pune,Pune,Potato,1822.33
2025-08-20,Maharashtra,Pune,Pune,Potato,1717.73
2025-08-21,Maharashtra,Pune,Pune,Potato,1643.15
2025-08-22,Maharashtra,Pune,Pune,Potato,1582.81
2025-08-23,Maharashtra,Pune,Pune,Potato,1956.12
2025-08-24,Maharashtra,Pune,Pune,Potato,1792.74
2025-08-25,Maharashtra,Pune,Pune,Potato,1678.86
2025-08-26,Maharashtra,Pune,Pune,Potato,1631.23
2025-08-27,Maharashtra,Pune,Pune,Potato,1684.36
2025-08-28,Maharashtra,Pune,Pune,Potato,1678.37
2025-08-29,Maharashtra,Pune,Pune,Potato,1774.25
2025-08-30,Maharashtra,Pune,Pune,Potato,1515.87
2025-08-31,Maharashtra,Pune,Pune,Potato,1614.62
2025-09-01,Maharashtra,Pune,Pune,Potato,1617.3
2025-09-02,Maharashtra,Pune,Pune,Potato,1739.35
2025-09-03,Maharashtra,Pune,Pune,Potato,1729.22
2025-09-04,Maharashtra,Pune,Pune,Potato,1900.09
2025-09-05,Maharashtra,Pune,Pune,Potato,1986.18
2025-09-06,Maharashtra,Pune,Pune,Potato,1897.08
2025-09-07,Maharashtra,Pune,Pune,Potato,1745.31
2025-09-08,Maharashtra,Pune,Pune,Potato,1642.83
2025-09-09,Maharashtra,Pune,Pune,Potato,1542.99
2025-09-10,Maharashtra,Pune,Pune,Potato,1811.98
2025-09-11,Maharashtra,Pune,Pune,Potato,1999.08
2025-09-12,Maharashtra,Pune,Pune,Potato,1847.3
2025-09-13,Maharashtra,Pune,Pune,Potato,1992.13
2025-09-14,Maharashtra,Pune,Pune,Potato,1501.3
2025-09-15,Maharashtra,Pune,Pune,Potato,1501.43
2025-09-16,Maharashtra,Pune,Pune,Potato,1747.86
2025-09-17,Maharashtra,Pune,Pune,Potato,1747.16
2025-09-18,Maharashtra,Pune,Pune,Potato,1945.61
2025-09-19,Maharashtra,Pune,Pune,Potato,1795.71
2025-09-20,Maharashtra,Pune,Pune,Potato,1644.36
2025-09-21,Maharashtra,Pune,Pune,Potato,1650.89
2025-09-22,Maharashtra,Pune,Pune,Potato,1454.46
2025-09-23,Maharashtra,Pune,Pune,Potato,1515.53
2025-09-24,Maharashtra,Pune,Pune,Potato,1828.85
2025-09-25,Maharashtra,Pune,Pune,Potato,1887.82
2025-09-26,Maharashtra,Pune,Pune,Potato,1841.27
2025-09-27,Maharashtra,Pune,Pune,Potato,1538.65
2025-09-28,Maharashtra,Pune,Pune,Potato,1633.25
2025-09-29,Maharashtra,Pune,Pune,Potato,1489.49
2025-09-30,Maharashtra,Pune,Pune,Potato,1781.63
2025-10-01,Maharashtra,Pune,Pune,Potato,1643.45
2025-10-02,Maharashtra,Pune,Pune,Potato,1645.63
2025-10-03,Maharashtra,Pune,Pune,Potato,1801.94
2025-10-04,Maharashtra,Pune,Pune,Potato,1673.99
2025-10-05,Maharashtra,Pune,Pune,Potato,1853.25
2025-10-06,Maharashtra,Pune,Pune,Potato,1549.28
2025-10-07,Maharashtra,Pune,Pune,Potato,1489.11
2025-10-08,Maharashtra,Pune,Pune,Potato,1459.96
2025-10-09,Maharashtra,Pune,Pune,Potato,1783.57
2025-10-10,Maharashtra,Pune,Pune,Potato,1734.32
2025-10-11,Maharashtra,Pune,Pune,Potato,1584.07
2025-10-12,Maharashtra,Pune,Pune,Potato,1827.18
2025-10-13,Maharashtra,Pune,Pune,Potato,1718.23
2025-10-14,Maharashtra,Pune,Pune,Potato,1656.48
2025-10-15,Maharashtra,Pune,Pune,Potato,1894.09
2025-10-16,Maharashtra,Pune,Pune,Potato,1881.81
2025-10-17,Maharashtra,Pune,Pune,Potato,1712.41
2025-10-18,Maharashtra,Pune,Pune,Potato,1643.27
2025-10-19,Maharashtra,Pune,Pune,Potato,1796.21
2025-10-20,Maharashtra,Pune,Pune,Potato,1699.86
2025-10-21,Maharashtra,Pune,Pune,Potato,1692.77
2025-10-22,Maharashtra,Pune,Pune,Potato,1639.95
2025-10-23,Maharashtra,Pune,Pune,Potato,1891.06
2025-10-24,Maharashtra,Pune,Pune,Potato,1736.36
2025-10-25,Maharashtra,Pune,Pune,Potato,1775.87
2025-10-26,Maharashtra,Pune,Pune,Potato,1888.99
2025-10-27,Maharashtra,Pune,Pune,Potato,1593.15
2025-10-28,Maharashtra,Pune,Pune,Potato,1503.98
2025-10-29,Maharashtra,Pune,Pune,Potato,1631.92
2025-10-30,Maharashtra,Pune,Pune,Potato,1961.3
2025-10-31,Maharashtra,Pune,Pune,Potato,1886.98
2025-11-01,Maharashtra,Pune,Pune,Potato,1792.98
2025-11-02,Maharashtra,Pune,Pune,Potato,1673.76
2025-11-03,Maharashtra,Pune,Pune,Potato,1748.2
2025-11-04,Maharashtra,Pune,Pune,Potato,1609.45
2025-11-05,Maharashtra,Pune,Pune,Potato,1822.4
2025-11-06,Maharashtra,Pune,Pune,Potato,1762.55
2025-11-07,Maharashtra,Pune,Pune,Potato,1760.63
2025-11-08,Maharashtra,Pune,Pune,Potato,1752.14
2025-11-09,Maharashtra,Pune,Pune,Potato,1713.52
2025-11-10,Maharashtra,Pune,Pune,Potato,1708.89
2025-11-11,Maharashtra,Pune,Pune,Potato,1764.51
2025-11-12,Maharashtra,Pune,Pune,Potato,1343.05
2025-11-13,Maharashtra,Pune,Pune,Potato,1778.87
2025-11-14,Maharashtra,Pune,Pune,Potato,1855.03
2025-11-15,Maharashtra,Pune,Pune,Potato,2058.59
2025-11-16,Maharashtra,Pune,Pune,Potato,1652.32
2025-11-17,Maharashtra,Pune,Pune,Potato,1761.99
2025-11-18,Maharashtra,Pune,Pune,Potato,1948.64
2025-11-19,Maharashtra,Pune,Pune,Potato,1671.11
2025-11-20,Maharashtra,Pune,Pune,Potato,1969.74
2025-11-21,Maharashtra,Pune,Pune,Potato,1830.56
2025-11-22,Maharashtra,Pune,Pune,Potato,1827.28
2025-11-23,Maharashtra,Pune,Pune,Potato,1716.12
2025-11-24,Maharashtra,Pune,Pune,Potato,1681.78
2025-11-25,Maharashtra,Pune,Pune,Potato,2137.26
2025-11-26,Maharashtra,Pune,Pune,Potato,1983.84
2025-11-27,Maharashtra,Pune,Pune,Potato,2101.96
2025-11-28,Maharashtra,Pune,Pune,Potato,2042.83
2025-11-29,Maharashtra,Pune,Pune,Potato,1712.13
2025-11-30,Maharashtra,Pune,Pune,Potato,1903.29
2025-12-01,Maharashtra,Pune,Pune,Potato,1941.38
2025-12-02,Maharashtra,Pune,Pune,Potato,1719.8
2025-12-03,Maharashtra,Pune,Pune,Potato,2037.69
2025-12-04,Maharashtra,Pune,Pune,Potato,2086.87
2025-12-05,Maharashtra,Pune,Pune,Potato,2273.84
2025-12-06,Maharashtra,Pune,Pune,Potato,1908.94
2025-12-07,Maharashtra,Pune,Pune,Potato,1743.16
2025-12-08,Maharashtra,Pune,Pune,Potato,1794.61
2025-12-09,Maharashtra,Pune,Pune,Potato,2052.62
2025-12-10,Maharashtra,Pune,Pune,Potato,1697.46
2025-12-11,Maharashtra,Pune,Pune,Potato,1734.79
2025-12-12,Maharashtra,Pune,Pune,Potato,2066.06
2025-12-13,Maharashtra,Pune,Pune,Potato,1943.86
2025-12-14,Maharashtra,Pune,Pune,Potato,1927.41
2025-12-15,Maharashtra,Pune,Pune,Potato,2002.83
2025-12-16,Maharashtra,Pune,Pune,Potato,1829.49
2025-12-17,Maharashtra,Pune,Pune,Potato,1725.87
2025-12-18,Maharashtra,Pune,Pune,Potato,2366.19
2025-12-19,Maharashtra,Pune,Pune,Potato,1949.02
2025-12-20,Maharashtra,Pune,Pune,Potato,1895.43
2025-12-21,Maharashtra,Pune,Pune,Potato,2117.89
2025-12-22,Maharashtra,Pune,Pune,Potato,1865.62
2025-12-23,Maharashtra,Pune,Pune,Potato,1933.73
2025-12-24,Maharashtra,Pune,Pune,Potato,2095.8
2025-12-25,Maharashtra,Pune,Pune,Potato,2272.95
2025-12-26,Maharashtra,Pune,Pune,Potato,2088.65
2025-12-27,Maharashtra,Pune,Pune,Potato,2311.81
2025-12-28,Maharashtra,Pune,Pune,Potato,1706.6
2025-12-29,Maharashtra,Pune,Pune,Potato,2060.87
2025-12-30,Maharashtra,Pune,Pune,Potato,1865.92
2025-12-31,Maharashtra,Pune,Pune,Potato,2267.81
2026-01-01,Maharashtra,Pune,Pune,Potato,2177.62
2026-01-02,Maharashtra,Pune,Pune,Potato,2079.7
2026-01-03,Maharashtra,Pune,Pune,Potato,2231.28
2026-01-04,Maharashtra,Pune,Pune,Potato,2175.69
2026-01-05,Maharashtra,Pune,Pune,Potato,2086.47
2026-01-06,Maharashtra,Pune,Pune,Potato,1876.99
2026-01-07,Maharashtra,Pune,Pune,Potato,2039.55
2026-01-08,Maharashtra,Pune,Pune,Potato,2199.2
2026-01-09,Maharashtra,Pune,Pune,Potato,2220.11
2026-01-10,Maharashtra,Pune,Pune,Potato,2289.37
2026-01-11,Maharashtra,Pune,Pune,Potato,1794.07
2026-01-12,Maharashtra,Pune,Pune,Potato,2084.23
2026-01-13,Maharashtra,Pune,Pune,Potato,2021.07
2026-01-14,Maharashtra,Pune,Pune,Potato,2026.43
2026-01-15,Maharashtra,Pune,Pune,Potato,2126.49
2026-01-16,Maharashtra,Pune,Pune,Potato,2235.99
2026-01-17,Maharashtra,Pune,Pune,Potato,1658.54
2026-01-18,Maharashtra,Pune,Pune,Potato,2024.55
2026-01-19,Maharashtra,Pune,Pune,Potato,1948.47
2026-01-20,Maharashtra,Pune,Pune,Potato,2180.76
2026-01-21,Maharashtra,Pune,Pune,Potato,2069.96
2026-01-22,Maharashtra,Pune,Pune,Potato,2250.95
2026-01-23,Maharashtra,Pune,Pune,Potato,2562.25
2026-01-24,Maharashtra,Pune,Pune,Potato,2415.95
2026-01-25,Maharashtra,Pune,Pune,Potato,2305.28
2026-01-26,Maharashtra,Pune,Pune,Potato,2039.75
2026-01-27,Maharashtra,Pune,Pune,Potato,2221.88
2026-01-28,Maharashtra,Pune,Pune,Potato,2196.57
2026-01-29,Maharashtra,Pune,Pune,Potato,2294.21
2026-01-30,Maharashtra,Pune,Pune,Potato,2420.97
2026-01-31,Maharashtra,Pune,Pune,Potato,2202.26
2026-02-01,Maharashtra,Pune,Pune,Potato,2436.5
2026-02-02,Maharashtra,Pune,Pune,Potato,2125.93
2026-02-03,Maharashtra,Pune,Pune,Potato,2271.15
2026-02-04,Maharashtra,Pune,Pune,Potato,2502.09
2026-02-05,Maharashtra,Pune,Pune,Potato,2535.66
2026-02-06,Maharashtra,Pune,Pune,Potato,2156.3
2026-02-07,Maharashtra,Pune,Pune,Potato,2408.46
2026-02-08,Maharashtra,Pune,Pune,Potato,2374.93
2026-02-09,Maharashtra,Pune,Pune,Potato,2320.57
2026-02-10,Maharashtra,Pune,Pune,Potato,2038.79
2026-02-11,Maharashtra,Pune,Pune,Potato,2199.87
2026-02-12,Maharashtra,Pune,Pune,Potato,2568.22
2026-02-13,Maharashtra,Pune,Pune,Potato,2298.86
2026-02-14,Maharashtra,Pune,Pune,Potato,2320.77
2026-02-15,Maharashtra,Pune,Pune,Potato,2525.25
2026-02-16,Maharashtra,Pune,Pune,Potato,2208.39
2026-02-17,Maharashtra,Pune,Pune,Potato,2128.53
2026-02-18,Maharashtra,Pune,Pune,Potato,2194.64
2026-02-19,Maharashtra,Pune,Pune,Potato,2490.93
2026-02-20,Maharashtra,Pune,Pune,Potato,2231.66
2026-02-21,Maharashtra,Pune,Pune,Potato,2360.6
2026-02-22,Maharashtra,Pune,Pune,Potato,2357.99
2026-02-23,Maharashtra,Pune,Pune,Potato,2448.53
2026-02-24,Maharashtra,Pune,Pune,Potato,2377.18
2026-02-25,Maharashtra,Pune,Pune,Potato,2249.06
2026-02-26,Maharashtra,Pune,Pune,Potato,2667.21
2026-02-27,Maharashtra,Pune,Pune,Potato,2438.61
2026-02-28,Maharashtra,Pune,Pune,Potato,2220.15
2026-03-01,Maharashtra,Pune,Pune,Potato,2302.66
2026-03-02,Maharashtra,Pune,Pune,Potato,2498.16
2026-03-03,Maharashtra,Pune,Pune,Potato,2322.61
2026-03-04,Maharashtra,Pune,Pune,Potato,2394.96
2026-03-05,Maharashtra,Pune,Pune,Potato,2775.21
2026-03-06,Maharashtra,Pune,Pune,Potato,2264.26
2026-03-07,Maharashtra,Pune,Pune,Potato,2233.81
2026-03-08,Maharashtra,Pune,Pune,Potato,2087.27
2026-03-09,Maharashtra,Pune,Pune,Potato,2351.01
2026-03-10,Maharashtra,Pune,Pune,Potato,2344.3
2026-03-11,Maharashtra,Pune,Pune,Potato,2675.12
2026-03-12,Maharashtra,Pune,Pune,Potato,2554.41
2026-03-13,Maharashtra,Pune,Pune,Potato,2465.93
2026-03-14,Maharashtra,Pune,Pune,Potato,2475.19
2026-03-15,Maharashtra,Pune,Pune,Potato,2391.75
2026-03-16,Maharashtra,Pune,Pune,Potato,2038.68
2026-03-17,Maharashtra,Pune,Pune,Potato,2777.42
2026-03-18,Maharashtra,Pune,Pune,Potato,2520.18
2026-03-19,Maharashtra,Pune,Pune,Potato,2566.12
2026-03-20,Maharashtra,Pune,Pune,Potato,2664.57
2026-03-21,Maharashtra,Pune,Pune,Potato,2614.33
2026-03-22,Maharashtra,Pune,Pune,Potato,2363.2
2026-03-23,Maharashtra,Pune,Pune,Potato,2219.73
2026-03-24,Maharashtra,Pune,Pune,Potato,2446.01
2026-03-25,Maharashtra,Pune,Pune,Potato,2510.58
2026-03-26,Maharashtra,Pune,Pune,Potato,2397.57
2026-03-27,Maharashtra,Pune,Pune,Potato,2821.69
2026-03-28,Maharashtra,Pune,Pune,Potato,2553.2
2026-03-29,Maharashtra,Pune,Pune,Potato,2519.19
2026-03-30,Maharashtra,Pune,Pune,Potato,2558.68
2026-03-31,Maharashtra,Pune,Pune,Potato,2359.75
2026-04-01,Maharashtra,Pune,Pune,Potato,2507.32
2026-04-02,Maharashtra,Pune,Pune,Potato,2694.2
2026-04-03,Maharashtra,Pune,Pune,Potato,2443.46
2026-04-04,Maharashtra,Pune,Pune,Potato,2517.8
2026-04-05,Maharashtra,Pune,Pune,Potato,2423.42
2026-04-06,Maharashtra,Pune,Pune,Potato,2179.93
2026-04-07,Maharashtra,Pune,Pune,Potato,2743.25
2026-04-08,Maharashtra,Pune,Pune,Potato,2214.59
2026-04-09,Maharashtra,Pune,Pune,Potato,2320.81
2026-04-10,Maharashtra,Pune,Pune,Potato,2813.58
2026-04-11,Maharashtra,Pune,Pune,Potato,2635.37
2026-04-12,Maharashtra,Pune,Pune,Potato,2230.71
2026-04-13,Maharashtra,Pune,Pune,Potato,2435.97
2026-04-14,Maharashtra,Pune,Pune,Potato,2602.53
2026-04-15,Maharashtra,Pune,Pune,Potato,2450.43
2026-04-16,Maharashtra,Pune,Pune,Potato,3015.18
2026-04-17,Maharashtra,Pune,Pune,Potato,2263.5
2026-04-18,Maharashtra,Pune,Pune,Potato,2628.81
2026-04-19,Maharashtra,Pune,Pune,Potato,2595.77
2026-04-20,Maharashtra,Pune,Pune,Potato,2478.15
2026-04-21,Maharashtra,Pune,Pune,Potato,2321.65
2026-04-22,Maharashtra,Pune,Pune,Potato,2400.28
2026-04-23,Maharashtra,Pune,Pune,Potato,2623.78
2026-04-24,Maharashtra,Pune,Pune,Potato,2713.59
2026-04-25,Maharashtra,Pune,Pune,Potato,2604.83
2026-04-26,Maharashtra,Pune,Pune,Potato,2566.02
2026-04-27,Maharashtra,Pune,Pune,Potato,2158.52
2026-04-28,Maharashtra,Pune,Pune,Potato,2308.93
2026-04-29,Maharashtra,Pune,Pune,Potato,2279.54
2026-04-30,Maharashtra,Pune,Pune,Potato,2465.16
2026-05-01,Maharashtra,Pune,Pune,Potato,2736.81
2026-05-02,Maharashtra,Pune,Pune,Potato,2506.12
2026-05-03,Maharashtra,Pune,Pune,Potato,2813.94
2026-05-04,Maharashtra,Pune,Pune,Potato,2343.17
2026-05-05,Maharashtra,Pune,Pune,Potato,2342.96
2026-05-06,Maharashtra,Pune,Pune,Potato,2443.87
2026-05-07,Maharashtra,Pune,Pune,Potato,2405.78
2026-05-08,Maharashtra,Pune,Pune,Potato,2528.76
2026-05-09,Maharashtra,Pune,Pune,Potato,2666.03
2026-05-10,Maharashtra,Pune,Pune,Potato,2382.32
2026-05-11,Maharashtra,Pune,Pune,Potato,2168.05
2026-05-12,Maharashtra,Pune,Pune,Potato,2166.21
2026-05-13,Maharashtra,Pune,Pune,Potato,2331.7
2026-05-14,Maharashtra,Pune,Pune,Potato,2511.58
2026-05-15,Maharashtra,Pune,Pune,Potato,2729.18
2026-05-16,Maharashtra,Pune,Pune,Potato,2220.68
2026-05-17,Maharashtra,Pune,Pune,Potato,2291.02
2026-05-18,Maharashtra,Pune,Pune,Potato,2298.62
2026-05-19,Maharashtra,Pune,Pune,Potato,2000.92
2026-05-20,Maharashtra,Pune,Pune,Potato,2246.41
2026-05-21,Maharashtra,Pune,Pune,Potato,2357.51
2026-05-22,Maharashtra,Pune,Pune,Potato,2355.67
2026-05-23,Maharashtra,Pune,Pune,Potato,2459.28
2026-05-24,Maharashtra,Pune,Pune,Potato,2294.02
2026-05-25,Maharashtra,Pune,Pune,Potato,2164.89
2026-05-26,Maharashtra,Pune,Pune,Potato,2339.76
2026-05-27,Maharashtra,Pune,Pune,Potato,2645.02
2026-05-28,Maharashtra,Pune,Pune,Potato,2729.56
2026-05-29,Maharashtra,Pune,Pune,Potato,2135.15
2026-05-30,Maharashtra,Pune,Pune,Potato,2496.45
2026-05-31,Maharashtra,Pune,Pune,Potato,2265.1
2026-06-01,Maharashtra,Pune,Pune,Potato,2250.55
2026-06-02,Maharashtra,Pune,Pune,Potato,2182.4
2026-06-03,Maharashtra,Pune,Pune,Potato,2351.33
2026-06-04,Maharashtra,Pune,Pune,Potato,2444.54
2026-06-05,Maharashtra,Pune,Pune,Potato,2338.12
2026-06-06,Maharashtra,Pune,Pune,Potato,2220.91
2026-06-07,Maharashtra,Pune,Pune,Potato,2193.55
2026-06-08,Maharashtra,Pune,Pune,Potato,2233.89
2026-06-09,Maharashtra,Pune,Pune,Potato,2308.77
2026-06-10,Maharashtra,Pune,Pune,Potato,2438.98
2026-06-11,Maharashtra,Pune,Pune,Potato,2304.18
2026-06-12,Maharashtra,Pune,Pune,Potato,2451.88
2026-06-13,Maharashtra,Pune,Pune,Potato,2494.86
2026-06-14,Maharashtra,Pune,Pune,Potato,2415.8
2026-06-15,Maharashtra,Pune,Pune,Potato,2158.41
2026-06-16,Maharashtra,Pune,Pune,Potato,2151.01
2026-06-17,Maharashtra,Pune,Pune,Potato,2299.29
2026-06-18,Maharashtra,Pune,Pune,Potato,2163.32
2026-06-19,Maharashtra,Pune,Pune,Potato,2337.36
2026-06-20,Maharashtra,Pune,Pune,Potato,2423.47
2026-06-21,Maharashtra,Pune,Pune,Potato,2299.74
2026-06-22,Maharashtra,Pune,Pune,Potato,2094.95
2026-06-23,Maharashtra,Pune,Pune,Potato,2185.11
2026-06-24,Maharashtra,Pune,Pune,Potato,2105.93
2026-06-25,Maharashtra,Pune,Pune,Potato,2431.29
2026-06-26,Maharashtra,Pune,Pune,Potato,2320.81
2026-06-27,Maharashtra,Pune,Pune,Potato,2224.44
2026-06-28,Maharashtra,Pune,Pune,Potato,2112.18
2026-06-29,Maharashtra,Pune,Pune,Potato,2093.13
2026-06-30,Maharashtra,Pune,Pune,Potato,2052.49
2026-07-01,Maharashtra,Pune,Pune,Potato,2301.47
2026-07-02,Maharashtra,Pune,Pune,Potato,2217.8
2026-07-03,Maharashtra,Pune,Pune,Potato,2552.95
2026-07-04,Maharashtra,Pune,Pune,Potato,2461.44
2026-07-05,Maharashtra,Pune,Pune,Potato,1999.65
2026-07-06,Maharashtra,Pune,Pune,Potato,2079.09
2026-07-07,Maharashtra,Pune,Pune,Potato,1990.2
2026-07-08,Maharashtra,Pune,Pune,Potato,2115.49
2026-07-09,Maharashtra,Pune,Pune,Potato,2559.02
2026-07-10,Maharashtra,Pune,Pune,Potato,2211.37
2026-07-11,Maharashtra,Pune,Pune,Potato,2252.02
2026-07-12,Maharashtra,Pune,Pune,Potato,2178.0
2026-07-13,Maharashtra,Pune,Pune,Potato,1893.14
2026-07-14,Maharashtra,Pune,Pune,Potato,1928.83
2026-07-15,Maharashtra,Pune,Pune,Potato,1950.33
2026-07-16,Maharashtra,Pune,Pune,Potato,2071.36
2026-07-17,Maharashtra,Pune,Pune,Potato,1780.07
2026-07-18,Maharashtra,Pune,Pune,Potato,2243.75
2026-07-19,Maharashtra,Pune,Pune,Potato,2361.72
2026-07-20,Maharashtra,Pune,Pune,Potato,2023.85
2026-07-21,Maharashtra,Pune,Pune,Potato,1818.69
2026-07-22,Maharashtra,Pune,Pune,Potato,2001.87
2026-07-23,Maharashtra,Pune,Pune,Potato,2103.39
2026-07-24,Maharashtra,Pune,Pune,Potato,2032.56
2026-07-25,Maharashtra,Pune,Pune,Potato,2255.29
2026-07-26,Maharashtra,Pune,Pune,Potato,2147.59
2026-07-27,Maharashtra,Pune,Pune,Potato,1812.25
2026-07-28,Maharashtra,Pune,Pune,Potato,2088.21
2026-07-29,Maharashtra,Pune,Pune,Potato,2284.2
2026-07-30,Maharashtra,Pune,Pune,Potato,2424.6
2026-07-31,Maharashtra,Pune,Pune,Potato,2587.03
2026-08-01,Maharashtra,Pune,Pune,Potato,1962.49
2026-08-02,Maharashtra,Pune,Pune,Potato,2397.21
2026-08-03,Maharashtra,Pune,Pune,Potato,1893.91
2026-08-04,Maharashtra,Pune,Pune,Potato,1876.47
2026-08-05,Maharashtra,Pune,Pune,Potato,2079.62
2026-08-06,Maharashtra,Pune,Pune,Potato,2022.32
2026-08-07,Maharashtra,Pune,Pune,Potato,2182.79
2026-08-08,Maharashtra,Pune,Pune,Potato,1873.77
2026-08-09,Maharashtra,Pune,Pune,Potato,1939.97
2026-08-10,Maharashtra,Pune,Pune,Potato,2086.92
2026-08-11,Maharashtra,Pune,Pune,Potato,1922.6
2026-08-12,Maharashtra,Pune,Pune,Potato,2024.87
2026-08-13,Maharashtra,Pune,Pune,Potato,2148.63
2026-08-14,Maharashtra,Pune,Pune,Potato,2266.54
2026-08-15,Maharashtra,Pune,Pune,Potato,1801.07
2026-08-16,Maharashtra,Pune,Pune,Potato,2026.75
2026-08-17,Maharashtra,Pune,Pune,Potato,1854.41
2026-08-18,Maharashtra,Pune,Pune,Potato,1927.98
2026-08-19,Maharashtra,Pune,Pune,Potato,2126.79
2026-08-20,Maharashtra,Pune,Pune,Potato,1882.15
2026-08-21,Maharashtra,Pune,Pune,Potato,1922.82
2026-08-22,Maharashtra,Pune,Pune,Potato,1740.19
2026-08-23,Maharashtra,Pune,Pune,Potato,1850.4
2026-08-24,Maharashtra,Pune,Pune,Potato,2042.28
2026-08-25,Maharashtra,Pune,Pune,Potato,1868.51
2026-08-26,Maharashtra,Pune,Pune,Potato,1774.5
2026-08-27,Maharashtra,Pune,Pune,Potato,1962.77
2026-08-28,Maharashtra,Pune,Pune,Potato,1834.59
2026-08-29,Maharashtra,Pune,Pune,Potato,1835.43
2026-08-30,Maharashtra,Pune,Pune,Potato,1957.1
2026-08-31,Maharashtra,Pune,Pune,Potato,1698.17
2025-01-01,Maharashtra,Pune,Pune,Wheat,2727.05
2025-01-02,Maharashtra,Pune,Pune,Wheat,2623.49
2025-01-03,Maharashtra,Pune,Pune,Wheat,2684.89
2025-01-04,Maharashtra,Pune,Pune,Wheat,2556.82
2025-01-05,Maharashtra,Pune,Pune,Wheat,2639.63
2025-01-06,Maharashtra,Pune,Pune,Wheat,2575.84
2025-01-07,Maharashtra,Pune,Pune,Wheat,2531.9
2025-01-08,Maharashtra,Pune,Pune,Wheat,2684.01
2025-01-09,Maharashtra,Pune,Pune,Wheat,2650.6
2025-01-10,Maharashtra,Pune,Pune,Wheat,2826.66
2025-01-11,Maharashtra,Pune,Pune,Wheat,2597.66
2025-01-12,Maharashtra,Pune,Pune,Wheat,2555.19
2025-01-13,Maharashtra,Pune,Pune,Wheat,2443.24
2025-01-14,Maharashtra,Pune,Pune,Wheat,2442.69
2025-01-15,Maharashtra,Pune,Pune,Wheat,2506.39
2025-01-16,Maharashtra,Pune,Pune,Wheat,2833.76
2025-01-17,Maharashtra,Pune,Pune,Wheat,3031.8
2025-01-18,Maharashtra,Pune,Pune,Wheat,2935.17
2025-01-19,Maharashtra,Pune,Pune,Wheat,2375.53
2025-01-20,Maharashtra,Pune,Pune,Wheat,2768.59
2025-01-21,Maharashtra,Pune,Pune,Wheat,2514.78
2025-01-22,Maharashtra,Pune,Pune,Wheat,2796.66
2025-01-23,Maharashtra,Pune,Pune,Wheat,2618.69
2025-01-24,Maharashtra,Pune,Pune,Wheat,2857.54
2025-01-25,Maharashtra,Pune,Pune,Wheat,2824.27
2025-01-26,Maharashtra,Pune,Pune,Wheat,2377.31
2025-01-27,Maharashtra,Pune,Pune,Wheat,2696.34
2025-01-28,Maharashtra,Pune,Pune,Wheat,2865.83
2025-01-29,Maharashtra,Pune,Pune,Wheat,2699.03
2025-01-30,Maharashtra,Pune,Pune,Wheat,3117.28
2025-01-31,Maharashtra,Pune,Pune,Wheat,2841.53
2025-02-01,Maharashtra,Pune,Pune,Wheat,2979.55
2025-02-02,Maharashtra,Pune,Pune,Wheat,2280.13
2025-02-03,Maharashtra,Pune,Pune,Wheat,3076.39
2025-02-04,Maharashtra,Pune,Pune,Wheat,2942.74
2025-02-05,Maharashtra,Pune,Pune,Wheat,2723.33
2025-02-06,Maharashtra,Pune,Pune,Wheat,2494.44
2025-02-07,Maharashtra,Pune,Pune,Wheat,2986.48
2025-02-08,Maharashtra,Pune,Pune,Wheat,2569.42
2025-02-09,Maharashtra,Pune,Pune,Wheat,2828.41
2025-02-10,Maharashtra,Pune,Pune,Wheat,2749.98
2025-02-11,Maharashtra,Pune,Pune,Wheat,2527.6
2025-02-12,Maharashtra,Pune,Pune,Wheat,3043.41
2025-02-13,Maharashtra,Pune,Pune,Wheat,3104.12
2025-02-14,Maharashtra,Pune,Pune,Wheat,3174.85
2025-02-15,Maharashtra,Pune,Pune,Wheat,2902.87
2025-02-16,Maharashtra,Pune,Pune,Wheat,2507.63
2025-02-17,Maharashtra,Pune,Pune,Wheat,2897.42
2025-02-18,Maharashtra,Pune,Pune,Wheat,2692.68
2025-02-19,Maharashtra,Pune,Pune,Wheat,2583.33
2025-02-20,Maharashtra,Pune,Pune,Wheat,3261.12
2025-02-21,Maharashtra,Pune,Pune,Wheat,3455.08
2025-02-22,Maharashtra,Pune,Pune,Wheat,2931.5
2025-02-23,Maharashtra,Pune,Pune,Wheat,3246.36
2025-02-24,Maharashtra,Pune,Pune,Wheat,2764.48
2025-02-25,Maharashtra,Pune,Pune,Wheat,2705.51
2025-02-26,Maharashtra,Pune,Pune,Wheat,2769.58
2025-02-27,Maharashtra,Pune,Pune,Wheat,3361.23
2025-02-28,Maharashtra,Pune,Pune,Wheat,2882.07
2025-03-01,Maharashtra,Pune,Pune,Wheat,3127.67
2025-03-02,Maharashtra,Pune,Pune,Wheat,2740.96
2025-03-03,Maharashtra,Pune,Pune,Wheat,2688.38
2025-03-04,Maharashtra,Pune,Pune,Wheat,3012.86
2025-03-05,Maharashtra,Pune,Pune,Wheat,2850.78
2025-03-06,Maharashtra,Pune,Pune,Wheat,2961.06
2025-03-07,Maharashtra,Pune,Pune,Wheat,3324.11
2025-03-08,Maharashtra,Pune,Pune,Wheat,3340.35
2025-03-09,Maharashtra,Pune,Pune,Wheat,3010.49
2025-03-10,Maharashtra,Pune,Pune,Wheat,2675.8
2025-03-11,Maharashtra,Pune,Pune,Wheat,2734.85
2025-03-12,Maharashtra,Pune,Pune,Wheat,2971.59
2025-03-13,Maharashtra,Pune,Pune,Wheat,3143.12
2025-03-14,Maharashtra,Pune,Pune,Wheat,2891.24
2025-03-15,Maharashtra,Pune,Pune,Wheat,3182.42
2025-03-16,Maharashtra,Pune,Pune,Wheat,2920.81
2025-03-17,Maharashtra,Pune,Pune,Wheat,2486.53
2025-03-18,Maharashtra,Pune,Pune,Wheat,2671.51
2025-03-19,Maharashtra,Pune,Pune,Wheat,2871.22
2025-03-20,Maharashtra,Pune,Pune,Wheat,3079.49
2025-03-21,Maharashtra,Pune,Pune,Wheat,3540.13
2025-03-22,Maharashtra,Pune,Pune,Wheat,3099.22
2025-03-23,Maharashtra,Pune,Pune,Wheat,2749.23
2025-03-24,Maharashtra,Pune,Pune,Wheat,2886.31
2025-03-25,Maharashtra,Pune,Pune,Wheat,2802.39
2025-03-26,Maharashtra,Pune,Pune,Wheat,3060.02
2025-03-27,Maharashtra,Pune,Pune,Wheat,3237.25
2025-03-28,Maharashtra,Pune,Pune,Wheat,3407.42
2025-03-29,Maharashtra,Pune,Pune,Wheat,3056.86
2025-03-30,Maharashtra,Pune,Pune,Wheat,3270.0
2025-03-31,Maharashtra,Pune,Pune,Wheat,3034.99
2025-04-01,Maharashtra,Pune,Pune,Wheat,2740.94
2025-04-02,Maharashtra,Pune,Pune,Wheat,3466.57
2025-04-03,Maharashtra,Pune,Pune,Wheat,3191.98
2025-04-04,Maharashtra,Pune,Pune,Wheat,2966.29
2025-04-05,Maharashtra,Pune,Pune,Wheat,3425.18
2025-04-06,Maharashtra,Pune,Pune,Wheat,3367.86
2025-04-07,Maharashtra,Pune,Pune,Wheat,2852.81
2025-04-08,Maharashtra,Pune,Pune,Wheat,2786.99
2025-04-09,Maharashtra,Pune,Pune,Wheat,2970.37
2025-04-10,Maharashtra,Pune,Pune,Wheat,3280.68
2025-04-11,Maharashtra,Pune,Pune,Wheat,3435.54
2025-04-12,Maharashtra,Pune,Pune,Wheat,3194.74
2025-04-13,Maharashtra,Pune,Pune,Wheat,2962.38
2025-04-14,Maharashtra,Pune,Pune,Wheat,3159.71
2025-04-15,Maharashtra,Pune,Pune,Wheat,2825.21
2025-04-16,Maharashtra,Pune,Pune,Wheat,3222.34
2025-04-17,Maharashtra,Pune,Pune,Wheat,3059.33
2025-04-18,Maharashtra,Pune,Pune,Wheat,3245.57
2025-04-19,Maharashtra,Pune,Pune,Wheat,3043.98
2025-04-20,Maharashtra,Pune,Pune,Wheat,2925.63
2025-04-21,Maharashtra,Pune,Pune,Wheat,2779.45
2025-04-22,Maharashtra,Pune,Pune,Wheat,3154.07
2025-04-23,Maharashtra,Pune,Pune,Wheat,2844.81
2025-04-24,Maharashtra,Pune,Pune,Wheat,2953.03
2025-04-25,Maharashtra,Pune,Pune,Wheat,3608.19
2025-04-26,Maharashtra,Pune,Pune,Wheat,3268.41
2025-04-27,Maharashtra,Pune,Pune,Wheat,2438.65
2025-04-28,Maharashtra,Pune,Pune,Wheat,2732.13
2025-04-29,Maharashtra,Pune,Pune,Wheat,2507.43
2025-04-30,Maharashtra,Pune,Pune,Wheat,2787.69
2025-05-01,Maharashtra,Pune,Pune,Wheat,2419.65
2025-05-02,Maharashtra,Pune,Pune,Wheat,3097.34
2025-05-03,Maharashtra,Pune,Pune,Wheat,2800.88
2025-05-04,Maharashtra,Pune,Pune,Wheat,2924.72
2025-05-05,Maharashtra,Pune,Pune,Wheat,2507.62
2025-05-06,Maharashtra,Pune,Pune,Wheat,2872.2
2025-05-07,Maharashtra,Pune,Pune,Wheat,2882.77
2025-05-08,Maharashtra,Pune,Pune,Wheat,3406.1
2025-05-09,Maharashtra,Pune,Pune,Wheat,3414.57
2025-05-10,Maharashtra,Pune,Pune,Wheat,3190.49
2025-05-11,Maharashtra,Pune,Pune,Wheat,2826.55
2025-05-12,Maharashtra,Pune,Pune,Wheat,3200.04
2025-05-13,Maharashtra,Pune,Pune,Wheat,2526.66
2025-05-14,Maharashtra,Pune,Pune,Wheat,2657.19
2025-05-15,Maharashtra,Pune,Pune,Wheat,3040.26
2025-05-16,Maharashtra,Pune,Pune,Wheat,3569.19
2025-05-17,Maharashtra,Pune,Pune,Wheat,2956.96
2025-05-18,Maharashtra,Pune,Pune,Wheat,2831.52
2025-05-19,Maharashtra,Pune,Pune,Wheat,2504.15
2025-05-20,Maharashtra,Pune,Pune,Wheat,2995.75
2025-05-21,Maharashtra,Pune,Pune,Wheat,3114.75
2025-05-22,Maharashtra,Pune,Pune,Wheat,3197.09
2025-05-23,Maharashtra,Pune,Pune,Wheat,2918.95
2025-05-24,Maharashtra,Pune,Pune,Wheat,2823.32
2025-05-25,Maharashtra,Pune,Pune,Wheat,2582.75
2025-05-26,Maharashtra,Pune,Pune,Wheat,2773.21
2025-05-27,Maharashtra,Pune,Pune,Wheat,2570.33
2025-05-28,Maharashtra,Pune,Pune,Wheat,2651.0
2025-05-29,Maharashtra,Pune,Pune,Wheat,2908.28
2025-05-30,Maharashtra,Pune,Pune,Wheat,2916.61
2025-05-31,Maharashtra,Pune,Pune,Wheat,2826.57
2025-06-01,Maharashtra,Pune,Pune,Wheat,2899.32
2025-06-02,Maharashtra,Pune,Pune,Wheat,2740.36
2025-06-03,Maharashtra,Pune,Pune,Wheat,2692.67
2025-06-04,Maharashtra,Pune,Pune,Wheat,2891.38
2025-06-05,Maharashtra,Pune,Pune,Wheat,2755.54
2025-06-06,Maharashtra,Pune,Pune,Wheat,3005.08
2025-06-07,Maharashtra,Pune,Pune,Wheat,2931.35
2025-06-08,Maharashtra,Pune,Pune,Wheat,2480.68
2025-06-09,Maharashtra,Pune,Pune,Wheat,2878.13
2025-06-10,Maharashtra,Pune,Pune,Wheat,2545.32
2025-06-11,Maharashtra,Pune,Pune,Wheat,2835.38
2025-06-12,Maharashtra,Pune,Pune,Wheat,3160.14
2025-06-13,Maharashtra,Pune,Pune,Wheat,3134.0
2025-06-14,Maharashtra,Pune,Pune,Wheat,2868.51
2025-06-15,Maharashtra,Pune,Pune,Wheat,2665.18
2025-06-16,Maharashtra,Pune,Pune,Wheat,2829.54
2025-06-17,Maharashtra,Pune,Pune,Wheat,2801.3
2025-06-18,Maharashtra,Pune,Pune,Wheat,2657.77
2025-06-19,Maharashtra,Pune,Pune,Wheat,2720.31
2025-06-20,Maharashtra,Pune,Pune,Wheat,2480.37
2025-06-21,Maharashtra,Pune,Pune,Wheat,2850.82
2025-06-22,Maharashtra,Pune,Pune,Wheat,2679.27
2025-06-23,Maharashtra,Pune,Pune,Wheat,2822.69
2025-06-24,Maharashtra,Pune,Pune,Wheat,2701.8
2025-06-25,Maharashtra,Pune,Pune,Wheat,2992.42
2025-06-26,Maharashtra,Pune,Pune,Wheat,2699.07
2025-06-27,Maharashtra,Pune,Pune,Wheat,3085.33
2025-06-28,Maharashtra,Pune,Pune,Wheat,2674.95
2025-06-29,Maharashtra,Pune,Pune,Wheat,2798.39
2025-06-30,Maharashtra,Pune,Pune,Wheat,2311.88
2025-07-01,Maharashtra,Pune,Pune,Wheat,2637.83
2025-07-02,Maharashtra,Pune,Pune,Wheat,2320.27
2025-07-03,Maharashtra,Pune,Pune,Wheat,2741.43
2025-07-04,Maharashtra,Pune,Pune,Wheat,2899.98
2025-07-05,Maharashtra,Pune,Pune,Wheat,2634.78
2025-07-06,Maharashtra,Pune,Pune,Wheat,2420.34
2025-07-07,Maharashtra,Pune,Pune,Wheat,2684.53
2025-07-08,Maharashtra,Pune,Pune,Wheat,2535.82
2025-07-09,Maharashtra,Pune,Pune,Wheat,2561.29
2025-07-10,Maharashtra,Pune,Pune,Wheat,2757.64
2025-07-11,Maharashtra,Pune,Pune,Wheat,3279.82
2025-07-12,Maharashtra,Pune,Pune,Wheat,2908.53
2025-07-13,Maharashtra,Pune,Pune,Wheat,2780.29
2025-07-14,Maharashtra,Pune,Pune,Wheat,2570.31
2025-07-15,Maharashtra,Pune,Pune,Wheat,2543.14
2025-07-16,Maharashtra,Pune,Pune,Wheat,2172.37
2025-07-17,Maharashtra,Pune,Pune,Wheat,2577.42
2025-07-18,Maharashtra,Pune,Pune,Wheat,2633.32
2025-07-19,Maharashtra,Pune,Pune,Wheat,2301.08
2025-07-20,Maharashtra,Pune,Pune,Wheat,2325.48
2025-07-21,Maharashtra,Pune,Pune,Wheat,2114.59
2025-07-22,Maharashtra,Pune,Pune,Wheat,2467.72
2025-07-23,Maharashtra,Pune,Pune,Wheat,2716.53
2025-07-24,Maharashtra,Pune,Pune,Wheat,2870.16
2025-07-25,Maharashtra,Pune,Pune,Wheat,2760.48
2025-07-26,Maharashtra,Pune,Pune,Wheat,2431.79
2025-07-27,Maharashtra,Pune,Pune,Wheat,2154.49
2025-07-28,Maharashtra,Pune,Pune,Wheat,2120.0
2025-07-29,Maharashtra,Pune,Pune,Wheat,2220.11
2025-07-30,Maharashtra,Pune,Pune,Wheat,2372.79
2025-07-31,Maharashtra,Pune,Pune,Wheat,2594.19
2025-08-01,Maharashtra,Pune,Pune,Wheat,2454.73
2025-08-02,Maharashtra,Pune,Pune,Wheat,2629.71
2025-08-03,Maharashtra,Pune,Pune,Wheat,2414.64
2025-08-04,Maharashtra,Pune,Pune,Wheat,2383.52
2025-08-05,Maharashtra,Pune,Pune,Wheat,2592.67
2025-08-06,Maharashtra,Pune,Pune,Wheat,2287.64
2025-08-07,Maharashtra,Pune,Pune,Wheat,2661.76
2025-08-08,Maharashtra,Pune,Pune,Wheat,2602.29
2025-08-09,Maharashtra,Pune,Pune,Wheat,2473.57
2025-08-10,Maharashtra,Pune,Pune,Wheat,2570.45
2025-08-11,Maharashtra,Pune,Pune,Wheat,2493.59
2025-08-12,Maharashtra,Pune,Pune,Wheat,2211.52
2025-08-13,Maharashtra,Pune,Pune,Wheat,2428.86
2025-08-14,Maharashtra,Pune,Pune,Wheat,2601.97
2025-08-15,Maharashtra,Pune,Pune,Wheat,2521.7
2025-08-16,Maharashtra,Pune,Pune,Wheat,2602.47
2025-08-17,Maharashtra,Pune,Pune,Wheat,2436.8
2025-08-18,Maharashtra,Pune,Pune,Wheat,2617.29
2025-08-19,Maharashtra,Pune,Pune,Wheat,2088.75
2025-08-20,Maharashtra,Pune,Pune,Wheat,2409.68
2025-08-21,Maharashtra,Pune,Pune,Wheat,2361.11
2025-08-22,Maharashtra,Pune,Pune,Wheat,2648.33
2025-08-23,Maharashtra,Pune,Pune,Wheat,2191.75
2025-08-24,Maharashtra,Pune,Pune,Wheat,2420.3
2025-08-25,Maharashtra,Pune,Pune,Wheat,2193.11
2025-08-26,Maharashtra,Pune,Pune,Wheat,2195.33
2025-08-27,Maharashtra,Pune,Pune,Wheat,2161.54
2025-08-28,Maharashtra,Pune,Pune,Wheat,2414.44
2025-08-29,Maharashtra,Pune,Pune,Wheat,2706.53
2025-08-30,Maharashtra,Pune,Pune,Wheat,2443.23
2025-08-31,Maharashtra,Pune,Pune,Wheat,2443.55
2025-09-01,Maharashtra,Pune,Pune,Wheat,2538.15
2025-09-02,Maharashtra,Pune,Pune,Wheat,2336.03
2025-09-03,Maharashtra,Pune,Pune,Wheat,2291.08
2025-09-04,Maharashtra,Pune,Pune,Wheat,2555.85
2025-09-05,Maharashtra,Pune,Pune,Wheat,2400.27
2025-09-06,Maharashtra,Pune,Pune,Wheat,2342.84
2025-09-07,Maharashtra,Pune,Pune,Wheat,2076.1
2025-09-08,Maharashtra,Pune,Pune,Wheat,2403.36
2025-09-09,Maharashtra,Pune,Pune,Wheat,2216.45
2025-09-10,Maharashtra,Pune,Pune,Wheat,2398.98
2025-09-11,Maharashtra,Pune,Pune,Wheat,2281.17
2025-09-12,Maharashtra,Pune,Pune,Wheat,2556.33
2025-09-13,Maharashtra,Pune,Pune,Wheat,2286.25
2025-09-14,Maharashtra,Pune,Pune,Wheat,2288.16
2025-09-15,Maharashtra,Pune,Pune,Wheat,2383.93
2025-09-16,Maharashtra,Pune,Pune,Wheat,2393.07
2025-09-17,Maharashtra,Pune,Pune,Wheat,2355.08
2025-09-18,Maharashtra,Pune,Pune,Wheat,2146.68
2025-09-19,Maharashtra,Pune,Pune,Wheat,2989.6
2025-09-20,Maharashtra,Pune,Pune,Wheat,2701.45
2025-09-21,Maharashtra,Pune,Pune,Wheat,2421.0
2025-09-22,Maharashtra,Pune,Pune,Wheat,2122.12
2025-09-23,Maharashtra,Pune,Pune,Wheat,2244.62
2025-09-24,Maharashtra,Pune,Pune,Wheat,2264.84
2025-09-25,Maharashtra,Pune,Pune,Wheat,2662.72
2025-09-26,Maharashtra,Pune,Pune,Wheat,2514.38
2025-09-27,Maharashtra,Pune,Pune,Wheat,2273.4
2025-09-28,Maharashtra,Pune,Pune,Wheat,2227.6
2025-09-29,Maharashtra,Pune,Pune,Wheat,2415.96
2025-09-30,Maharashtra,Pune,Pune,Wheat,2516.85
2025-10-01,Maharashtra,Pune,Pune,Wheat,2608.07
2025-10-02,Maharashtra,Pune,Pune,Wheat,2578.64
2025-10-03,Maharashtra,Pune,Pune,Wheat,2428.78
2025-10-04,Maharashtra,Pune,Pune,Wheat,1862.94
2025-10-05,Maharashtra,Pune,Pune,Wheat,2356.47
2025-10-06,Maharashtra,Pune,Pune,Wheat,2245.49
2025-10-07,Maharashtra,Pune,Pune,Wheat,2292.1
2025-10-08,Maharashtra,Pune,Pune,Wheat,2372.58
2025-10-09,Maharashtra,Pune,Pune,Wheat,2229.54
2025-10-10,Maharashtra,Pune,Pune,Wheat,2579.19
2025-10-11,Maharashtra,Pune,Pune,Wheat,2527.28
2025-10-12,Maharashtra,Pune,Pune,Wheat,2430.09
2025-10-13,Maharashtra,Pune,Pune,Wheat,2406.71
2025-10-14,Maharashtra,Pune,Pune,Wheat,2378.67
2025-10-15,Maharashtra,Pune,Pune,Wheat,2309.1
2025-10-16,Maharashtra,Pune,Pune,Wheat,2460.54
2025-10-17,Maharashtra,Pune,Pune,Wheat,2514.41
2025-10-18,Maharashtra,Pune,Pune,Wheat,2455.14
2025-10-19,Maharashtra,Pune,Pune,Wheat,2499.26
2025-10-20,Maharashtra,Pune,Pune,Wheat,2376.68
2025-10-21,Maharashtra,Pune,Pune,Wheat,2634.7
2025-10-22,Maharashtra,Pune,Pune,Wheat,2767.18
2025-10-23,Maharashtra,Pune,Pune,Wheat,2507.98
2025-10-24,Maharashtra,Pune,Pune,Wheat,1843.8
2025-10-25,Maharashtra,Pune,Pune,Wheat,2672.3
2025-10-26,Maharashtra,Pune,Pune,Wheat,2269.27
2025-10-27,Maharashtra,Pune,Pune,Wheat,2167.97
2025-10-28,Maharashtra,Pune,Pune,Wheat,2259.04
2025-10-29,Maharashtra,Pune,Pune,Wheat,2346.63
2025-10-30,Maharashtra,Pune,Pune,Wheat,2629.37
2025-10-31,Maharashtra,Pune,Pune,Wheat,2270.87
2025-11-01,Maharashtra,Pune,Pune,Wheat,2300.11
2025-11-02,Maharashtra,Pune,Pune,Wheat,2443.79
2025-11-03,Maharashtra,Pune,Pune,Wheat,2426.16
2025-11-04,Maharashtra,Pune,Pune,Wheat,2458.5
2025-11-05,Maharashtra,Pune,Pune,Wheat,2318.14
2025-11-06,Maharashtra,Pune,Pune,Wheat,2379.34
2025-11-07,Maharashtra,Pune,Pune,Wheat,2491.57
2025-11-08,Maharashtra,Pune,Pune,Wheat,2564.06
2025-11-09,Maharashtra,Pune,Pune,Wheat,2671.28
2025-11-10,Maharashtra,Pune,Pune,Wheat,2019.86
2025-11-11,Maharashtra,Pune,Pune,Wheat,2349.98
2025-11-12,Maharashtra,Pune,Pune,Wheat,2257.2
2025-11-13,Maharashtra,Pune,Pune,Wheat,2292.68
2025-11-14,Maharashtra,Pune,Pune,Wheat,2800.06
2025-11-15,Maharashtra,Pune,Pune,Wheat,2658.4
2025-11-16,Maharashtra,Pune,Pune,Wheat,2535.07
2025-11-17,Maharashtra,Pune,Pune,Wheat,2549.87
2025-11-18,Maharashtra,Pune,Pune,Wheat,2344.09
2025-11-19,Maharashtra,Pune,Pune,Wheat,2453.7
2025-11-20,Maharashtra,Pune,Pune,Wheat,3038.96
2025-11-21,Maharashtra,Pune,Pune,Wheat,2620.76
2025-11-22,Maharashtra,Pune,Pune,Wheat,2738.54
2025-11-23,Maharashtra,Pune,Pune,Wheat,2501.34
2025-11-24,Maharashtra,Pune,Pune,Wheat,2121.98
2025-11-25,Maharashtra,Pune,Pune,Wheat,2115.13
2025-11-26,Maharashtra,Pune,Pune,Wheat,2471.15
2025-11-27,Maharashtra,Pune,Pune,Wheat,2881.62
2025-11-28,Maharashtra,Pune,Pune,Wheat,2865.21
2025-11-29,Maharashtra,Pune,Pune,Wheat,2822.12
2025-11-30,Maharashtra,Pune,Pune,Wheat,2370.66
2025-12-01,Maharashtra,Pune,Pune,Wheat,2763.76
2025-12-02,Maharashtra,Pune,Pune,Wheat,2345.1
2025-12-03,Maharashtra,Pune,Pune,Wheat,2663.58
2025-12-04,Maharashtra,Pune,Pune,Wheat,2732.64
2025-12-05,Maharashtra,Pune,Pune,Wheat,2734.03
2025-12-06,Maharashtra,Pune,Pune,Wheat,2957.23
2025-12-07,Maharashtra,Pune,Pune,Wheat,2468.18
2025-12-08,Maharashtra,Pune,Pune,Wheat,2292.5
2025-12-09,Maharashtra,Pune,Pune,Wheat,2568.22
2025-12-10,Maharashtra,Pune,Pune,Wheat,2601.66
2025-12-11,Maharashtra,Pune,Pune,Wheat,3448.57
2025-12-12,Maharashtra,Pune,Pune,Wheat,2956.86
2025-12-13,Maharashtra,Pune,Pune,Wheat,2679.23
2025-12-14,Maharashtra,Pune,Pune,Wheat,2452.94
2025-12-15,Maharashtra,Pune,Pune,Wheat,2243.01
2025-12-16,Maharashtra,Pune,Pune,Wheat,2428.98
2025-12-17,Maharashtra,Pune,Pune,Wheat,2753.12
2025-12-18,Maharashtra,Pune,Pune,Wheat,3130.55
2025-12-19,Maharashtra,Pune,Pune,Wheat,3107.22
2025-12-20,Maharashtra,Pune,Pune,Wheat,2860.04
2025-12-21,Maharashtra,Pune,Pune,Wheat,2642.09
2025-12-22,Maharashtra,Pune,Pune,Wheat,2685.79
2025-12-23,Maharashtra,Pune,Pune,Wheat,2573.77
2025-12-24,Maharashtra,Pune,Pune,Wheat,3122.81
2025-12-25,Maharashtra,Pune,Pune,Wheat,2866.49
2025-12-26,Maharashtra,Pune,Pune,Wheat,2922.76
2025-12-27,Maharashtra,Pune,Pune,Wheat,2427.42
2025-12-28,Maharashtra,Pune,Pune,Wheat,2721.33
2025-12-29,Maharashtra,Pune,Pune,Wheat,2848.15
2025-12-30,Maharashtra,Pune,Pune,Wheat,2522.09
2025-12-31,Maharashtra,Pune,Pune,Wheat,2695.45
2026-01-01,Maharashtra,Pune,Pune,Wheat,3129.26
2026-01-02,Maharashtra,Pune,Pune,Wheat,2690.75
2026-01-03,Maharashtra,Pune,Pune,Wheat,3149.08
2026-01-04,Maharashtra,Pune,Pune,Wheat,2710.66
2026-01-05,Maharashtra,Pune,Pune,Wheat,2670.86
2026-01-06,Maharashtra,Pune,Pune,Wheat,2562.52
2026-01-07,Maharashtra,Pune,Pune,Wheat,2979.54
2026-01-08,Maharashtra,Pune,Pune,Wheat,3545.6
2026-01-09,Maharashtra,Pune,Pune,Wheat,3228.97
2026-01-10,Maharashtra,Pune,Pune,Wheat,2809.96
2026-01-11,Maharashtra,Pune,Pune,Wheat,3100.21
2026-01-12,Maharashtra,Pune,Pune,Wheat,2738.21
2026-01-13,Maharashtra,Pune,Pune,Wheat,3109.46
2026-01-14,Maharashtra,Pune,Pune,Wheat,3127.23
2026-01-15,Maharashtra,Pune,Pune,Wheat,2448.81
2026-01-16,Maharashtra,Pune,Pune,Wheat,2901.98
2026-01-17,Maharashtra,Pune,Pune,Wheat,3250.66
2026-01-18,Maharashtra,Pune,Pune,Wheat,2958.54
2026-01-19,Maharashtra,Pune,Pune,Wheat,2649.58
2026-01-20,Maharashtra,Pune,Pune,Wheat,2762.53
2026-01-21,Maharashtra,Pune,Pune,Wheat,2613.79
2026-01-22,Maharashtra,Pune,Pune,Wheat,3122.94
2026-01-23,Maharashtra,Pune,Pune,Wheat,3671.87
2026-01-24,Maharashtra,Pune,Pune,Wheat,3280.75
2026-01-25,Maharashtra,Pune,Pune,Wheat,3438.6
2026-01-26,Maharashtra,Pune,Pune,Wheat,3085.87
2026-01-27,Maharashtra,Pune,Pune,Wheat,3154.9
2026-01-28,Maharashtra,Pune,Pune,Wheat,3494.86
2026-01-29,Maharashtra,Pune,Pune,Wheat,3282.91
2026-01-30,Maharashtra,Pune,Pune,Wheat,3193.62
2026-01-31,Maharashtra,Pune,Pune,Wheat,3388.6
2026-02-01,Maharashtra,Pune,Pune,Wheat,3341.88
2026-02-02,Maharashtra,Pune,Pune,Wheat,2856.96
2026-02-03,Maharashtra,Pune,Pune,Wheat,2842.08
2026-02-04,Maharashtra,Pune,Pune,Wheat,3152.59
2026-02-05,Maharashtra,Pune,Pune,Wheat,3440.97
2026-02-06,Maharashtra,Pune,Pune,Wheat,3473.09
2026-02-07,Maharashtra,Pune,Pune,Wheat,2891.45
2026-02-08,Maharashtra,Pune,Pune,Wheat,3494.41
2026-02-09,Maharashtra,Pune,Pune,Wheat,2868.49
2026-02-10,Maharashtra,Pune,Pune,Wheat,2983.86
2026-02-11,Maharashtra,Pune,Pune,Wheat,2970.31
2026-02-12,Maharashtra,Pune,Pune,Wheat,3925.05
2026-02-13,Maharashtra,Pune,Pune,Wheat,3395.56
2026-02-14,Maharashtra,Pune,Pune,Wheat,3065.28
2026-02-15,Maharashtra,Pune,Pune,Wheat,3316.36
2026-02-16,Maharashtra,Pune,Pune,Wheat,3210.77
2026-02-17,Maharashtra,Pune,Pune,Wheat,3043.08
2026-02-18,Maharashtra,Pune,Pune,Wheat,3404.33
2026-02-19,Maharashtra,Pune,Pune,Wheat,3153.71
2026-02-20,Maharashtra,Pune,Pune,Wheat,3267.59
2026-02-21,Maharashtra,Pune,Pune,Wheat,2838.23
2026-02-22,Maharashtra,Pune,Pune,Wheat,2874.71
2026-02-23,Maharashtra,Pune,Pune,Wheat,3476.57
2026-02-24,Maharashtra,Pune,Pune,Wheat,3481.5
2026-02-25,Maharashtra,Pune,Pune,Wheat,3270.15
2026-02-26,Maharashtra,Pune,Pune,Wheat,3782.31
2026-02-27,Maharashtra,Pune,Pune,Wheat,3386.51
2026-02-28,Maharashtra,Pune,Pune,Wheat,3284.83
2026-03-01,Maharashtra,Pune,Pune,Wheat,3217.43
2026-03-02,Maharashtra,Pune,Pune,Wheat,3093.5
2026-03-03,Maharashtra,Pune,Pune,Wheat,3109.51
2026-03-04,Maharashtra,Pune,Pune,Wheat,3553.53
2026-03-05,Maharashtra,Pune,Pune,Wheat,3459.53
2026-03-06,Maharashtra,Pune,Pune,Wheat,3632.6
2026-03-07,Maharashtra,Pune,Pune,Wheat,3618.9
2026-03-08,Maharashtra,Pune,Pune,Wheat,3323.96
2026-03-09,Maharashtra,Pune,Pune,Wheat,2936.48
2026-03-10,Maharashtra,Pune,Pune,Wheat,2884.53
2026-03-11,Maharashtra,Pune,Pune,Wheat,3354.35
2026-03-12,Maharashtra,Pune,Pune,Wheat,3412.06
2026-03-13,Maharashtra,Pune,Pune,Wheat,3510.72
2026-03-14,Maharashtra,Pune,Pune,Wheat,3399.14
2026-03-15,Maharashtra,Pune,Pune,Wheat,3851.67
2026-03-16,Maharashtra,Pune,Pune,Wheat,2879.08
2026-03-17,Maharashtra,Pune,Pune,Wheat,2762.82
2026-03-18,Maharashtra,Pune,Pune,Wheat,3421.37
2026-03-19,Maharashtra,Pune,Pune,Wheat,3385.68
2026-03-20,Maharashtra,Pune,Pune,Wheat,3590.24
2026-03-21,Maharashtra,Pune,Pune,Wheat,3564.61
2026-03-22,Maharashtra,Pune,Pune,Wheat,3576.67
2026-03-23,Maharashtra,Pune,Pune,Wheat,2856.32
2026-03-24,Maharashtra,Pune,Pune,Wheat,3102.04
2026-03-25,Maharashtra,Pune,Pune,Wheat,3462.17
2026-03-26,Maharashtra,Pune,Pune,Wheat,3683.27
2026-03-27,Maharashtra,Pune,Pune,Wheat,4071.13
2026-03-28,Maharashtra,Pune,Pune,Wheat,3670.15
2026-03-29,Maharashtra,Pune,Pune,Wheat,3282.43
2026-03-30,Maharashtra,Pune,Pune,Wheat,3006.01
2026-03-31,Maharashtra,Pune,Pune,Wheat,3111.72
2026-04-01,Maharashtra,Pune,Pune,Wheat,3232.8
2026-04-02,Maharashtra,Pune,Pune,Wheat,3666.54
2026-04-03,Maharashtra,Pune,Pune,Wheat,3603.02
2026-04-04,Maharashtra,Pune,Pune,Wheat,3129.36
2026-04-05,Maharashtra,Pune,Pune,Wheat,3202.38
2026-04-06,Maharashtra,Pune,Pune,Wheat,3409.73
2026-04-07,Maharashtra,Pune,Pune,Wheat,3325.34
2026-04-08,Maharashtra,Pune,Pune,Wheat,3512.26
2026-04-09,Maharashtra,Pune,Pune,Wheat,3604.15
2026-04-10,Maharashtra,Pune,Pune,Wheat,3946.1
2026-04-11,Maharashtra,Pune,Pune,Wheat,3508.33
2026-04-12,Maharashtra,Pune,Pune,Wheat,3215.26
2026-04-13,Maharashtra,Pune,Pune,Wheat,3006.92
2026-04-14,Maharashtra,Pune,Pune,Wheat,3301.76
2026-04-15,Maharashtra,Pune,Pune,Wheat,2799.62
2026-04-16,Maharashtra,Pune,Pune,Wheat,3462.51
2026-04-17,Maharashtra,Pune,Pune,Wheat,3488.48
2026-04-18,Maharashtra,Pune,Pune,Wheat,3117.94
2026-04-19,Maharashtra,Pune,Pune,Wheat,3085.32
2026-04-20,Maharashtra,Pune,Pune,Wheat,3389.11
2026-04-21,Maharashtra,Pune,Pune,Wheat,3290.9
2026-04-22,Maharashtra,Pune,Pune,Wheat,3392.89
2026-04-23,Maharashtra,Pune,Pune,Wheat,3573.95
2026-04-24,Maharashtra,Pune,Pune,Wheat,3552.52
2026-04-25,Maharashtra,Pune,Pune,Wheat,3735.7
2026-04-26,Maharashtra,Pune,Pune,Wheat,3317.25
2026-04-27,Maharashtra,Pune,Pune,Wheat,2869.68
2026-04-28,Maharashtra,Pune,Pune,Wheat,3594.36
2026-04-29,Maharashtra,Pune,Pune,Wheat,3442.12
2026-04-30,Maharashtra,Pune,Pune,Wheat,3340.06
2026-05-01,Maharashtra,Pune,Pune,Wheat,3205.17
2026-05-02,Maharashtra,Pune,Pune,Wheat,3514.84
2026-05-03,Maharashtra,Pune,Pune,Wheat,3245.24
2026-05-04,Maharashtra,Pune,Pune,Wheat,3529.09
2026-05-05,Maharashtra,Pune,Pune,Wheat,3130.49
2026-05-06,Maharashtra,Pune,Pune,Wheat,3140.02
2026-05-07,Maharashtra,Pune,Pune,Wheat,3679.66
2026-05-08,Maharashtra,Pune,Pune,Wheat,3717.3
2026-05-09,Maharashtra,Pune,Pune,Wheat,3437.67
2026-05-10,Maharashtra,Pune,Pune,Wheat,3403.63
2026-05-11,Maharashtra,Pune,Pune,Wheat,3148.06
2026-05-12,Maharashtra,Pune,Pune,Wheat,3236.9
2026-05-13,Maharashtra,Pune,Pune,Wheat,3580.38
2026-05-14,Maharashtra,Pune,Pune,Wheat,3586.04
2026-05-15,Maharashtra,Pune,Pune,Wheat,3422.22
2026-05-16,Maharashtra,Pune,Pune,Wheat,3688.6
2026-05-17,Maharashtra,Pune,Pune,Wheat,2688.88
2026-05-18,Maharashtra,Pune,Pune,Wheat,3578.46
2026-05-19,Maharashtra,Pune,Pune,Wheat,2779.49
2026-05-20,Maharashtra,Pune,Pune,Wheat,3136.23
2026-05-21,Maharashtra,Pune,Pune,Wheat,3393.82
2026-05-22,Maharashtra,Pune,Pune,Wheat,3394.99
2026-05-23,Maharashtra,Pune,Pune,Wheat,3571.76
2026-05-24,Maharashtra,Pune,Pune,Wheat,2953.91
2026-05-25,Maharashtra,Pune,Pune,Wheat,3153.64
2026-05-26,Maharashtra,Pune,Pune,Wheat,2997.17
2026-05-27,Maharashtra,Pune,Pune,Wheat,3312.5
2026-05-28,Maharashtra,Pune,Pune,Wheat,3351.54
2026-05-29,Maharashtra,Pune,Pune,Wheat,3414.51
2026-05-30,Maharashtra,Pune,Pune,Wheat,3172.34
2026-05-31,Maharashtra,Pune,Pune,Wheat,3041.21
2026-06-01,Maharashtra,Pune,Pune,Wheat,3122.82
2026-06-02,Maharashtra,Pune,Pune,Wheat,3290.78
2026-06-03,Maharashtra,Pune,Pune,Wheat,3072.39
2026-06-04,Maharashtra,Pune,Pune,Wheat,3123.72
2026-06-05,Maharashtra,Pune,Pune,Wheat,3494.6
2026-06-06,Maharashtra,Pune,Pune,Wheat,3250.78
2026-06-07,Maharashtra,Pune,Pune,Wheat,3294.96
2026-06-08,Maharashtra,Pune,Pune,Wheat,2830.43
2026-06-09,Maharashtra,Pune,Pune,Wheat,2667.3
2026-06-10,Maharashtra,Pune,Pune,Wheat,3046.5
2026-06-11,Maharashtra,Pune,Pune,Wheat,3105.73
2026-06-12,Maharashtra,Pune,Pune,Wheat,3287.43
2026-06-13,Maharashtra,Pune,Pune,Wheat,3070.63
2026-06-14,Maharashtra,Pune,Pune,Wheat,3230.45
2026-06-15,Maharashtra,Pune,Pune,Wheat,2919.98
2026-06-16,Maharashtra,Pune,Pune,Wheat,3035.74
2026-06-17,Maharashtra,Pune,Pune,Wheat,3154.2
2026-06-18,Maharashtra,Pune,Pune,Wheat,3279.05
2026-06-19,Maharashtra,Pune,Pune,Wheat,3252.53
2026-06-20,Maharashtra,Pune,Pune,Wheat,3280.4
2026-06-21,Maharashtra,Pune,Pune,Wheat,2857.62
2026-06-22,Maharashtra,Pune,Pune,Wheat,3223.72
2026-06-23,Maharashtra,Pune,Pune,Wheat,2910.42
2026-06-24,Maharashtra,Pune,Pune,Wheat,2790.92
2026-06-25,Maharashtra,Pune,Pune,Wheat,3228.08
2026-06-26,Maharashtra,Pune,Pune,Wheat,3017.41
2026-06-27,Maharashtra,Pune,Pune,Wheat,3264.1
2026-06-28,Maharashtra,Pune,Pune,Wheat,3440.58
2026-06-29,Maharashtra,Pune,Pune,Wheat,2731.61
2026-06-30,Maharashtra,Pune,Pune,Wheat,2981.3
2026-07-01,Maharashtra,Pune,Pune,Wheat,2653.41
2026-07-02,Maharashtra,Pune,Pune,Wheat,3235.9
2026-07-03,Maharashtra,Pune,Pune,Wheat,2962.35
2026-07-04,Maharashtra,Pune,Pune,Wheat,2935.38
2026-07-05,Maharashtra,Pune,Pune,Wheat,2706.46
2026-07-06,Maharashtra,Pune,Pune,Wheat,2990.67
2026-07-07,Maharashtra,Pune,Pune,Wheat,3069.28
2026-07-08,Maharashtra,Pune,Pune,Wheat,2981.73
2026-07-09,Maharashtra,Pune,Pune,Wheat,2899.34
2026-07-10,Maharashtra,Pune,Pune,Wheat,3453.31
2026-07-11,Maharashtra,Pune,Pune,Wheat,2861.72
2026-07-12,Maharashtra,Pune,Pune,Wheat,2448.72
2026-07-13,Maharashtra,Pune,Pune,Wheat,2888.94
2026-07-14,Maharashtra,Pune,Pune,Wheat,2602.83
2026-07-15,Maharashtra,Pune,Pune,Wheat,3131.66
2026-07-16,Maharashtra,Pune,Pune,Wheat,2955.43
2026-07-17,Maharashtra,Pune,Pune,Wheat,3186.8
2026-07-18,Maharashtra,Pune,Pune,Wheat,3263.42
2026-07-19,Maharashtra,Pune,Pune,Wheat,2598.88
2026-07-20,Maharashtra,Pune,Pune,Wheat,2645.18
2026-07-21,Maharashtra,Pune,Pune,Wheat,2761.2
2026-07-22,Maharashtra,Pune,Pune,Wheat,3192.47
2026-07-23,Maharashtra,Pune,Pune,Wheat,2850.43
2026-07-24,Maharashtra,Pune,Pune,Wheat,2883.88
2026-07-25,Maharashtra,Pune,Pune,Wheat,3022.8
2026-07-26,Maharashtra,Pune,Pune,Wheat,2681.52
2026-07-27,Maharashtra,Pune,Pune,Wheat,2740.07
2026-07-28,Maharashtra,Pune,Pune,Wheat,2435.81
2026-07-29,Maharashtra,Pune,Pune,Wheat,3277.34
2026-07-30,Maharashtra,Pune,Pune,Wheat,2664.46
2026-07-31,Maharashtra,Pune,Pune,Wheat,2896.18
2026-08-01,Maharashtra,Pune,Pune,Wheat,2873.73
2026-08-02,Maharashtra,Pune,Pune,Wheat,3120.56
2026-08-03,Maharashtra,Pune,Pune,Wheat,2422.69
2026-08-04,Maharashtra,Pune,Pune,Wheat,3065.56
2026-08-05,Maharashtra,Pune,Pune,Wheat,2943.65
2026-08-06,Maharashtra,Pune,Pune,Wheat,2983.43
2026-08-07,Maharashtra,Pune,Pune,Wheat,2718.54
2026-08-08,Maharashtra,Pune,Pune,Wheat,2952.24
2026-08-09,Maharashtra,Pune,Pune,Wheat,2575.41
2026-08-10,Maharashtra,Pune,Pune,Wheat,2866.03
2026-08-11,Maharashtra,Pune,Pune,Wheat,2473.76
2026-08-12,Maharashtra,Pune,Pune,Wheat,2735.03
2026-08-13,Maharashtra,Pune,Pune,Wheat,2748.1
2026-08-14,Maharashtra,Pune,Pune,Wheat,2681.33
2026-08-15,Maharashtra,Pune,Pune,Wheat,2946.36
2026-08-16,Maharashtra,Pune,Pune,Wheat,2777.58
2026-08-17,Maharashtra,Pune,Pune,Wheat,2818.51
2026-08-18,Maharashtra,Pune,Pune,Wheat,2293.92
2026-08-19,Maharashtra,Pune,Pune,Wheat,2925.14
2026-08-20,Maharashtra,Pune,Pune,Wheat,3319.31
2026-08-21,Maharashtra,Pune,Pune,Wheat,2755.62
2026-08-22,Maharashtra,Pune,Pune,Wheat,3134.89
2026-08-23,Maharashtra,Pune,Pune,Wheat,2597.28
2026-08-24,Maharashtra,Pune,Pune,Wheat,2322.1
2026-08-25,Maharashtra,Pune,Pune,Wheat,2535.63
2026-08-26,Maharashtra,Pune,Pune,Wheat,2890.09
2026-08-27,Maharashtra,Pune,Pune,Wheat,2629.87
2026-08-28,Maharashtra,Pune,Pune,Wheat,2697.5
2026-08-29,Maharashtra,Pune,Pune,Wheat,2853.31
2026-08-30,Maharashtra,Pune,Pune,Wheat,2620.27
2026-08-31,Maharashtra,Pune,Pune,Wheat,2648.15
2025-01-01,Maharashtra,Pune,Pune,Soybean,1519.89
2025-01-02,Maharashtra,Pune,Pune,Soybean,1610.31
2025-01-03,Maharashtra,Pune,Pune,Soybean,1529.35
2025-01-04,Maharashtra,Pune,Pune,Soybean,1565.87
2025-01-05,Maharashtra,Pune,Pune,Soybean,1383.67
2025-01-06,Maharashtra,Pune,Pune,Soybean,1573.13
2025-01-07,Maharashtra,Pune,Pune,Soybean,1396.93
2025-01-08,Maharashtra,Pune,Pune,Soybean,1646.24
2025-01-09,Maharashtra,Pune,Pune,Soybean,1563.87
2025-01-10,Maharashtra,Pune,Pune,Soybean,1631.97
2025-01-11,Maharashtra,Pune,Pune,Soybean,1517.69
2025-01-12,Maharashtra,Pune,Pune,Soybean,1402.29
2025-01-13,Maharashtra,Pune,Pune,Soybean,1292.25
2025-01-14,Maharashtra,Pune,Pune,Soybean,1380.98
2025-01-15,Maharashtra,Pune,Pune,Soybean,1520.83
2025-01-16,Maharashtra,Pune,Pune,Soybean,1645.46
2025-01-17,Maharashtra,Pune,Pune,Soybean,1757.03
2025-01-18,Maharashtra,Pune,Pune,Soybean,1552.99
2025-01-19,Maharashtra,Pune,Pune,Soybean,1444.08
2025-01-20,Maharashtra,Pune,Pune,Soybean,1349.03
2025-01-21,Maharashtra,Pune,Pune,Soybean,1570.93
2025-01-22,Maharashtra,Pune,Pune,Soybean,1739.43
2025-01-23,Maharashtra,Pune,Pune,Soybean,1798.68
2025-01-24,Maharashtra,Pune,Pune,Soybean,1755.02
2025-01-25,Maharashtra,Pune,Pune,Soybean,1706.02
2025-01-26,Maharashtra,Pune,Pune,Soybean,1753.99
2025-01-27,Maharashtra,Pune,Pune,Soybean,1563.75
2025-01-28,Maharashtra,Pune,Pune,Soybean,1617.63
2025-01-29,Maharashtra,Pune,Pune,Soybean,1578.36
2025-01-30,Maharashtra,Pune,Pune,Soybean,1521.54
2025-01-31,Maharashtra,Pune,Pune,Soybean,1620.23
2025-02-01,Maharashtra,Pune,Pune,Soybean,1660.75
2025-02-02,Maharashtra,Pune,Pune,Soybean,1601.85
2025-02-03,Maharashtra,Pune,Pune,Soybean,1764.27
2025-02-04,Maharashtra,Pune,Pune,Soybean,1583.07
2025-02-05,Maharashtra,Pune,Pune,Soybean,1777.45
2025-02-06,Maharashtra,Pune,Pune,Soybean,1657.98
2025-02-07,Maharashtra,Pune,Pune,Soybean,1692.12
2025-02-08,Maharashtra,Pune,Pune,Soybean,1531.88
2025-02-09,Maharashtra,Pune,Pune,Soybean,1536.64
2025-02-10,Maharashtra,Pune,Pune,Soybean,1637.75
2025-02-11,Maharashtra,Pune,Pune,Soybean,1599.79
2025-02-12,Maharashtra,Pune,Pune,Soybean,1777.6
2025-02-13,Maharashtra,Pune,Pune,Soybean,1758.37
2025-02-14,Maharashtra,Pune,Pune,Soybean,1712.77
2025-02-15,Maharashtra,Pune,Pune,Soybean,1972.06
2025-02-16,Maharashtra,Pune,Pune,Soybean,1633.94
2025-02-17,Maharashtra,Pune,Pune,Soybean,1732.88
2025-02-18,Maharashtra,Pune,Pune,Soybean,1576.28
2025-02-19,Maharashtra,Pune,Pune,Soybean,1775.02
2025-02-20,Maharashtra,Pune,Pune,Soybean,1874.78
2025-02-21,Maharashtra,Pune,Pune,Soybean,1806.02
2025-02-22,Maharashtra,Pune,Pune,Soybean,1450.94
2025-02-23,Maharashtra,Pune,Pune,Soybean,1668.57
2025-02-24,Maharashtra,Pune,Pune,Soybean,1762.99
2025-02-25,Maharashtra,Pune,Pune,Soybean,1703.1
2025-02-26,Maharashtra,Pune,Pune,Soybean,1765.56
2025-02-27,Maharashtra,Pune,Pune,Soybean,1567.14
2025-02-28,Maharashtra,Pune,Pune,Soybean,1710.57
2025-03-01,Maharashtra,Pune,Pune,Soybean,1808.31
2025-03-02,Maharashtra,Pune,Pune,Soybean,1734.06
2025-03-03,Maharashtra,Pune,Pune,Soybean,1781.05
2025-03-04,Maharashtra,Pune,Pune,Soybean,1643.73
2025-03-05,Maharashtra,Pune,Pune,Soybean,1779.75
2025-03-06,Maharashtra,Pune,Pune,Soybean,1802.8
2025-03-07,Maharashtra,Pune,Pune,Soybean,1694.2
2025-03-08,Maharashtra,Pune,Pune,Soybean,1494.99
2025-03-09,Maharashtra,Pune,Pune,Soybean,1753.47
2025-03-10,Maharashtra,Pune,Pune,Soybean,1677.28
2025-03-11,Maharashtra,Pune,Pune,Soybean,1603.43
2025-03-12,Maharashtra,Pune,Pune,Soybean,1548.26
2025-03-13,Maharashtra,Pune,Pune,Soybean,1896.56
2025-03-14,Maharashtra,Pune,Pune,Soybean,1801.21
2025-03-15,Maharashtra,Pune,Pune,Soybean,1859.7
2025-03-16,Maharashtra,Pune,Pune,Soybean,1939.53
2025-03-17,Maharashtra,Pune,Pune,Soybean,1419.55
2025-03-18,Maharashtra,Pune,Pune,Soybean,1605.72
2025-03-19,Maharashtra,Pune,Pune,Soybean,1732.91
2025-03-20,Maharashtra,Pune,Pune,Soybean,2015.29
2025-03-21,Maharashtra,Pune,Pune,Soybean,1635.92
2025-03-22,Maharashtra,Pune,Pune,Soybean,2045.43
2025-03-23,Maharashtra,Pune,Pune,Soybean,1742.55
2025-03-24,Maharashtra,Pune,Pune,Soybean,1668.32
2025-03-25,Maharashtra,Pune,Pune,Soybean,1674.26
2025-03-26,Maharashtra,Pune,Pune,Soybean,1714.01
2025-03-27,Maharashtra,Pune,Pune,Soybean,1973.08
2025-03-28,Maharashtra,Pune,Pune,Soybean,1717.49
2025-03-29,Maharashtra,Pune,Pune,Soybean,1853.15
2025-03-30,Maharashtra,Pune,Pune,Soybean,1686.79
2025-03-31,Maharashtra,Pune,Pune,Soybean,1596.26
2025-04-01,Maharashtra,Pune,Pune,Soybean,2012.49
2025-04-02,Maharashtra,Pune,Pune,Soybean,1826.04
2025-04-03,Maharashtra,Pune,Pune,Soybean,1923.12
2025-04-04,Maharashtra,Pune,Pune,Soybean,2009.91
2025-04-05,Maharashtra,Pune,Pune,Soybean,1633.58
2025-04-06,Maharashtra,Pune,Pune,Soybean,1950.52
2025-04-07,Maharashtra,Pune,Pune,Soybean,1392.91
2025-04-08,Maharashtra,Pune,Pune,Soybean,1615.18
2025-04-09,Maharashtra,Pune,Pune,Soybean,1719.57
2025-04-10,Maharashtra,Pune,Pune,Soybean,1921.4
2025-04-11,Maharashtra,Pune,Pune,Soybean,1891.94
2025-04-12,Maharashtra,Pune,Pune,Soybean,1794.11
2025-04-13,Maharashtra,Pune,Pune,Soybean,1736.66
2025-04-14,Maharashtra,Pune,Pune,Soybean,1574.2
2025-04-15,Maharashtra,Pune,Pune,Soybean,1527.93
2025-04-16,Maharashtra,Pune,Pune,Soybean,1866.27
2025-04-17,Maharashtra,Pune,Pune,Soybean,1934.58
2025-04-18,Maharashtra,Pune,Pune,Soybean,2068.16
2025-04-19,Maharashtra,Pune,Pune,Soybean,1712.86
2025-04-20,Maharashtra,Pune,Pune,Soybean,1819.74
2025-04-21,Maharashtra,Pune,Pune,Soybean,1653.47
2025-04-22,Maharashtra,Pune,Pune,Soybean,1845.36
2025-04-23,Maharashtra,Pune,Pune,Soybean,1898.7
2025-04-24,Maharashtra,Pune,Pune,Soybean,1867.54
2025-04-25,Maharashtra,Pune,Pune,Soybean,1812.36
2025-04-26,Maharashtra,Pune,Pune,Soybean,1929.19
2025-04-27,Maharashtra,Pune,Pune,Soybean,1808.16
2025-04-28,Maharashtra,Pune,Pune,Soybean,1600.42
2025-04-29,Maharashtra,Pune,Pune,Soybean,1539.18
2025-04-30,Maharashtra,Pune,Pune,Soybean,1729.07
2025-05-01,Maharashtra,Pune,Pune,Soybean,2026.73
2025-05-02,Maharashtra,Pune,Pune,Soybean,1996.27
2025-05-03,Maharashtra,Pune,Pune,Soybean,1658.79
2025-05-04,Maharashtra,Pune,Pune,Soybean,1580.34
2025-05-05,Maharashtra,Pune,Pune,Soybean,1821.16
2025-05-06,Maharashtra,Pune,Pune,Soybean,1553.28
2025-05-07,Maharashtra,Pune,Pune,Soybean,1816.96
2025-05-08,Maharashtra,Pune,Pune,Soybean,1742.68
2025-05-09,Maharashtra,Pune,Pune,Soybean,2044.14
2025-05-10,Maharashtra,Pune,Pune,Soybean,1690.67
2025-05-11,Maharashtra,Pune,Pune,Soybean,1846.12
2025-05-12,Maharashtra,Pune,Pune,Soybean,1681.69
2025-05-13,Maharashtra,Pune,Pune,Soybean,1704.71
2025-05-14,Maharashtra,Pune,Pune,Soybean,1501.08
2025-05-15,Maharashtra,Pune,Pune,Soybean,1528.45
2025-05-16,Maharashtra,Pune,Pune,Soybean,1793.52
2025-05-17,Maharashtra,Pune,Pune,Soybean,1803.03
2025-05-18,Maharashtra,Pune,Pune,Soybean,1561.42
2025-05-19,Maharashtra,Pune,Pune,Soybean,1520.42
2025-05-20,Maharashtra,Pune,Pune,Soybean,1725.53
2025-05-21,Maharashtra,Pune,Pune,Soybean,1793.39
2025-05-22,Maharashtra,Pune,Pune,Soybean,1773.04
2025-05-23,Maharashtra,Pune,Pune,Soybean,1902.84
2025-05-24,Maharashtra,Pune,Pune,Soybean,1610.89
2025-05-25,Maharashtra,Pune,Pune,Soybean,1636.26
2025-05-26,Maharashtra,Pune,Pune,Soybean,1817.07
2025-05-27,Maharashtra,Pune,Pune,Soybean,1650.95
2025-05-28,Maharashtra,Pune,Pune,Soybean,1722.3
2025-05-29,Maharashtra,Pune,Pune,Soybean,2056.94
2025-05-30,Maharashtra,Pune,Pune,Soybean,1609.75
2025-05-31,Maharashtra,Pune,Pune,Soybean,1832.37
2025-06-01,Maharashtra,Pune,Pune,Soybean,1852.31
2025-06-02,Maharashtra,Pune,Pune,Soybean,1573.77
2025-06-03,Maharashtra,Pune,Pune,Soybean,1721.6
2025-06-04,Maharashtra,Pune,Pune,Soybean,1570.97
2025-06-05,Maharashtra,Pune,Pune,Soybean,1665.6
2025-06-06,Maharashtra,Pune,Pune,Soybean,1810.24
2025-06-07,Maharashtra,Pune,Pune,Soybean,1809.91
2025-06-08,Maharashtra,Pune,Pune,Soybean,1766.76
2025-06-09,Maharashtra,Pune,Pune,Soybean,1764.59
2025-06-10,Maharashtra,Pune,Pune,Soybean,1595.39
2025-06-11,Maharashtra,Pune,Pune,Soybean,1804.04
2025-06-12,Maharashtra,Pune,Pune,Soybean,1685.25
2025-06-13,Maharashtra,Pune,Pune,Soybean,1849.04
2025-06-14,Maharashtra,Pune,Pune,Soybean,1715.52
2025-06-15,Maharashtra,Pune,Pune,Soybean,1666.3
2025-06-16,Maharashtra,Pune,Pune,Soybean,1614.49
2025-06-17,Maharashtra,Pune,Pune,Soybean,1403.11
2025-06-18,Maharashtra,Pune,Pune,Soybean,1512.39
2025-06-19,Maharashtra,Pune,Pune,Soybean,1714.39
2025-06-20,Maharashtra,Pune,Pune,Soybean,1511.89
2025-06-21,Maharashtra,Pune,Pune,Soybean,1763.58
2025-06-22,Maharashtra,Pune,Pune,Soybean,1689.58
2025-06-23,Maharashtra,Pune,Pune,Soybean,1580.45
2025-06-24,Maharashtra,Pune,Pune,Soybean,1435.15
2025-06-25,Maharashtra,Pune,Pune,Soybean,1773.45
2025-06-26,Maharashtra,Pune,Pune,Soybean,1915.87
2025-06-27,Maharashtra,Pune,Pune,Soybean,1706.0
2025-06-28,Maharashtra,Pune,Pune,Soybean,1700.09
2025-06-29,Maharashtra,Pune,Pune,Soybean,1590.38
2025-06-30,Maharashtra,Pune,Pune,Soybean,1577.96
2025-07-01,Maharashtra,Pune,Pune,Soybean,1520.65
2025-07-02,Maharashtra,Pune,Pune,Soybean,1588.43
2025-07-03,Maharashtra,Pune,Pune,Soybean,1755.47
2025-07-04,Maharashtra,Pune,Pune,Soybean,1935.34
2025-07-05,Maharashtra,Pune,Pune,Soybean,1457.48
2025-07-06,Maharashtra,Pune,Pune,Soybean,1532.49
2025-07-07,Maharashtra,Pune,Pune,Soybean,1373.86
2025-07-08,Maharashtra,Pune,Pune,Soybean,1677.58
2025-07-09,Maharashtra,Pune,Pune,Soybean,1502.72
2025-07-10,Maharashtra,Pune,Pune,Soybean,1460.61
2025-07-11,Maharashtra,Pune,Pune,Soybean,1709.2
2025-07-12,Maharashtra,Pune,Pune,Soybean,1784.44
2025-07-13,Maharashtra,Pune,Pune,Soybean,1589.83
2025-07-14,Maharashtra,Pune,Pune,Soybean,1495.01
2025-07-15,Maharashtra,Pune,Pune,Soybean,1528.0
2025-07-16,Maharashtra,Pune,Pune,Soybean,1695.12
2025-07-17,Maharashtra,Pune,Pune,Soybean,1501.17
2025-07-18,Maharashtra,Pune,Pune,Soybean,1597.62
2025-07-19,Maharashtra,Pune,Pune,Soybean,1515.54
2025-07-20,Maharashtra,Pune,Pune,Soybean,1373.05
2025-07-21,Maharashtra,Pune,Pune,Soybean,1417.33
2025-07-22,Maharashtra,Pune,Pune,Soybean,1575.5
2025-07-23,Maharashtra,Pune,Pune,Soybean,1578.43
2025-07-24,Maharashtra,Pune,Pune,Soybean,1645.05
2025-07-25,Maharashtra,Pune,Pune,Soybean,1601.42
2025-07-26,Maharashtra,Pune,Pune,Soybean,1597.33
2025-07-27,Maharashtra,Pune,Pune,Soybean,1389.71
2025-07-28,Maharashtra,Pune,Pune,Soybean,1397.45
2025-07-29,Maharashtra,Pune,Pune,Soybean,1459.12
2025-07-30,Maharashtra,Pune,Pune,Soybean,1524.18
2025-07-31,Maharashtra,Pune,Pune,Soybean,1585.01
2025-08-01,Maharashtra,Pune,Pune,Soybean,1546.24
2025-08-02,Maharashtra,Pune,Pune,Soybean,1477.8
2025-08-03,Maharashtra,Pune,Pune,Soybean,1771.02
2025-08-04,Maharashtra,Pune,Pune,Soybean,1496.74
2025-08-05,Maharashtra,Pune,Pune,Soybean,1459.82
2025-08-06,Maharashtra,Pune,Pune,Soybean,1449.47
2025-08-07,Maharashtra,Pune,Pune,Soybean,1479.81
2025-08-08,Maharashtra,Pune,Pune,Soybean,1525.13
2025-08-09,Maharashtra,Pune,Pune,Soybean,1527.27
2025-08-10,Maharashtra,Pune,Pune,Soybean,1242.0
2025-08-11,Maharashtra,Pune,Pune,Soybean,1235.58
2025-08-12,Maharashtra,Pune,Pune,Soybean,1337.14
2025-08-13,Maharashtra,Pune,Pune,Soybean,1474.85
2025-08-14,Maharashtra,Pune,Pune,Soybean,1482.59
2025-08-15,Maharashtra,Pune,Pune,Soybean,1676.31
2025-08-16,Maharashtra,Pune,Pune,Soybean,1324.03
2025-08-17,Maharashtra,Pune,Pune,Soybean,1337.86
2025-08-18,Maharashtra,Pune,Pune,Soybean,1516.6
2025-08-19,Maharashtra,Pune,Pune,Soybean,1395.03
2025-08-20,Maharashtra,Pune,Pune,Soybean,1525.17
2025-08-21,Maharashtra,Pune,Pune,Soybean,1703.9
2025-08-22,Maharashtra,Pune,Pune,Soybean,1428.51
2025-08-23,Maharashtra,Pune,Pune,Soybean,1450.3
2025-08-24,Maharashtra,Pune,Pune,Soybean,1369.7
2025-08-25,Maharashtra,Pune,Pune,Soybean,1170.23
2025-08-26,Maharashtra,Pune,Pune,Soybean,1337.81
2025-08-27,Maharashtra,Pune,Pune,Soybean,1508.82
2025-08-28,Maharashtra,Pune,Pune,Soybean,1530.53
2025-08-29,Maharashtra,Pune,Pune,Soybean,1550.89
2025-08-30,Maharashtra,Pune,Pune,Soybean,1408.26
2025-08-31,Maharashtra,Pune,Pune,Soybean,1319.62
2025-09-01,Maharashtra,Pune,Pune,Soybean,1462.64
2025-09-02,Maharashtra,Pune,Pune,Soybean,1308.18
2025-09-03,Maharashtra,Pune,Pune,Soybean,1437.94
2025-09-04,Maharashtra,Pune,Pune,Soybean,1479.17
2025-09-05,Maharashtra,Pune,Pune,Soybean,1625.39
2025-09-06,Maharashtra,Pune,Pune,Soybean,1532.66
2025-09-07,Maharashtra,Pune,Pune,Soybean,1248.37
2025-09-08,Maharashtra,Pune,Pune,Soybean,1222.83
2025-09-09,Maharashtra,Pune,Pune,Soybean,1400.64
2025-09-10,Maharashtra,Pune,Pune,Soybean,1393.43
2025-09-11,Maharashtra,Pune,Pune,Soybean,1407.05
2025-09-12,Maharashtra,Pune,Pune,Soybean,1570.04
2025-09-13,Maharashtra,Pune,Pune,Soybean,1445.81
2025-09-14,Maharashtra,Pune,Pune,Soybean,1370.66
2025-09-15,Maharashtra,Pune,Pune,Soybean,1399.58
2025-09-16,Maharashtra,Pune,Pune,Soybean,1304.74
2025-09-17,Maharashtra,Pune,Pune,Soybean,1546.82
2025-09-18,Maharashtra,Pune,Pune,Soybean,1367.81
2025-09-19,Maharashtra,Pune,Pune,Soybean,1527.76
2025-09-20,Maharashtra,Pune,Pune,Soybean,1565.24
2025-09-21,Maharashtra,Pune,Pune,Soybean,1230.42
2025-09-22,Maharashtra,Pune,Pune,Soybean,1291.96
2025-09-23,Maharashtra,Pune,Pune,Soybean,1443.89
2025-09-24,Maharashtra,Pune,Pune,Soybean,1503.93
2025-09-25,Maharashtra,Pune,Pune,Soybean,1428.18
2025-09-26,Maharashtra,Pune,Pune,Soybean,1383.93
2025-09-27,Maharashtra,Pune,Pune,Soybean,1516.51
2025-09-28,Maharashtra,Pune,Pune,Soybean,1473.93
2025-09-29,Maharashtra,Pune,Pune,Soybean,1215.8
2025-09-30,Maharashtra,Pune,Pune,Soybean,1224.72
2025-10-01,Maharashtra,Pune,Pune,Soybean,1414.14
2025-10-02,Maharashtra,Pune,Pune,Soybean,1510.81
2025-10-03,Maharashtra,Pune,Pune,Soybean,1430.44
2025-10-04,Maharashtra,Pune,Pune,Soybean,1491.63
2025-10-05,Maharashtra,Pune,Pune,Soybean,1296.28
2025-10-06,Maharashtra,Pune,Pune,Soybean,1130.61
2025-10-07,Maharashtra,Pune,Pune,Soybean,1301.48
2025-10-08,Maharashtra,Pune,Pune,Soybean,1402.89
2025-10-09,Maharashtra,Pune,Pune,Soybean,1424.24
2025-10-10,Maharashtra,Pune,Pune,Soybean,1347.87
2025-10-11,Maharashtra,Pune,Pune,Soybean,1248.34
2025-10-12,Maharashtra,Pune,Pune,Soybean,1321.18
2025-10-13,Maharashtra,Pune,Pune,Soybean,1417.58
2025-10-14,Maharashtra,Pune,Pune,Soybean,1467.14
2025-10-15,Maharashtra,Pune,Pune,Soybean,1521.58
2025-10-16,Maharashtra,Pune,Pune,Soybean,1377.75
2025-10-17,Maharashtra,Pune,Pune,Soybean,1357.14
2025-10-18,Maharashtra,Pune,Pune,Soybean,1489.96
2025-10-19,Maharashtra,Pune,Pune,Soybean,1441.75
2025-10-20,Maharashtra,Pune,Pune,Soybean,1381.5
2025-10-21,Maharashtra,Pune,Pune,Soybean,1167.59
2025-10-22,Maharashtra,Pune,Pune,Soybean,1330.44
2025-10-23,Maharashtra,Pune,Pune,Soybean,1470.71
2025-10-24,Maharashtra,Pune,Pune,Soybean,1540.37
2025-10-25,Maharashtra,Pune,Pune,Soybean,1531.32
2025-10-26,Maharashtra,Pune,Pune,Soybean,1407.72
2025-10-27,Maharashtra,Pune,Pune,Soybean,1388.64
2025-10-28,Maharashtra,Pune,Pune,Soybean,1381.34
2025-10-29,Maharashtra,Pune,Pune,Soybean,1500.1
2025-10-30,Maharashtra,Pune,Pune,Soybean,1522.49
2025-10-31,Maharashtra,Pune,Pune,Soybean,1513.24
2025-11-01,Maharashtra,Pune,Pune,Soybean,1442.44
2025-11-02,Maharashtra,Pune,Pune,Soybean,1418.21
2025-11-03,Maharashtra,Pune,Pune,Soybean,1420.34
2025-11-04,Maharashtra,Pune,Pune,Soybean,1416.34
2025-11-05,Maharashtra,Pune,Pune,Soybean,1488.32
2025-11-06,Maharashtra,Pune,Pune,Soybean,1651.19
2025-11-07,Maharashtra,Pune,Pune,Soybean,1554.76
2025-11-08,Maharashtra,Pune,Pune,Soybean,1422.41
2025-11-09,Maharashtra,Pune,Pune,Soybean,1518.25
2025-11-10,Maharashtra,Pune,Pune,Soybean,1259.99
2025-11-11,Maharashtra,Pune,Pune,Soybean,1303.65
2025-11-12,Maharashtra,Pune,Pune,Soybean,1505.61
2025-11-13,Maharashtra,Pune,Pune,Soybean,1587.32
2025-11-14,Maharashtra,Pune,Pune,Soybean,1414.63
2025-11-15,Maharashtra,Pune,Pune,Soybean,1472.64
2025-11-16,Maharashtra,Pune,Pune,Soybean,1390.69
2025-11-17,Maharashtra,Pune,Pune,Soybean,1367.26
2025-11-18,Maharashtra,Pune,Pune,Soybean,1527.94
2025-11-19,Maharashtra,Pune,Pune,Soybean,1569.14
2025-11-20,Maharashtra,Pune,Pune,Soybean,1555.37
2025-11-21,Maharashtra,Pune,Pune,Soybean,1515.6
2025-11-22,Maharashtra,Pune,Pune,Soybean,1393.63
2025-11-23,Maharashtra,Pune,Pune,Soybean,1624.28
2025-11-24,Maharashtra,Pune,Pune,Soybean,1499.93
2025-11-25,Maharashtra,Pune,Pune,Soybean,1386.46
2025-11-26,Maharashtra,Pune,Pune,Soybean,1598.57
2025-11-27,Maharashtra,Pune,Pune,Soybean,1577.77
2025-11-28,Maharashtra,Pune,Pune,Soybean,1572.29
2025-11-29,Maharashtra,Pune,Pune,Soybean,1615.08
2025-11-30,Maharashtra,Pune,Pune,Soybean,1426.71
2025-12-01,Maharashtra,Pune,Pune,Soybean,1431.87
2025-12-02,Maharashtra,Pune,Pune,Soybean,1498.75
2025-12-03,Maharashtra,Pune,Pune,Soybean,1496.61
2025-12-04,Maharashtra,Pune,Pune,Soybean,1691.6
2025-12-05,Maharashtra,Pune,Pune,Soybean,1849.45
2025-12-06,Maharashtra,Pune,Pune,Soybean,1513.38
2025-12-07,Maharashtra,Pune,Pune,Soybean,1355.37
2025-12-08,Maharashtra,Pune,Pune,Soybean,1286.37
2025-12-09,Maharashtra,Pune,Pune,Soybean,1499.5
2025-12-10,Maharashtra,Pune,Pune,Soybean,1508.19
2025-12-11,Maharashtra,Pune,Pune,Soybean,1672.12
2025-12-12,Maharashtra,Pune,Pune,Soybean,1683.72
2025-12-13,Maharashtra,Pune,Pune,Soybean,1446.97
2025-12-14,Maharashtra,Pune,Pune,Soybean,1366.33
2025-12-15,Maharashtra,Pune,Pune,Soybean,1557.92
2025-12-16,Maharashtra,Pune,Pune,Soybean,1560.93
2025-12-17,Maharashtra,Pune,Pune,Soybean,1565.76
2025-12-18,Maharashtra,Pune,Pune,Soybean,1486.74
2025-12-19,Maharashtra,Pune,Pune,Soybean,1758.59
2025-12-20,Maharashtra,Pune,Pune,Soybean,1811.44
2025-12-21,Maharashtra,Pune,Pune,Soybean,1628.45
2025-12-22,Maharashtra,Pune,Pune,Soybean,1465.33
2025-12-23,Maharashtra,Pune,Pune,Soybean,1583.08
2025-12-24,Maharashtra,Pune,Pune,Soybean,1489.65
2025-12-25,Maharashtra,Pune,Pune,Soybean,1843.69
2025-12-26,Maharashtra,Pune,Pune,Soybean,1747.54
2025-12-27,Maharashtra,Pune,Pune,Soybean,1487.58
2025-12-28,Maharashtra,Pune,Pune,Soybean,1596.05
2025-12-29,Maharashtra,Pune,Pune,Soybean,1641.46
2025-12-30,Maharashtra,Pune,Pune,Soybean,1573.16
2025-12-31,Maharashtra,Pune,Pune,Soybean,1648.64
2026-01-01,Maharashtra,Pune,Pune,Soybean,1601.74
2026-01-02,Maharashtra,Pune,Pune,Soybean,1843.61
2026-01-03,Maharashtra,Pune,Pune,Soybean,1653.89
2026-01-04,Maharashtra,Pune,Pune,Soybean,1412.59
2026-01-05,Maharashtra,Pune,Pune,Soybean,1580.2
2026-01-06,Maharashtra,Pune,Pune,Soybean,1756.39
2026-01-07,Maharashtra,Pune,Pune,Soybean,1668.79
2026-01-08,Maharashtra,Pune,Pune,Soybean,2004.81
2026-01-09,Maharashtra,Pune,Pune,Soybean,1863.38
2026-01-10,Maharashtra,Pune,Pune,Soybean,1809.27
2026-01-11,Maharashtra,Pune,Pune,Soybean,1681.79
2026-01-12,Maharashtra,Pune,Pune,Soybean,1646.8
2026-01-13,Maharashtra,Pune,Pune,Soybean,1645.23
2026-01-14,Maharashtra,Pune,Pune,Soybean,1712.13
2026-01-15,Maharashtra,Pune,Pune,Soybean,1890.22
2026-01-16,Maharashtra,Pune,Pune,Soybean,1723.62
2026-01-17,Maharashtra,Pune,Pune,Soybean,1666.04
2026-01-18,Maharashtra,Pune,Pune,Soybean,1593.85
2026-01-19,Maharashtra,Pune,Pune,Soybean,1928.03
2026-01-20,Maharashtra,Pune,Pune,Soybean,1771.58
2026-01-21,Maharashtra,Pune,Pune,Soybean,1820.33
2026-01-22,Maharashtra,Pune,Pune,Soybean,1719.4
2026-01-23,Maharashtra,Pune,Pune,Soybean,1960.96
2026-01-24,Maharashtra,Pune,Pune,Soybean,1820.24
2026-01-25,Maharashtra,Pune,Pune,Soybean,1788.18
2026-01-26,Maharashtra,Pune,Pune,Soybean,1599.98
2026-01-27,Maharashtra,Pune,Pune,Soybean,1758.68
2026-01-28,Maharashtra,Pune,Pune,Soybean,1760.59
2026-01-29,Maharashtra,Pune,Pune,Soybean,1788.7
2026-01-30,Maharashtra,Pune,Pune,Soybean,2010.46
2026-01-31,Maharashtra,Pune,Pune,Soybean,1666.37
2026-02-01,Maharashtra,Pune,Pune,Soybean,1863.2
2026-02-02,Maharashtra,Pune,Pune,Soybean,1830.6
2026-02-03,Maharashtra,Pune,Pune,Soybean,1659.84
2026-02-04,Maharashtra,Pune,Pune,Soybean,1739.02
2026-02-05,Maharashtra,Pune,Pune,Soybean,1891.46
2026-02-06,Maharashtra,Pune,Pune,Soybean,1982.06
2026-02-07,Maharashtra,Pune,Pune,Soybean,1877.47
2026-02-08,Maharashtra,Pune,Pune,Soybean,1876.45
2026-02-09,Maharashtra,Pune,Pune,Soybean,1993.68
2026-02-10,Maharashtra,Pune,Pune,Soybean,1732.68
2026-02-11,Maharashtra,Pune,Pune,Soybean,1648.62
2026-02-12,Maharashtra,Pune,Pune,Soybean,2063.65
2026-02-13,Maharashtra,Pune,Pune,Soybean,2205.52
2026-02-14,Maharashtra,Pune,Pune,Soybean,1978.99
2026-02-15,Maharashtra,Pune,Pune,Soybean,1707.21
2026-02-16,Maharashtra,Pune,Pune,Soybean,1784.73
2026-02-17,Maharashtra,Pune,Pune,Soybean,1679.46
2026-02-18,Maharashtra,Pune,Pune,Soybean,1985.35
2026-02-19,Maharashtra,Pune,Pune,Soybean,1790.73
2026-02-20,Maharashtra,Pune,Pune,Soybean,1957.84
2026-02-21,Maharashtra,Pune,Pune,Soybean,1814.56
2026-02-22,Maharashtra,Pune,Pune,Soybean,1888.82
2026-02-23,Maharashtra,Pune,Pune,Soybean,1776.82
2026-02-24,Maharashtra,Pune,Pune,Soybean,1868.06
2026-02-25,Maharashtra,Pune,Pune,Soybean,1926.51
2026-02-26,Maharashtra,Pune,Pune,Soybean,1863.7
2026-02-27,Maharashtra,Pune,Pune,Soybean,2112.61
2026-02-28,Maharashtra,Pune,Pune,Soybean,1967.94
2026-03-01,Maharashtra,Pune,Pune,Soybean,1762.68
2026-03-02,Maharashtra,Pune,Pune,Soybean,2133.38
2026-03-03,Maharashtra,Pune,Pune,Soybean,1927.76
2026-03-04,Maharashtra,Pune,Pune,Soybean,1923.34
2026-03-05,Maharashtra,Pune,Pune,Soybean,2223.42
2026-03-06,Maharashtra,Pune,Pune,Soybean,2308.17
2026-03-07,Maharashtra,Pune,Pune,Soybean,1974.16
2026-03-08,Maharashtra,Pune,Pune,Soybean,1958.7
2026-03-09,Maharashtra,Pune,Pune,Soybean,1732.88
2026-03-10,Maharashtra,Pune,Pune,Soybean,1863.4
2026-03-11,Maharashtra,Pune,Pune,Soybean,1934.35
2026-03-12,Maharashtra,Pune,Pune,Soybean,2067.08
2026-03-13,Maharashtra,Pune,Pune,Soybean,2109.93
2026-03-14,Maharashtra,Pune,Pune,Soybean,2089.64
2026-03-15,Maharashtra,Pune,Pune,Soybean,1959.47
2026-03-16,Maharashtra,Pune,Pune,Soybean,1716.97
2026-03-17,Maharashtra,Pune,Pune,Soybean,1772.19
2026-03-18,Maharashtra,Pune,Pune,Soybean,1900.18
2026-03-19,Maharashtra,Pune,Pune,Soybean,2014.17
2026-03-20,Maharashtra,Pune,Pune,Soybean,2228.25
2026-03-21,Maharashtra,Pune,Pune,Soybean,1858.91
2026-03-22,Maharashtra,Pune,Pune,Soybean,1890.66
2026-03-23,Maharashtra,Pune,Pune,Soybean,2012.78
2026-03-24,Maharashtra,Pune,Pune,Soybean,1867.31
2026-03-25,Maharashtra,Pune,Pune,Soybean,2050.23
2026-03-26,Maharashtra,Pune,Pune,Soybean,2044.93
2026-03-27,Maharashtra,Pune,Pune,Soybean,2122.95
2026-03-28,Maharashtra,Pune,Pune,Soybean,2000.23
2026-03-29,Maharashtra,Pune,Pune,Soybean,2038.29
2026-03-30,Maharashtra,Pune,Pune,Soybean,1689.47
2026-03-31,Maharashtra,Pune,Pune,Soybean,1865.68
2026-04-01,Maharashtra,Pune,Pune,Soybean,2034.35
2026-04-02,Maharashtra,Pune,Pune,Soybean,2148.97
2026-04-03,Maharashtra,Pune,Pune,Soybean,2310.0
2026-04-04,Maharashtra,Pune,Pune,Soybean,1982.22
2026-04-05,Maharashtra,Pune,Pune,Soybean,2154.02
2026-04-06,Maharashtra,Pune,Pune,Soybean,1810.66
2026-04-07,Maharashtra,Pune,Pune,Soybean,2096.12
2026-04-08,Maharashtra,Pune,Pune,Soybean,2110.19
2026-04-09,Maharashtra,Pune,Pune,Soybean,1941.5
2026-04-10,Maharashtra,Pune,Pune,Soybean,2138.44
2026-04-11,Maharashtra,Pune,Pune,Soybean,2032.1
2026-04-12,Maharashtra,Pune,Pune,Soybean,2038.2
2026-04-13,Maharashtra,Pune,Pune,Soybean,1868.85
2026-04-14,Maharashtra,Pune,Pune,Soybean,1876.29
2026-04-15,Maharashtra,Pune,Pune,Soybean,2186.42
2026-04-16,Maharashtra,Pune,Pune,Soybean,2058.44
2026-04-17,Maharashtra,Pune,Pune,Soybean,2212.5
2026-04-18,Maharashtra,Pune,Pune,Soybean,2004.84
2026-04-19,Maharashtra,Pune,Pune,Soybean,2177.32
2026-04-20,Maharashtra,Pune,Pune,Soybean,1805.25
2026-04-21,Maharashtra,Pune,Pune,Soybean,1831.45
2026-04-22,Maharashtra,Pune,Pune,Soybean,2203.14
2026-04-23,Maharashtra,Pune,Pune,Soybean,2003.15
2026-04-24,Maharashtra,Pune,Pune,Soybean,2319.44
2026-04-25,Maharashtra,Pune,Pune,Soybean,2157.56
2026-04-26,Maharashtra,Pune,Pune,Soybean,1922.36
2026-04-27,Maharashtra,Pune,Pune,Soybean,1648.78
2026-04-28,Maharashtra,Pune,Pune,Soybean,1903.82
2026-04-29,Maharashtra,Pune,Pune,Soybean,1996.69
2026-04-30,Maharashtra,Pune,Pune,Soybean,2226.78
2026-05-01,Maharashtra,Pune,Pune,Soybean,2306.96
2026-05-02,Maharashtra,Pune,Pune,Soybean,1924.04
2026-05-03,Maharashtra,Pune,Pune,Soybean,2041.93
2026-05-04,Maharashtra,Pune,Pune,Soybean,1979.03
2026-05-05,Maharashtra,Pune,Pune,Soybean,2038.18
2026-05-06,Maharashtra,Pune,Pune,Soybean,2039.8
2026-05-07,Maharashtra,Pune,Pune,Soybean,1767.83
2026-05-08,Maharashtra,Pune,Pune,Soybean,2040.52
2026-05-09,Maharashtra,Pune,Pune,Soybean,1845.23
2026-05-10,Maharashtra,Pune,Pune,Soybean,1893.08
2026-05-11,Maharashtra,Pune,Pune,Soybean,1993.09
2026-05-12,Maharashtra,Pune,Pune,Soybean,1922.1
2026-05-13,Maharashtra,Pune,Pune,Soybean,2113.36
2026-05-14,Maharashtra,Pune,Pune,Soybean,2078.73
2026-05-15,Maharashtra,Pune,Pune,Soybean,1860.48
2026-05-16,Maharashtra,Pune,Pune,Soybean,1639.78
2026-05-17,Maharashtra,Pune,Pune,Soybean,1923.92
2026-05-18,Maharashtra,Pune,Pune,Soybean,1821.26
2026-05-19,Maharashtra,Pune,Pune,Soybean,1737.6
2026-05-20,Maharashtra,Pune,Pune,Soybean,1707.57
2026-05-21,Maharashtra,Pune,Pune,Soybean,1907.76
2026-05-22,Maharashtra,Pune,Pune,Soybean,1999.32
2026-05-23,Maharashtra,Pune,Pune,Soybean,2063.59
2026-05-24,Maharashtra,Pune,Pune,Soybean,1909.97
2026-05-25,Maharashtra,Pune,Pune,Soybean,2036.12
2026-05-26,Maharashtra,Pune,Pune,Soybean,1711.96
2026-05-27,Maharashtra,Pune,Pune,Soybean,2036.04
2026-05-28,Maharashtra,Pune,Pune,Soybean,1996.06
2026-05-29,Maharashtra,Pune,Pune,Soybean,2102.1
2026-05-30,Maharashtra,Pune,Pune,Soybean,1890.04
2026-05-31,Maharashtra,Pune,Pune,Soybean,2003.42
2026-06-01,Maharashtra,Pune,Pune,Soybean,1846.31
2026-06-02,Maharashtra,Pune,Pune,Soybean,1737.3
2026-06-03,Maharashtra,Pune,Pune,Soybean,1893.27
2026-06-04,Maharashtra,Pune,Pune,Soybean,1932.4
2026-06-05,Maharashtra,Pune,Pune,Soybean,2047.76
2026-06-06,Maharashtra,Pune,Pune,Soybean,1766.29
2026-06-07,Maharashtra,Pune,Pune,Soybean,1836.27
2026-06-08,Maharashtra,Pune,Pune,Soybean,1835.17
2026-06-09,Maharashtra,Pune,Pune,Soybean,1804.55
2026-06-10,Maharashtra,Pune,Pune,Soybean,2046.28
2026-06-11,Maharashtra,Pune,Pune,Soybean,2044.3
2026-06-12,Maharashtra,Pune,Pune,Soybean,1952.32
2026-06-13,Maharashtra,Pune,Pune,Soybean,1927.93
2026-06-14,Maharashtra,Pune,Pune,Soybean,1852.33
2026-06-15,Maharashtra,Pune,Pune,Soybean,1810.68
2026-06-16,Maharashtra,Pune,Pune,Soybean,1548.29
2026-06-17,Maharashtra,Pune,Pune,Soybean,1804.59
2026-06-18,Maharashtra,Pune,Pune,Soybean,1712.91
2026-06-19,Maharashtra,Pune,Pune,Soybean,2097.46
2026-06-20,Maharashtra,Pune,Pune,Soybean,1863.55
2026-06-21,Maharashtra,Pune,Pune,Soybean,1763.99
2026-06-22,Maharashtra,Pune,Pune,Soybean,1843.88
2026-06-23,Maharashtra,Pune,Pune,Soybean,1800.45
2026-06-24,Maharashtra,Pune,Pune,Soybean,1672.43
2026-06-25,Maharashtra,Pune,Pune,Soybean,1873.37
2026-06-26,Maharashtra,Pune,Pune,Soybean,1851.5
2026-06-27,Maharashtra,Pune,Pune,Soybean,1617.9
2026-06-28,Maharashtra,Pune,Pune,Soybean,1675.65
2026-06-29,Maharashtra,Pune,Pune,Soybean,1686.24
2026-06-30,Maharashtra,Pune,Pune,Soybean,1707.77
2026-07-01,Maharashtra,Pune,Pune,Soybean,1602.12
2026-07-02,Maharashtra,Pune,Pune,Soybean,2002.64
2026-07-03,Maharashtra,Pune,Pune,Soybean,1852.84
2026-07-04,Maharashtra,Pune,Pune,Soybean,1818.65
2026-07-05,Maharashtra,Pune,Pune,Soybean,1781.45
2026-07-06,Maharashtra,Pune,Pune,Soybean,1588.32
2026-07-07,Maharashtra,Pune,Pune,Soybean,1748.33
2026-07-08,Maharashtra,Pune,Pune,Soybean,1713.85
2026-07-09,Maharashtra,Pune,Pune,Soybean,1709.14
2026-07-10,Maharashtra,Pune,Pune,Soybean,1909.99
2026-07-11,Maharashtra,Pune,Pune,Soybean,1971.13
2026-07-12,Maharashtra,Pune,Pune,Soybean,1791.52
2026-07-13,Maharashtra,Pune,Pune,Soybean,1760.89
2026-07-14,Maharashtra,Pune,Pune,Soybean,1606.2
2026-07-15,Maharashtra,Pune,Pune,Soybean,1537.2
2026-07-16,Maharashtra,Pune,Pune,Soybean,1981.42
2026-07-17,Maharashtra,Pune,Pune,Soybean,2066.6
2026-07-18,Maharashtra,Pune,Pune,Soybean,1945.75
2026-07-19,Maharashtra,Pune,Pune,Soybean,1638.23
2026-07-20,Maharashtra,Pune,Pune,Soybean,1495.99
2026-07-21,Maharashtra,Pune,Pune,Soybean,1517.94
2026-07-22,Maharashtra,Pune,Pune,Soybean,1502.42
2026-07-23,Maharashtra,Pune,Pune,Soybean,1752.45
2026-07-24,Maharashtra,Pune,Pune,Soybean,1977.96
2026-07-25,Maharashtra,Pune,Pune,Soybean,1711.21
2026-07-26,Maharashtra,Pune,Pune,Soybean,1686.2
2026-07-27,Maharashtra,Pune,Pune,Soybean,1756.29
2026-07-28,Maharashtra,Pune,Pune,Soybean,1569.04
2026-07-29,Maharashtra,Pune,Pune,Soybean,1915.62
2026-07-30,Maharashtra,Pune,Pune,Soybean,1980.88
2026-07-31,Maharashtra,Pune,Pune,Soybean,1734.74
2026-08-01,Maharashtra,Pune,Pune,Soybean,1633.18
2026-08-02,Maharashtra,Pune,Pune,Soybean,1705.6
2026-08-03,Maharashtra,Pune,Pune,Soybean,1539.54
2026-08-04,Maharashtra,Pune,Pune,Soybean,1461.83
2026-08-05,Maharashtra,Pune,Pune,Soybean,1800.03
2026-08-06,Maharashtra,Pune,Pune,Soybean,1858.78
2026-08-07,Maharashtra,Pune,Pune,Soybean,1744.11
2026-08-08,Maharashtra,Pune,Pune,Soybean,1529.16
2026-08-09,Maharashtra,Pune,Pune,Soybean,1465.05
2026-08-10,Maharashtra,Pune,Pune,Soybean,1567.31
2026-08-11,Maharashtra,Pune,Pune,Soybean,1513.5
2026-08-12,Maharashtra,Pune,Pune,Soybean,1590.16
2026-08-13,Maharashtra,Pune,Pune,Soybean,1810.42
2026-08-14,Maharashtra,Pune,Pune,Soybean,1789.44
2026-08-15,Maharashtra,Pune,Pune,Soybean,1814.82
2026-08-16,Maharashtra,Pune,Pune,Soybean,1472.3
2026-08-17,Maharashtra,Pune,Pune,Soybean,1498.64
2026-08-18,Maharashtra,Pune,Pune,Soybean,1630.69
2026-08-19,Maharashtra,Pune,Pune,Soybean,1659.12
2026-08-20,Maharashtra,Pune,Pune,Soybean,1847.74
2026-08-21,Maharashtra,Pune,Pune,Soybean,1730.98
2026-08-22,Maharashtra,Pune,Pune,Soybean,1847.05
2026-08-23,Maharashtra,Pune,Pune,Soybean,1622.66
2026-08-24,Maharashtra,Pune,Pune,Soybean,1630.85
2026-08-25,Maharashtra,Pune,Pune,Soybean,1496.41
2026-08-26,Maharashtra,Pune,Pune,Soybean,1592.63
2026-08-27,Maharashtra,Pune,Pune,Soybean,1756.14
2026-08-28,Maharashtra,Pune,Pune,Soybean,1851.77
2026-08-29,Maharashtra,Pune,Pune,Soybean,1701.42
2026-08-30,Maharashtra,Pune,Pune,Soybean,1539.0
2026-08-31,Maharashtra,Pune,Pune,Soybean,1648.23
2025-01-01,Bihar,Patna,Patna,Tomato,1244.45
2025-01-02,Bihar,Patna,Patna,Tomato,1379.43
2025-01-03,Bihar,Patna,Patna,Tomato,1624.69
2025-01-04,Bihar,Patna,Patna,Tomato,1516.61
2025-01-05,Bihar,Patna,Patna,Tomato,1516.66
2025-01-06,Bihar,Patna,Patna,Tomato,1425.25
2025-01-07,Bihar,Patna,Patna,Tomato,1494.84
2025-01-08,Bihar,Patna,Patna,Tomato,1414.65
2025-01-09,Bihar,Patna,Patna,Tomato,1625.71
2025-01-10,Bihar,Patna,Patna,Tomato,1692.45
2025-01-11,Bihar,Patna,Patna,Tomato,1677.95
2025-01-12,Bihar,Patna,Patna,Tomato,1693.63
2025-01-13,Bihar,Patna,Patna,Tomato,1472.15
2025-01-14,Bihar,Patna,Patna,Tomato,1494.31
2025-01-15,Bihar,Patna,Patna,Tomato,1366.95
2025-01-16,Bihar,Patna,Patna,Tomato,1534.99
2025-01-17,Bihar,Patna,Patna,Tomato,1591.72
2025-01-18,Bihar,Patna,Patna,Tomato,1692.09
2025-01-19,Bihar,Patna,Patna,Tomato,1448.63
2025-01-20,Bihar,Patna,Patna,Tomato,1557.73
2025-01-21,Bihar,Patna,Patna,Tomato,1494.27
2025-01-22,Bihar,Patna,Patna,Tomato,1540.02
2025-01-23,Bihar,Patna,Patna,Tomato,1652.89
2025-01-24,Bihar,Patna,Patna,Tomato,1598.96
2025-01-25,Bihar,Patna,Patna,Tomato,1557.49
2025-01-26,Bihar,Patna,Patna,Tomato,1357.52
2025-01-27,Bihar,Patna,Patna,Tomato,1476.59
2025-01-28,Bihar,Patna,Patna,Tomato,1470.62
2025-01-29,Bihar,Patna,Patna,Tomato,1530.28
2025-01-30,Bihar,Patna,Patna,Tomato,1702.03
2025-01-31,Bihar,Patna,Patna,Tomato,1750.37
2025-02-01,Bihar,Patna,Patna,Tomato,1660.58
2025-02-02,Bihar,Patna,Patna,Tomato,1677.67
2025-02-03,Bihar,Patna,Patna,Tomato,1590.23
2025-02-04,Bihar,Patna,Patna,Tomato,1515.82
2025-02-05,Bihar,Patna,Patna,Tomato,1562.19
2025-02-06,Bihar,Patna,Patna,Tomato,1718.28
2025-02-07,Bihar,Patna,Patna,Tomato,1769.25
2025-02-08,Bihar,Patna,Patna,Tomato,1823.27
2025-02-09,Bihar,Patna,Patna,Tomato,1726.65
2025-02-10,Bihar,Patna,Patna,Tomato,1494.2
2025-02-11,Bihar,Patna,Patna,Tomato,1560.98
2025-02-12,Bihar,Patna,Patna,Tomato,1716.66
2025-02-13,Bihar,Patna,Patna,Tomato,1834.94
2025-02-14,Bihar,Patna,Patna,Tomato,1840.22
2025-02-15,Bihar,Patna,Patna,Tomato,1678.07
2025-02-16,Bihar,Patna,Patna,Tomato,1475.29
2025-02-17,Bihar,Patna,Patna,Tomato,1465.45
2025-02-18,Bihar,Patna,Patna,Tomato,1625.14
2025-02-19,Bihar,Patna,Patna,Tomato,1702.57
2025-02-20,Bihar,Patna,Patna,Tomato,1597.85
2025-02-21,Bihar,Patna,Patna,Tomato,1755.74
2025-02-22,Bihar,Patna,Patna,Tomato,1783.69
2025-02-23,Bihar,Patna,Patna,Tomato,1506.53
2025-02-24,Bihar,Patna,Patna,Tomato,1719.49
2025-02-25,Bihar,Patna,Patna,Tomato,1572.31
2025-02-26,Bihar,Patna,Patna,Tomato,1831.7
2025-02-27,Bihar,Patna,Patna,Tomato,1686.75
2025-02-28,Bihar,Patna,Patna,Tomato,1644.0
2025-03-01,Bihar,Patna,Patna,Tomato,1672.88
2025-03-02,Bihar,Patna,Patna,Tomato,1646.41
2025-03-03,Bihar,Patna,Patna,Tomato,1570.14
2025-03-04,Bihar,Patna,Patna,Tomato,1608.11
2025-03-05,Bihar,Patna,Patna,Tomato,1741.43
2025-03-06,Bihar,Patna,Patna,Tomato,1749.41
2025-03-07,Bihar,Patna,Patna,Tomato,1781.22
2025-03-08,Bihar,Patna,Patna,Tomato,1536.78
2025-03-09,Bihar,Patna,Patna,Tomato,1719.54
2025-03-10,Bihar,Patna,Patna,Tomato,1619.22
2025-03-11,Bihar,Patna,Patna,Tomato,1833.68
2025-03-12,Bihar,Patna,Patna,Tomato,1604.05
2025-03-13,Bihar,Patna,Patna,Tomato,1560.03
2025-03-14,Bihar,Patna,Patna,Tomato,1882.76
2025-03-15,Bihar,Patna,Patna,Tomato,1802.69
2025-03-16,Bihar,Patna,Patna,Tomato,1567.89
2025-03-17,Bihar,Patna,Patna,Tomato,1466.12
2025-03-18,Bihar,Patna,Patna,Tomato,1838.84
2025-03-19,Bihar,Patna,Patna,Tomato,1900.46
2025-03-20,Bihar,Patna,Patna,Tomato,1485.29
2025-03-21,Bihar,Patna,Patna,Tomato,1758.39
2025-03-22,Bihar,Patna,Patna,Tomato,1977.54
2025-03-23,Bihar,Patna,Patna,Tomato,1640.71
2025-03-24,Bihar,Patna,Patna,Tomato,1594.8
2025-03-25,Bihar,Patna,Patna,Tomato,1636.37
2025-03-26,Bihar,Patna,Patna,Tomato,1602.03
2025-03-27,Bihar,Patna,Patna,Tomato,1591.78
2025-03-28,Bihar,Patna,Patna,Tomato,1959.78
2025-03-29,Bihar,Patna,Patna,Tomato,1549.63
2025-03-30,Bihar,Patna,Patna,Tomato,1733.92
2025-03-31,Bihar,Patna,Patna,Tomato,1760.92
2025-04-01,Bihar,Patna,Patna,Tomato,1505.32
2025-04-02,Bihar,Patna,Patna,Tomato,1631.48
2025-04-03,Bihar,Patna,Patna,Tomato,1967.1
2025-04-04,Bihar,Patna,Patna,Tomato,1898.79
2025-04-05,Bihar,Patna,Patna,Tomato,1706.66
2025-04-06,Bihar,Patna,Patna,Tomato,1852.12
2025-04-07,Bihar,Patna,Patna,Tomato,1801.72
2025-04-08,Bihar,Patna,Patna,Tomato,1710.1
2025-04-09,Bihar,Patna,Patna,Tomato,1636.87
2025-04-10,Bihar,Patna,Patna,Tomato,1762.8
2025-04-11,Bihar,Patna,Patna,Tomato,1868.98
2025-04-12,Bihar,Patna,Patna,Tomato,1761.39
2025-04-13,Bihar,Patna,Patna,Tomato,1821.38
2025-04-14,Bihar,Patna,Patna,Tomato,1483.7
2025-04-15,Bihar,Patna,Patna,Tomato,1502.73
2025-04-16,Bihar,Patna,Patna,Tomato,1768.36
2025-04-17,Bihar,Patna,Patna,Tomato,1751.71
2025-04-18,Bihar,Patna,Patna,Tomato,1750.19
2025-04-19,Bihar,Patna,Patna,Tomato,1562.16
2025-04-20,Bihar,Patna,Patna,Tomato,1708.88
2025-04-21,Bihar,Patna,Patna,Tomato,1652.63
2025-04-22,Bihar,Patna,Patna,Tomato,1751.54
2025-04-23,Bihar,Patna,Patna,Tomato,1750.71
2025-04-24,Bihar,Patna,Patna,Tomato,1792.76
2025-04-25,Bihar,Patna,Patna,Tomato,1975.84
2025-04-26,Bihar,Patna,Patna,Tomato,1614.09
2025-04-27,Bihar,Patna,Patna,Tomato,1764.77
2025-04-28,Bihar,Patna,Patna,Tomato,1459.49
2025-04-29,Bihar,Patna,Patna,Tomato,1570.61
2025-04-30,Bihar,Patna,Patna,Tomato,1587.9
2025-05-01,Bihar,Patna,Patna,Tomato,1900.33
2025-05-02,Bihar,Patna,Patna,Tomato,1808.74
2025-05-03,Bihar,Patna,Patna,Tomato,1767.1
2025-05-04,Bihar,Patna,Patna,Tomato,1561.14
2025-05-05,Bihar,Patna,Patna,Tomato,1609.53
2025-05-06,Bihar,Patna,Patna,Tomato,1570.53
2025-05-07,Bihar,Patna,Patna,Tomato,1771.38
2025-05-08,Bihar,Patna,Patna,Tomato,1666.52
2025-05-09,Bihar,Patna,Patna,Tomato,1973.65
2025-05-10,Bihar,Patna,Patna,Tomato,1551.07
2025-05-11,Bihar,Patna,Patna,Tomato,1585.84
2025-05-12,Bihar,Patna,Patna,Tomato,1824.1
2025-05-13,Bihar,Patna,Patna,Tomato,1596.95
2025-05-14,Bihar,Patna,Patna,Tomato,1554.53
2025-05-15,Bihar,Patna,Patna,Tomato,1804.14
2025-05-16,Bihar,Patna,Patna,Tomato,1731.58
2025-05-17,Bihar,Patna,Patna,Tomato,1640.79
2025-05-18,Bihar,Patna,Patna,Tomato,1538.73
2025-05-19,Bihar,Patna,Patna,Tomato,1931.93
2025-05-20,Bihar,Patna,Patna,Tomato,1603.77
2025-05-21,Bihar,Patna,Patna,Tomato,1467.88
2025-05-22,Bihar,Patna,Patna,Tomato,1944.43
2025-05-23,Bihar,Patna,Patna,Tomato,1850.02
2025-05-24,Bihar,Patna,Patna,Tomato,1633.21
2025-05-25,Bihar,Patna,Patna,Tomato,1542.23
2025-05-26,Bihar,Patna,Patna,Tomato,1677.42
2025-05-27,Bihar,Patna,Patna,Tomato,1587.7
2025-05-28,Bihar,Patna,Patna,Tomato,1452.34
2025-05-29,Bihar,Patna,Patna,Tomato,1959.31
2025-05-30,Bihar,Patna,Patna,Tomato,1701.41
2025-05-31,Bihar,Patna,Patna,Tomato,1885.24
2025-06-01,Bihar,Patna,Patna,Tomato,1777.31
2025-06-02,Bihar,Patna,Patna,Tomato,1472.51
2025-06-03,Bihar,Patna,Patna,Tomato,1712.21
2025-06-04,Bihar,Patna,Patna,Tomato,1583.08
2025-06-05,Bihar,Patna,Patna,Tomato,1495.64
2025-06-06,Bihar,Patna,Patna,Tomato,1681.75
2025-06-07,Bihar,Patna,Patna,Tomato,1732.34
2025-06-08,Bihar,Patna,Patna,Tomato,1558.65
2025-06-09,Bihar,Patna,Patna,Tomato,1529.71
2025-06-10,Bihar,Patna,Patna,Tomato,1702.32
2025-06-11,Bihar,Patna,Patna,Tomato,1649.29
2025-06-12,Bihar,Patna,Patna,Tomato,1597.53
2025-06-13,Bihar,Patna,Patna,Tomato,1794.17
2025-06-14,Bihar,Patna,Patna,Tomato,1685.69
2025-06-15,Bihar,Patna,Patna,Tomato,1308.41
2025-06-16,Bihar,Patna,Patna,Tomato,1588.01
2025-06-17,Bihar,Patna,Patna,Tomato,1596.86
2025-06-18,Bihar,Patna,Patna,Tomato,1616.38
2025-06-19,Bihar,Patna,Patna,Tomato,1778.17
2025-06-20,Bihar,Patna,Patna,Tomato,1606.36
2025-06-21,Bihar,Patna,Patna,Tomato,1677.34
2025-06-22,Bihar,Patna,Patna,Tomato,1394.05
2025-06-23,Bihar,Patna,Patna,Tomato,1562.52
2025-06-24,Bihar,Patna,Patna,Tomato,1740.69
2025-06-25,Bihar,Patna,Patna,Tomato,1479.43
2025-06-26,Bihar,Patna,Patna,Tomato,1561.03
2025-06-27,Bihar,Patna,Patna,Tomato,1577.86
2025-06-28,Bihar,Patna,Patna,Tomato,1628.67
2025-06-29,Bihar,Patna,Patna,Tomato,1427.26
2025-06-30,Bihar,Patna,Patna,Tomato,1540.14
2025-07-01,Bihar,Patna,Patna,Tomato,1597.22
2025-07-02,Bihar,Patna,Patna,Tomato,1624.22
2025-07-03,Bihar,Patna,Patna,Tomato,1422.27
2025-07-04,Bihar,Patna,Patna,Tomato,1748.45
2025-07-05,Bihar,Patna,Patna,Tomato,1693.07
2025-07-06,Bihar,Patna,Patna,Tomato,1606.1
2025-07-07,Bihar,Patna,Patna,Tomato,1511.0
2025-07-08,Bihar,Patna,Patna,Tomato,1507.01
2025-07-09,Bihar,Patna,Patna,Tomato,1652.35
2025-07-10,Bihar,Patna,Patna,Tomato,1812.69
2025-07-11,Bihar,Patna,Patna,Tomato,1501.42
2025-07-12,Bihar,Patna,Patna,Tomato,1681.68
2025-07-13,Bihar,Patna,Patna,Tomato,1484.84
2025-07-14,Bihar,Patna,Patna,Tomato,1436.08
2025-07-15,Bihar,Patna,Patna,Tomato,1303.51
2025-07-16,Bihar,Patna,Patna,Tomato,1486.34
2025-07-17,Bihar,Patna,Patna,Tomato,1462.52
2025-07-18,Bihar,Patna,Patna,Tomato,1531.89
2025-07-19,Bihar,Patna,Patna,Tomato,1420.66
2025-07-20,Bihar,Patna,Patna,Tomato,1424.09
2025-07-21,Bihar,Patna,Patna,Tomato,1385.87
2025-07-22,Bihar,Patna,Patna,Tomato,1447.41
2025-07-23,Bihar,Patna,Patna,Tomato,1324.08
2025-07-24,Bihar,Patna,Patna,Tomato,1391.12
2025-07-25,Bihar,Patna,Patna,Tomato,1598.15
2025-07-26,Bihar,Patna,Patna,Tomato,1430.54
2025-07-27,Bihar,Patna,Patna,Tomato,1556.48
2025-07-28,Bihar,Patna,Patna,Tomato,1426.66
2025-07-29,Bihar,Patna,Patna,Tomato,1475.83
2025-07-30,Bihar,Patna,Patna,Tomato,1615.3
2025-07-31,Bihar,Patna,Patna,Tomato,1491.3
2025-08-01,Bihar,Patna,Patna,Tomato,1473.52
2025-08-02,Bihar,Patna,Patna,Tomato,1583.59
2025-08-03,Bihar,Patna,Patna,Tomato,1477.03
2025-08-04,Bihar,Patna,Patna,Tomato,1365.72
2025-08-05,Bihar,Patna,Patna,Tomato,1530.95
2025-08-06,Bihar,Patna,Patna,Tomato,1427.36
2025-08-07,Bihar,Patna,Patna,Tomato,1505.96
2025-08-08,Bihar,Patna,Patna,Tomato,1515.73
2025-08-09,Bihar,Patna,Patna,Tomato,1375.29
2025-08-10,Bihar,Patna,Patna,Tomato,1413.99
2025-08-11,Bihar,Patna,Patna,Tomato,1498.31
2025-08-12,Bihar,Patna,Patna,Tomato,1418.99
2025-08-13,Bihar,Patna,Patna,Tomato,1432.57
2025-08-14,Bihar,Patna,Patna,Tomato,1465.84
2025-08-15,Bihar,Patna,Patna,Tomato,1528.32
2025-08-16,Bihar,Patna,Patna,Tomato,1528.86
2025-08-17,Bihar,Patna,Patna,Tomato,1447.73
2025-08-18,Bihar,Patna,Patna,Tomato,1316.51
2025-08-19,Bihar,Patna,Patna,Tomato,1390.12
2025-08-20,Bihar,Patna,Patna,Tomato,1459.64
2025-08-21,Bihar,Patna,Patna,Tomato,1361.75
2025-08-22,Bihar,Patna,Patna,Tomato,1493.71
2025-08-23,Bihar,Patna,Patna,Tomato,1218.77
2025-08-24,Bihar,Patna,Patna,Tomato,1419.35
2025-08-25,Bihar,Patna,Patna,Tomato,1394.67
2025-08-26,Bihar,Patna,Patna,Tomato,1415.02
2025-08-27,Bihar,Patna,Patna,Tomato,1358.76
2025-08-28,Bihar,Patna,Patna,Tomato,1481.43
2025-08-29,Bihar,Patna,Patna,Tomato,1607.3
2025-08-30,Bihar,Patna,Patna,Tomato,1562.83
2025-08-31,Bihar,Patna,Patna,Tomato,1357.24
2025-09-01,Bihar,Patna,Patna,Tomato,1333.71
2025-09-02,Bihar,Patna,Patna,Tomato,1436.33
2025-09-03,Bihar,Patna,Patna,Tomato,1239.83
2025-09-04,Bihar,Patna,Patna,Tomato,1405.47
2025-09-05,Bihar,Patna,Patna,Tomato,1585.41
2025-09-06,Bihar,Patna,Patna,Tomato,1507.4
2025-09-07,Bihar,Patna,Patna,Tomato,1384.78
2025-09-08,Bihar,Patna,Patna,Tomato,1173.16
2025-09-09,Bihar,Patna,Patna,Tomato,1318.96
2025-09-10,Bihar,Patna,Patna,Tomato,1319.49
2025-09-11,Bihar,Patna,Patna,Tomato,1462.17
2025-09-12,Bihar,Patna,Patna,Tomato,1359.66
2025-09-13,Bihar,Patna,Patna,Tomato,1302.46
2025-09-14,Bihar,Patna,Patna,Tomato,1148.72
2025-09-15,Bihar,Patna,Patna,Tomato,1416.55
2025-09-16,Bihar,Patna,Patna,Tomato,1280.64
2025-09-17,Bihar,Patna,Patna,Tomato,1385.55
2025-09-18,Bihar,Patna,Patna,Tomato,1423.24
2025-09-19,Bihar,Patna,Patna,Tomato,1328.86
2025-09-20,Bihar,Patna,Patna,Tomato,1275.41
2025-09-21,Bihar,Patna,Patna,Tomato,1244.71
2025-09-22,Bihar,Patna,Patna,Tomato,1235.75
2025-09-23,Bihar,Patna,Patna,Tomato,1348.37
2025-09-24,Bihar,Patna,Patna,Tomato,1291.77
2025-09-25,Bihar,Patna,Patna,Tomato,1595.13
2025-09-26,Bihar,Patna,Patna,Tomato,1537.71
2025-09-27,Bihar,Patna,Patna,Tomato,1476.71
2025-09-28,Bihar,Patna,Patna,Tomato,1327.19
2025-09-29,Bihar,Patna,Patna,Tomato,1439.55
2025-09-30,Bihar,Patna,Patna,Tomato,1294.99
2025-10-01,Bihar,Patna,Patna,Tomato,1365.91
2025-10-02,Bihar,Patna,Patna,Tomato,1439.79
2025-10-03,Bihar,Patna,Patna,Tomato,1507.17
2025-10-04,Bihar,Patna,Patna,Tomato,1462.53
2025-10-05,Bihar,Patna,Patna,Tomato,1296.67
2025-10-06,Bihar,Patna,Patna,Tomato,1256.17
2025-10-07,Bihar,Patna,Patna,Tomato,1377.92
2025-10-08,Bihar,Patna,Patna,Tomato,1442.11
2025-10-09,Bihar,Patna,Patna,Tomato,1388.68
2025-10-10,Bihar,Patna,Patna,Tomato,1282.06
2025-10-11,Bihar,Patna,Patna,Tomato,1385.78
2025-10-12,Bihar,Patna,Patna,Tomato,1406.4
2025-10-13,Bihar,Patna,Patna,Tomato,1477.21
2025-10-14,Bihar,Patna,Patna,Tomato,1214.81
2025-10-15,Bihar,Patna,Patna,Tomato,1340.05
2025-10-16,Bihar,Patna,Patna,Tomato,1397.6
2025-10-17,Bihar,Patna,Patna,Tomato,1589.45
2025-10-18,Bihar,Patna,Patna,Tomato,1412.37
2025-10-19,Bihar,Patna,Patna,Tomato,1271.09
2025-10-20,Bihar,Patna,Patna,Tomato,1373.06
2025-10-21,Bihar,Patna,Patna,Tomato,1298.64
2025-10-22,Bihar,Patna,Patna,Tomato,1273.34
2025-10-23,Bihar,Patna,Patna,Tomato,1358.56
2025-10-24,Bihar,Patna,Patna,Tomato,1642.44
2025-10-25,Bihar,Patna,Patna,Tomato,1467.4
2025-10-26,Bihar,Patna,Patna,Tomato,1380.68
2025-10-27,Bihar,Patna,Patna,Tomato,1311.18
2025-10-28,Bihar,Patna,Patna,Tomato,1377.84
2025-10-29,Bihar,Patna,Patna,Tomato,1435.07
2025-10-30,Bihar,Patna,Patna,Tomato,1494.91
2025-10-31,Bihar,Patna,Patna,Tomato,1493.03
2025-11-01,Bihar,Patna,Patna,Tomato,1533.38
2025-11-02,Bihar,Patna,Patna,Tomato,1388.85
2025-11-03,Bihar,Patna,Patna,Tomato,1258.3
2025-11-04,Bihar,Patna,Patna,Tomato,1308.46
2025-11-05,Bihar,Patna,Patna,Tomato,1227.97
2025-11-06,Bihar,Patna,Patna,Tomato,1694.65
2025-11-07,Bihar,Patna,Patna,Tomato,1591.54
2025-11-08,Bihar,Patna,Patna,Tomato,1380.05
2025-11-09,Bihar,Patna,Patna,Tomato,1378.16
2025-11-10,Bihar,Patna,Patna,Tomato,1308.86
2025-11-11,Bihar,Patna,Patna,Tomato,1536.58
2025-11-12,Bihar,Patna,Patna,Tomato,1302.66
2025-11-13,Bihar,Patna,Patna,Tomato,1518.4
2025-11-14,Bihar,Patna,Patna,Tomato,1512.2
2025-11-15,Bihar,Patna,Patna,Tomato,1574.0
2025-11-16,Bihar,Patna,Patna,Tomato,1417.62
2025-11-17,Bihar,Patna,Patna,Tomato,1220.52
2025-11-18,Bihar,Patna,Patna,Tomato,1384.53
2025-11-19,Bihar,Patna,Patna,Tomato,1370.15
2025-11-20,Bihar,Patna,Patna,Tomato,1539.94
2025-11-21,Bihar,Patna,Patna,Tomato,1705.03
2025-11-22,Bihar,Patna,Patna,Tomato,1329.04
2025-11-23,Bihar,Patna,Patna,Tomato,1371.33
2025-11-24,Bihar,Patna,Patna,Tomato,1361.36
2025-11-25,Bihar,Patna,Patna,Tomato,1395.9
2025-11-26,Bihar,Patna,Patna,Tomato,1573.99
2025-11-27,Bihar,Patna,Patna,Tomato,1540.11
2025-11-28,Bihar,Patna,Patna,Tomato,1623.63
2025-11-29,Bihar,Patna,Patna,Tomato,1473.62
2025-11-30,Bihar,Patna,Patna,Tomato,1503.47
2025-12-01,Bihar,Patna,Patna,Tomato,1521.19
2025-12-02,Bihar,Patna,Patna,Tomato,1386.36
2025-12-03,Bihar,Patna,Patna,Tomato,1608.3
2025-12-04,Bihar,Patna,Patna,Tomato,1594.72
2025-12-05,Bihar,Patna,Patna,Tomato,1725.81
2025-12-06,Bihar,Patna,Patna,Tomato,1548.87
2025-12-07,Bihar,Patna,Patna,Tomato,1548.8
2025-12-08,Bihar,Patna,Patna,Tomato,1466.79
2025-12-09,Bihar,Patna,Patna,Tomato,1480.08
2025-12-10,Bihar,Patna,Patna,Tomato,1583.35
2025-12-11,Bihar,Patna,Patna,Tomato,1681.48
2025-12-12,Bihar,Patna,Patna,Tomato,1496.86
2025-12-13,Bihar,Patna,Patna,Tomato,1763.46
2025-12-14,Bihar,Patna,Patna,Tomato,1338.66
2025-12-15,Bihar,Patna,Patna,Tomato,1428.84
2025-12-16,Bihar,Patna,Patna,Tomato,1510.38
2025-12-17,Bihar,Patna,Patna,Tomato,1632.68
2025-12-18,Bihar,Patna,Patna,Tomato,1836.17
2025-12-19,Bihar,Patna,Patna,Tomato,1456.2
2025-12-20,Bihar,Patna,Patna,Tomato,1577.41
2025-12-21,Bihar,Patna,Patna,Tomato,1336.82
2025-12-22,Bihar,Patna,Patna,Tomato,1535.08
2025-12-23,Bihar,Patna,Patna,Tomato,1581.28
2025-12-24,Bihar,Patna,Patna,Tomato,1799.98
2025-12-25,Bihar,Patna,Patna,Tomato,1702.12
2025-12-26,Bihar,Patna,Patna,Tomato,1833.39
2025-12-27,Bihar,Patna,Patna,Tomato,1737.54
2025-12-28,Bihar,Patna,Patna,Tomato,1554.26
2025-12-29,Bihar,Patna,Patna,Tomato,1409.13
2025-12-30,Bihar,Patna,Patna,Tomato,1614.27
2025-12-31,Bihar,Patna,Patna,Tomato,1480.35
2026-01-01,Bihar,Patna,Patna,Tomato,1878.78
2026-01-02,Bihar,Patna,Patna,Tomato,1723.85
2026-01-03,Bihar,Patna,Patna,Tomato,1846.08
2026-01-04,Bihar,Patna,Patna,Tomato,1580.92
2026-01-05,Bihar,Patna,Patna,Tomato,1625.26
2026-01-06,Bihar,Patna,Patna,Tomato,1639.71
2026-01-07,Bihar,Patna,Patna,Tomato,1681.25
2026-01-08,Bihar,Patna,Patna,Tomato,1704.24
2026-01-09,Bihar,Patna,Patna,Tomato,1827.68
2026-01-10,Bihar,Patna,Patna,Tomato,1625.14
2026-01-11,Bihar,Patna,Patna,Tomato,1527.39
2026-01-12,Bihar,Patna,Patna,Tomato,1768.59
2026-01-13,Bihar,Patna,Patna,Tomato,1732.0
2026-01-14,Bihar,Patna,Patna,Tomato,1727.82
2026-01-15,Bihar,Patna,Patna,Tomato,2000.9
2026-01-16,Bihar,Patna,Patna,Tomato,1779.61
2026-01-17,Bihar,Patna,Patna,Tomato,1935.64
2026-01-18,Bihar,Patna,Patna,Tomato,1721.84
2026-01-19,Bihar,Patna,Patna,Tomato,1539.37
2026-01-20,Bihar,Patna,Patna,Tomato,1896.88
2026-01-21,Bihar,Patna,Patna,Tomato,1874.07
2026-01-22,Bihar,Patna,Patna,Tomato,1810.34
2026-01-23,Bihar,Patna,Patna,Tomato,1941.6
2026-01-24,Bihar,Patna,Patna,Tomato,1753.53
2026-01-25,Bihar,Patna,Patna,Tomato,1832.85
2026-01-26,Bihar,Patna,Patna,Tomato,1406.03
2026-01-27,Bihar,Patna,Patna,Tomato,1588.01
2026-01-28,Bihar,Patna,Patna,Tomato,1906.37
2026-01-29,Bihar,Patna,Patna,Tomato,1825.91
2026-01-30,Bihar,Patna,Patna,Tomato,1907.54
2026-01-31,Bihar,Patna,Patna,Tomato,1663.04
2026-02-01,Bihar,Patna,Patna,Tomato,1990.33
2026-02-02,Bihar,Patna,Patna,Tomato,1860.83
2026-02-03,Bihar,Patna,Patna,Tomato,1714.74
2026-02-04,Bihar,Patna,Patna,Tomato,1762.72
2026-02-05,Bihar,Patna,Patna,Tomato,2025.5
2026-02-06,Bihar,Patna,Patna,Tomato,2176.41
2026-02-07,Bihar,Patna,Patna,Tomato,1990.62
2026-02-08,Bihar,Patna,Patna,Tomato,2062.96
2026-02-09,Bihar,Patna,Patna,Tomato,1632.33
2026-02-10,Bihar,Patna,Patna,Tomato,1665.16
2026-02-11,Bihar,Patna,Patna,Tomato,1688.91
2026-02-12,Bihar,Patna,Patna,Tomato,1977.56
2026-02-13,Bihar,Patna,Patna,Tomato,1963.89
2026-02-14,Bihar,Patna,Patna,Tomato,1873.68
2026-02-15,Bihar,Patna,Patna,Tomato,1919.95
2026-02-16,Bihar,Patna,Patna,Tomato,1922.94
2026-02-17,Bihar,Patna,Patna,Tomato,1600.32
2026-02-18,Bihar,Patna,Patna,Tomato,1790.02
2026-02-19,Bihar,Patna,Patna,Tomato,2056.39
2026-02-20,Bihar,Patna,Patna,Tomato,1902.03
2026-02-21,Bihar,Patna,Patna,Tomato,1811.91
2026-02-22,Bihar,Patna,Patna,Tomato,1972.14
2026-02-23,Bihar,Patna,Patna,Tomato,1631.24
2026-02-24,Bihar,Patna,Patna,Tomato,1776.07
2026-02-25,Bihar,Patna,Patna,Tomato,1934.85
2026-02-26,Bihar,Patna,Patna,Tomato,1889.42
2026-02-27,Bihar,Patna,Patna,Tomato,2099.05
2026-02-28,Bihar,Patna,Patna,Tomato,1864.34
2026-03-01,Bihar,Patna,Patna,Tomato,2045.65
2026-03-02,Bihar,Patna,Patna,Tomato,1797.31
2026-03-03,Bihar,Patna,Patna,Tomato,1920.54
2026-03-04,Bihar,Patna,Patna,Tomato,2011.52
2026-03-05,Bihar,Patna,Patna,Tomato,1901.8
2026-03-06,Bihar,Patna,Patna,Tomato,1721.4
2026-03-07,Bihar,Patna,Patna,Tomato,2010.62
2026-03-08,Bihar,Patna,Patna,Tomato,1889.74
2026-03-09,Bihar,Patna,Patna,Tomato,1901.72
2026-03-10,Bihar,Patna,Patna,Tomato,1821.96
2026-03-11,Bihar,Patna,Patna,Tomato,1870.77
2026-03-12,Bihar,Patna,Patna,Tomato,2288.67
2026-03-13,Bihar,Patna,Patna,Tomato,1818.46
2026-03-14,Bihar,Patna,Patna,Tomato,2078.8
2026-03-15,Bihar,Patna,Patna,Tomato,1818.95
2026-03-16,Bihar,Patna,Patna,Tomato,1801.23
2026-03-17,Bihar,Patna,Patna,Tomato,1823.67
2026-03-18,Bihar,Patna,Patna,Tomato,1833.45
2026-03-19,Bihar,Patna,Patna,Tomato,2101.2
2026-03-20,Bihar,Patna,Patna,Tomato,2239.55
2026-03-21,Bihar,Patna,Patna,Tomato,2055.28
2026-03-22,Bihar,Patna,Patna,Tomato,1920.55
2026-03-23,Bihar,Patna,Patna,Tomato,1727.24
2026-03-24,Bihar,Patna,Patna,Tomato,1943.31
2026-03-25,Bihar,Patna,Patna,Tomato,2247.8
2026-03-26,Bihar,Patna,Patna,Tomato,1976.46
2026-03-27,Bihar,Patna,Patna,Tomato,1996.62
2026-03-28,Bihar,Patna,Patna,Tomato,1920.24
2026-03-29,Bihar,Patna,Patna,Tomato,1849.19
2026-03-30,Bihar,Patna,Patna,Tomato,1504.72
2026-03-31,Bihar,Patna,Patna,Tomato,1935.72
2026-04-01,Bihar,Patna,Patna,Tomato,1843.66
2026-04-02,Bihar,Patna,Patna,Tomato,1807.33
2026-04-03,Bihar,Patna,Patna,Tomato,2164.88
2026-04-04,Bihar,Patna,Patna,Tomato,1852.14
2026-04-05,Bihar,Patna,Patna,Tomato,1873.73
2026-04-06,Bihar,Patna,Patna,Tomato,2058.09
2026-04-07,Bihar,Patna,Patna,Tomato,1699.68
2026-04-08,Bihar,Patna,Patna,Tomato,1752.05
2026-04-09,Bihar,Patna,Patna,Tomato,2077.89
2026-04-10,Bihar,Patna,Patna,Tomato,2224.07
2026-04-11,Bihar,Patna,Patna,Tomato,1784.31
2026-04-12,Bihar,Patna,Patna,Tomato,1974.83
2026-04-13,Bihar,Patna,Patna,Tomato,1942.69
2026-04-14,Bihar,Patna,Patna,Tomato,1613.69
2026-04-15,Bihar,Patna,Patna,Tomato,2071.49
2026-04-16,Bihar,Patna,Patna,Tomato,2163.17
2026-04-17,Bihar,Patna,Patna,Tomato,2011.65
2026-04-18,Bihar,Patna,Patna,Tomato,2178.5
2026-04-19,Bihar,Patna,Patna,Tomato,2069.76
2026-04-20,Bihar,Patna,Patna,Tomato,1877.0
2026-04-21,Bihar,Patna,Patna,Tomato,1822.25
2026-04-22,Bihar,Patna,Patna,Tomato,1824.12
2026-04-23,Bihar,Patna,Patna,Tomato,2027.62
2026-04-24,Bihar,Patna,Patna,Tomato,2132.61
2026-04-25,Bihar,Patna,Patna,Tomato,1951.51
2026-04-26,Bihar,Patna,Patna,Tomato,1616.96
2026-04-27,Bihar,Patna,Patna,Tomato,2021.82
2026-04-28,Bihar,Patna,Patna,Tomato,1899.48
2026-04-29,Bihar,Patna,Patna,Tomato,1897.63
2026-04-30,Bihar,Patna,Patna,Tomato,2145.61
2026-05-01,Bihar,Patna,Patna,Tomato,2259.27
2026-05-02,Bihar,Patna,Patna,Tomato,1597.4
2026-05-03,Bihar,Patna,Patna,Tomato,1958.96
2026-05-04,Bihar,Patna,Patna,Tomato,1662.53
2026-05-05,Bihar,Patna,Patna,Tomato,1929.16
2026-05-06,Bihar,Patna,Patna,Tomato,1955.39
2026-05-07,Bihar,Patna,Patna,Tomato,2101.36
2026-05-08,Bihar,Patna,Patna,Tomato,1957.58
2026-05-09,Bihar,Patna,Patna,Tomato,1715.22
2026-05-10,Bihar,Patna,Patna,Tomato,1828.68
2026-05-11,Bihar,Patna,Patna,Tomato,1886.18
2026-05-12,Bihar,Patna,Patna,Tomato,1981.96
2026-05-13,Bihar,Patna,Patna,Tomato,1765.67
2026-05-14,Bihar,Patna,Patna,Tomato,2139.73
2026-05-15,Bihar,Patna,Patna,Tomato,1920.99
2026-05-16,Bihar,Patna,Patna,Tomato,2007.51
2026-05-17,Bihar,Patna,Patna,Tomato,1805.42
2026-05-18,Bihar,Patna,Patna,Tomato,1841.22
2026-05-19,Bihar,Patna,Patna,Tomato,1948.46
2026-05-20,Bihar,Patna,Patna,Tomato,1742.2
2026-05-21,Bihar,Patna,Patna,Tomato,1883.45
2026-05-22,Bihar,Patna,Patna,Tomato,2018.82
2026-05-23,Bihar,Patna,Patna,Tomato,2264.63
2026-05-24,Bihar,Patna,Patna,Tomato,1741.56
2026-05-25,Bihar,Patna,Patna,Tomato,2056.49
2026-05-26,Bihar,Patna,Patna,Tomato,2069.55
2026-05-27,Bihar,Patna,Patna,Tomato,1872.85
2026-05-28,Bihar,Patna,Patna,Tomato,1915.38
2026-05-29,Bihar,Patna,Patna,Tomato,1875.61
2026-05-30,Bihar,Patna,Patna,Tomato,1907.86
2026-05-31,Bihar,Patna,Patna,Tomato,1652.01
2026-06-01,Bihar,Patna,Patna,Tomato,1769.19
2026-06-02,Bihar,Patna,Patna,Tomato,1981.49
2026-06-03,Bihar,Patna,Patna,Tomato,1783.47
2026-06-04,Bihar,Patna,Patna,Tomato,1899.93
2026-06-05,Bihar,Patna,Patna,Tomato,1715.02
2026-06-06,Bihar,Patna,Patna,Tomato,1942.67
2026-06-07,Bihar,Patna,Patna,Tomato,1842.78
2026-06-08,Bihar,Patna,Patna,Tomato,1763.72
2026-06-09,Bihar,Patna,Patna,Tomato,1743.41
2026-06-10,Bihar,Patna,Patna,Tomato,1801.02
2026-06-11,Bihar,Patna,Patna,Tomato,1973.8
2026-06-12,Bihar,Patna,Patna,Tomato,1916.81
2026-06-13,Bihar,Patna,Patna,Tomato,1908.54
2026-06-14,Bihar,Patna,Patna,Tomato,1811.28
2026-06-15,Bihar,Patna,Patna,Tomato,1867.68
2026-06-16,Bihar,Patna,Patna,Tomato,1828.18
2026-06-17,Bihar,Patna,Patna,Tomato,1837.15
2026-06-18,Bihar,Patna,Patna,Tomato,2079.35
2026-06-19,Bihar,Patna,Patna,Tomato,1948.69
2026-06-20,Bihar,Patna,Patna,Tomato,2008.33
2026-06-21,Bihar,Patna,Patna,Tomato,1832.99
2026-06-22,Bihar,Patna,Patna,Tomato,1486.0
2026-06-23,Bihar,Patna,Patna,Tomato,1876.56
2026-06-24,Bihar,Patna,Patna,Tomato,1802.42
2026-06-25,Bihar,Patna,Patna,Tomato,1844.5
2026-06-26,Bihar,Patna,Patna,Tomato,1901.0
2026-06-27,Bihar,Patna,Patna,Tomato,1768.38
2026-06-28,Bihar,Patna,Patna,Tomato,1758.8
2026-06-29,Bihar,Patna,Patna,Tomato,1610.03
2026-06-30,Bihar,Patna,Patna,Tomato,1843.83
2026-07-01,Bihar,Patna,Patna,Tomato,1743.72
2026-07-02,Bihar,Patna,Patna,Tomato,1773.45
2026-07-03,Bihar,Patna,Patna,Tomato,1716.17
2026-07-04,Bihar,Patna,Patna,Tomato,1817.1
2026-07-05,Bihar,Patna,Patna,Tomato,1726.2
2026-07-06,Bihar,Patna,Patna,Tomato,1697.89
2026-07-07,Bihar,Patna,Patna,Tomato,1546.08
2026-07-08,Bihar,Patna,Patna,Tomato,1535.78
2026-07-09,Bihar,Patna,Patna,Tomato,1871.62
2026-07-10,Bihar,Patna,Patna,Tomato,1993.21
2026-07-11,Bihar,Patna,Patna,Tomato,1628.84
2026-07-12,Bihar,Patna,Patna,Tomato,1863.03
2026-07-13,Bihar,Patna,Patna,Tomato,1658.69
2026-07-14,Bihar,Patna,Patna,Tomato,1638.26
2026-07-15,Bihar,Patna,Patna,Tomato,1654.45
2026-07-16,Bihar,Patna,Patna,Tomato,1593.27
2026-07-17,Bihar,Patna,Patna,Tomato,1899.37
2026-07-18,Bihar,Patna,Patna,Tomato,1632.99
2026-07-19,Bihar,Patna,Patna,Tomato,1559.56
2026-07-20,Bihar,Patna,Patna,Tomato,1711.44
2026-07-21,Bihar,Patna,Patna,Tomato,1400.28
2026-07-22,Bihar,Patna,Patna,Tomato,1496.07
2026-07-23,Bihar,Patna,Patna,Tomato,1733.99
2026-07-24,Bihar,Patna,Patna,Tomato,1784.27
2026-07-25,Bihar,Patna,Patna,Tomato,1757.12
2026-07-26,Bihar,Patna,Patna,Tomato,1589.34
2026-07-27,Bihar,Patna,Patna,Tomato,1854.25
2026-07-28,Bihar,Patna,Patna,Tomato,1562.38
2026-07-29,Bihar,Patna,Patna,Tomato,1622.04
2026-07-30,Bihar,Patna,Patna,Tomato,1614.02
2026-07-31,Bihar,Patna,Patna,Tomato,1736.47
2026-08-01,Bihar,Patna,Patna,Tomato,1745.57
2026-08-02,Bihar,Patna,Patna,Tomato,1733.76
2026-08-03,Bihar,Patna,Patna,Tomato,1389.79
2026-08-04,Bihar,Patna,Patna,Tomato,1537.07
2026-08-05,Bihar,Patna,Patna,Tomato,1675.04
2026-08-06,Bihar,Patna,Patna,Tomato,1753.49
2026-08-07,Bihar,Patna,Patna,Tomato,1697.25
2026-08-08,Bihar,Patna,Patna,Tomato,1712.02
2026-08-09,Bihar,Patna,Patna,Tomato,1486.95
2026-08-10,Bihar,Patna,Patna,Tomato,1696.43
2026-08-11,Bihar,Patna,Patna,Tomato,1649.3
2026-08-12,Bihar,Patna,Patna,Tomato,1451.01
2026-08-13,Bihar,Patna,Patna,Tomato,1536.27
2026-08-14,Bihar,Patna,Patna,Tomato,1550.97
2026-08-15,Bihar,Patna,Patna,Tomato,1704.7
2026-08-16,Bihar,Patna,Patna,Tomato,1415.65
2026-08-17,Bihar,Patna,Patna,Tomato,1474.87
2026-08-18,Bihar,Patna,Patna,Tomato,1570.99
2026-08-19,Bihar,Patna,Patna,Tomato,1574.43
2026-08-20,Bihar,Patna,Patna,Tomato,1670.57
2026-08-21,Bihar,Patna,Patna,Tomato,1530.01
2026-08-22,Bihar,Patna,Patna,Tomato,1675.09
2026-08-23,Bihar,Patna,Patna,Tomato,1471.42
2026-08-24,Bihar,Patna,Patna,Tomato,1458.68
2026-08-25,Bihar,Patna,Patna,Tomato,1530.53
2026-08-26,Bihar,Patna,Patna,Tomato,1575.72
2026-08-27,Bihar,Patna,Patna,Tomato,1625.99
2026-08-28,Bihar,Patna,Patna,Tomato,1550.11
2026-08-29,Bihar,Patna,Patna,Tomato,1558.34
2026-08-30,Bihar,Patna,Patna,Tomato,1522.36
2026-08-31,Bihar,Patna,Patna,Tomato,1335.87
2025-01-01,Bihar,Patna,Patna,Onion,1828.81
2025-01-02,Bihar,Patna,Patna,Onion,2023.09
2025-01-03,Bihar,Patna,Patna,Onion,1815.48
2025-01-04,Bihar,Patna,Patna,Onion,2105.71
2025-01-05,Bihar,Patna,Patna,Onion,2036.95
2025-01-06,Bihar,Patna,Patna,Onion,1665.24
2025-01-07,Bihar,Patna,Patna,Onion,2023.71
2025-01-08,Bihar,Patna,Patna,Onion,1909.41
2025-01-09,Bihar,Patna,Patna,Onion,2068.82
2025-01-10,Bihar,Patna,Patna,Onion,1963.67
2025-01-11,Bihar,Patna,Patna,Onion,2115.97
2025-01-12,Bihar,Patna,Patna,Onion,1962.78
2025-01-13,Bihar,Patna,Patna,Onion,1754.91
2025-01-14,Bihar,Patna,Patna,Onion,1731.35
2025-01-15,Bihar,Patna,Patna,Onion,1766.16
2025-01-16,Bihar,Patna,Patna,Onion,2076.78
2025-01-17,Bihar,Patna,Patna,Onion,2157.68
2025-01-18,Bihar,Patna,Patna,Onion,2118.89
2025-01-19,Bihar,Patna,Patna,Onion,1929.68
2025-01-20,Bihar,Patna,Patna,Onion,1743.4
2025-01-21,Bihar,Patna,Patna,Onion,1829.68
2025-01-22,Bihar,Patna,Patna,Onion,2166.62
2025-01-23,Bihar,Patna,Patna,Onion,2017.9
2025-01-24,Bihar,Patna,Patna,Onion,2134.89
2025-01-25,Bihar,Patna,Patna,Onion,1909.04
2025-01-26,Bihar,Patna,Patna,Onion,2028.59
2025-01-27,Bihar,Patna,Patna,Onion,1870.11
2025-01-28,Bihar,Patna,Patna,Onion,2099.89
2025-01-29,Bihar,Patna,Patna,Onion,2151.76
2025-01-30,Bihar,Patna,Patna,Onion,2052.49
2025-01-31,Bihar,Patna,Patna,Onion,2132.22
2025-02-01,Bihar,Patna,Patna,Onion,2019.84
2025-02-02,Bihar,Patna,Patna,Onion,1816.14
2025-02-03,Bihar,Patna,Patna,Onion,1847.43
2025-02-04,Bihar,Patna,Patna,Onion,2017.62
2025-02-05,Bihar,Patna,Patna,Onion,2123.04
2025-02-06,Bihar,Patna,Patna,Onion,2184.36
2025-02-07,Bihar,Patna,Patna,Onion,2140.72
2025-02-08,Bihar,Patna,Patna,Onion,2274.74
2025-02-09,Bihar,Patna,Patna,Onion,2058.23
2025-02-10,Bihar,Patna,Patna,Onion,2095.1
2025-02-11,Bihar,Patna,Patna,Onion,1770.42
2025-02-12,Bihar,Patna,Patna,Onion,1529.29
2025-02-13,Bihar,Patna,Patna,Onion,2238.72
2025-02-14,Bihar,Patna,Patna,Onion,1998.66
2025-02-15,Bihar,Patna,Patna,Onion,2134.97
2025-02-16,Bihar,Patna,Patna,Onion,2035.35
2025-02-17,Bihar,Patna,Patna,Onion,2250.91
2025-02-18,Bihar,Patna,Patna,Onion,2107.74
2025-02-19,Bihar,Patna,Patna,Onion,2162.63
2025-02-20,Bihar,Patna,Patna,Onion,2355.94
2025-02-21,Bihar,Patna,Patna,Onion,2308.4
2025-02-22,Bihar,Patna,Patna,Onion,2125.91
2025-02-23,Bihar,Patna,Patna,Onion,2264.75
2025-02-24,Bihar,Patna,Patna,Onion,1892.64
2025-02-25,Bihar,Patna,Patna,Onion,2123.39
2025-02-26,Bihar,Patna,Patna,Onion,1930.02
2025-02-27,Bihar,Patna,Patna,Onion,2284.96
2025-02-28,Bihar,Patna,Patna,Onion,2308.14
2025-03-01,Bihar,Patna,Patna,Onion,2482.88
2025-03-02,Bihar,Patna,Patna,Onion,1897.56
2025-03-03,Bihar,Patna,Patna,Onion,1987.9
2025-03-04,Bihar,Patna,Patna,Onion,2220.21
2025-03-05,Bihar,Patna,Patna,Onion,2239.19
2025-03-06,Bihar,Patna,Patna,Onion,2305.25
2025-03-07,Bihar,Patna,Patna,Onion,2146.8
2025-03-08,Bihar,Patna,Patna,Onion,2151.57
2025-03-09,Bihar,Patna,Patna,Onion,2339.37
2025-03-10,Bihar,Patna,Patna,Onion,2087.38
2025-03-11,Bihar,Patna,Patna,Onion,2174.43
2025-03-12,Bihar,Patna,Patna,Onion,2189.73
2025-03-13,Bihar,Patna,Patna,Onion,2106.25
2025-03-14,Bihar,Patna,Patna,Onion,2471.98
2025-03-15,Bihar,Patna,Patna,Onion,2342.56
2025-03-16,Bihar,Patna,Patna,Onion,2519.03
2025-03-17,Bihar,Patna,Patna,Onion,1960.99
2025-03-18,Bihar,Patna,Patna,Onion,2257.41
2025-03-19,Bihar,Patna,Patna,Onion,2019.24
2025-03-20,Bihar,Patna,Patna,Onion,2337.75
2025-03-21,Bihar,Patna,Patna,Onion,2495.37
2025-03-22,Bihar,Patna,Patna,Onion,1946.95
2025-03-23,Bihar,Patna,Patna,Onion,2150.9
2025-03-24,Bihar,Patna,Patna,Onion,2039.67
2025-03-25,Bihar,Patna,Patna,Onion,2040.92
2025-03-26,Bihar,Patna,Patna,Onion,2295.4
2025-03-27,Bihar,Patna,Patna,Onion,2506.21
2025-03-28,Bihar,Patna,Patna,Onion,2324.92
2025-03-29,Bihar,Patna,Patna,Onion,2320.38
2025-03-30,Bihar,Patna,Patna,Onion,2208.93
2025-03-31,Bihar,Patna,Patna,Onion,2132.01
2025-04-01,Bihar,Patna,Patna,Onion,1989.99
2025-04-02,Bihar,Patna,Patna,Onion,2416.74
2025-04-03,Bihar,Patna,Patna,Onion,2379.33
2025-04-04,Bihar,Patna,Patna,Onion,2418.56
2025-04-05,Bihar,Patna,Patna,Onion,2163.9
2025-04-06,Bihar,Patna,Patna,Onion,2125.85
2025-04-07,Bihar,Patna,Patna,Onion,2109.75
2025-04-08,Bihar,Patna,Patna,Onion,1926.31
2025-04-09,Bihar,Patna,Patna,Onion,1980.67
2025-04-10,Bihar,Patna,Patna,Onion,2235.86
2025-04-11,Bihar,Patna,Patna,Onion,2441.91
2025-04-12,Bihar,Patna,Patna,Onion,2190.01
2025-04-13,Bihar,Patna,Patna,Onion,2040.65
2025-04-14,Bihar,Patna,Patna,Onion,2014.55
2025-04-15,Bihar,Patna,Patna,Onion,2089.01
2025-04-16,Bihar,Patna,Patna,Onion,2189.57
2025-04-17,Bihar,Patna,Patna,Onion,2686.03
2025-04-18,Bihar,Patna,Patna,Onion,2527.3
2025-04-19,Bihar,Patna,Patna,Onion,2456.61
2025-04-20,Bihar,Patna,Patna,Onion,2373.61
2025-04-21,Bihar,Patna,Patna,Onion,1983.58
2025-04-22,Bihar,Patna,Patna,Onion,1969.21
2025-04-23,Bihar,Patna,Patna,Onion,2066.54
2025-04-24,Bihar,Patna,Patna,Onion,2543.91
2025-04-25,Bihar,Patna,Patna,Onion,2257.09
2025-04-26,Bihar,Patna,Patna,Onion,2085.03
2025-04-27,Bihar,Patna,Patna,Onion,2120.9
2025-04-28,Bihar,Patna,Patna,Onion,2089.59
2025-04-29,Bihar,Patna,Patna,Onion,2185.55
2025-04-30,Bihar,Patna,Patna,Onion,2270.16
2025-05-01,Bihar,Patna,Patna,Onion,2182.2
2025-05-02,Bihar,Patna,Patna,Onion,2448.35
2025-05-03,Bihar,Patna,Patna,Onion,2172.39
2025-05-04,Bihar,Patna,Patna,Onion,2151.94
2025-05-05,Bihar,Patna,Patna,Onion,2215.35
2025-05-06,Bihar,Patna,Patna,Onion,2037.41
2025-05-07,Bihar,Patna,Patna,Onion,2129.56
2025-05-08,Bihar,Patna,Patna,Onion,2397.77
2025-05-09,Bihar,Patna,Patna,Onion,2182.07
2025-05-10,Bihar,Patna,Patna,Onion,2198.36
2025-05-11,Bihar,Patna,Patna,Onion,2245.01
2025-05-12,Bihar,Patna,Patna,Onion,2400.64
2025-05-13,Bihar,Patna,Patna,Onion,2207.48
2025-05-14,Bihar,Patna,Patna,Onion,2274.12
2025-05-15,Bihar,Patna,Patna,Onion,2369.47
2025-05-16,Bihar,Patna,Patna,Onion,2129.94
2025-05-17,Bihar,Patna,Patna,Onion,2258.82
2025-05-18,Bihar,Patna,Patna,Onion,2138.27
2025-05-19,Bihar,Patna,Patna,Onion,2127.54
2025-05-20,Bihar,Patna,Patna,Onion,2116.07
2025-05-21,Bihar,Patna,Patna,Onion,2239.26
2025-05-22,Bihar,Patna,Patna,Onion,2213.98
2025-05-23,Bihar,Patna,Patna,Onion,2290.38
2025-05-24,Bihar,Patna,Patna,Onion,2028.18
2025-05-25,Bihar,Patna,Patna,Onion,2073.93
2025-05-26,Bihar,Patna,Patna,Onion,2260.11
2025-05-27,Bihar,Patna,Patna,Onion,2123.58
2025-05-28,Bihar,Patna,Patna,Onion,2155.11
2025-05-29,Bihar,Patna,Patna,Onion,2536.18
2025-05-30,Bihar,Patna,Patna,Onion,2041.15
2025-05-31,Bihar,Patna,Patna,Onion,2023.77
2025-06-01,Bihar,Patna,Patna,Onion,2348.87
2025-06-02,Bihar,Patna,Patna,Onion,2042.43
2025-06-03,Bihar,Patna,Patna,Onion,2018.07
2025-06-04,Bihar,Patna,Patna,Onion,1953.62
2025-06-05,Bihar,Patna,Patna,Onion,2281.33
2025-06-06,Bihar,Patna,Patna,Onion,2313.41
2025-06-07,Bihar,Patna,Patna,Onion,2000.95
2025-06-08,Bihar,Patna,Patna,Onion,2050.72
2025-06-09,Bihar,Patna,Patna,Onion,1962.76
2025-06-10,Bihar,Patna,Patna,Onion,2062.79
2025-06-11,Bihar,Patna,Patna,Onion,1939.92
2025-06-12,Bihar,Patna,Patna,Onion,2374.11
2025-06-13,Bihar,Patna,Patna,Onion,2339.69
2025-06-14,Bihar,Patna,Patna,Onion,2083.39
2025-06-15,Bihar,Patna,Patna,Onion,2011.88
2025-06-16,Bihar,Patna,Patna,Onion,1963.36
2025-06-17,Bihar,Patna,Patna,Onion,1889.42
2025-06-18,Bihar,Patna,Patna,Onion,2010.86
2025-06-19,Bihar,Patna,Patna,Onion,2111.19
2025-06-20,Bihar,Patna,Patna,Onion,2412.02
2025-06-21,Bihar,Patna,Patna,Onion,2246.56
2025-06-22,Bihar,Patna,Patna,Onion,2144.88
2025-06-23,Bihar,Patna,Patna,Onion,2003.87
2025-06-24,Bihar,Patna,Patna,Onion,1814.87
2025-06-25,Bihar,Patna,Patna,Onion,2038.56
2025-06-26,Bihar,Patna,Patna,Onion,2263.78
2025-06-27,Bihar,Patna,Patna,Onion,1946.74
2025-06-28,Bihar,Patna,Patna,Onion,2167.58
2025-06-29,Bihar,Patna,Patna,Onion,2304.92
2025-06-30,Bihar,Patna,Patna,Onion,2066.43
2025-07-01,Bihar,Patna,Patna,Onion,2130.54
2025-07-02,Bihar,Patna,Patna,Onion,2043.75
2025-07-03,Bihar,Patna,Patna,Onion,2228.38
2025-07-04,Bihar,Patna,Patna,Onion,1996.0
2025-07-05,Bihar,Patna,Patna,Onion,2156.57
2025-07-06,Bihar,Patna,Patna,Onion,2040.98
2025-07-07,Bihar,Patna,Patna,Onion,1931.73
2025-07-08,Bihar,Patna,Patna,Onion,2083.95
2025-07-09,Bihar,Patna,Patna,Onion,1906.55
2025-07-10,Bihar,Patna,Patna,Onion,2027.14
2025-07-11,Bihar,Patna,Patna,Onion,2082.21
2025-07-12,Bihar,Patna,Patna,Onion,1865.54
2025-07-13,Bihar,Patna,Patna,Onion,1951.18
2025-07-14,Bihar,Patna,Patna,Onion,1639.1
2025-07-15,Bihar,Patna,Patna,Onion,2015.56
2025-07-16,Bihar,Patna,Patna,Onion,1956.25
2025-07-17,Bihar,Patna,Patna,Onion,1947.8
2025-07-18,Bihar,Patna,Patna,Onion,1916.77
2025-07-19,Bihar,Patna,Patna,Onion,1946.18
2025-07-20,Bihar,Patna,Patna,Onion,1981.45
2025-07-21,Bihar,Patna,Patna,Onion,1904.29
2025-07-22,Bihar,Patna,Patna,Onion,1757.15
2025-07-23,Bihar,Patna,Patna,Onion,1805.67
2025-07-24,Bihar,Patna,Patna,Onion,2081.45
2025-07-25,Bihar,Patna,Patna,Onion,1902.66
2025-07-26,Bihar,Patna,Patna,Onion,1956.17
2025-07-27,Bihar,Patna,Patna,Onion,1877.32
2025-07-28,Bihar,Patna,Patna,Onion,1845.24
2025-07-29,Bihar,Patna,Patna,Onion,1929.54
2025-07-30,Bihar,Patna,Patna,Onion,1723.06
2025-07-31,Bihar,Patna,Patna,Onion,1697.68
2025-08-01,Bihar,Patna,Patna,Onion,1895.49
2025-08-02,Bihar,Patna,Patna,Onion,2160.94
2025-08-03,Bihar,Patna,Patna,Onion,2093.19
2025-08-04,Bihar,Patna,Patna,Onion,2007.33
2025-08-05,Bihar,Patna,Patna,Onion,1769.42
2025-08-06,Bihar,Patna,Patna,Onion,1630.47
2025-08-07,Bihar,Patna,Patna,Onion,1614.97
2025-08-08,Bihar,Patna,Patna,Onion,1862.27
2025-08-09,Bihar,Patna,Patna,Onion,1865.78
2025-08-10,Bihar,Patna,Patna,Onion,1972.79
2025-08-11,Bihar,Patna,Patna,Onion,1861.42
2025-08-12,Bihar,Patna,Patna,Onion,1797.47
2025-08-13,Bihar,Patna,Patna,Onion,1723.4
2025-08-14,Bihar,Patna,Patna,Onion,1778.04
2025-08-15,Bihar,Patna,Patna,Onion,1954.66
2025-08-16,Bihar,Patna,Patna,Onion,1958.79
2025-08-17,Bihar,Patna,Patna,Onion,1834.21
2025-08-18,Bihar,Patna,Patna,Onion,1607.41
2025-08-19,Bihar,Patna,Patna,Onion,1827.17
2025-08-20,Bihar,Patna,Patna,Onion,1869.81
2025-08-21,Bihar,Patna,Patna,Onion,1742.45
2025-08-22,Bihar,Patna,Patna,Onion,1793.92
2025-08-23,Bihar,Patna,Patna,Onion,1935.31
2025-08-24,Bihar,Patna,Patna,Onion,1736.28
2025-08-25,Bihar,Patna,Patna,Onion,1904.58
2025-08-26,Bihar,Patna,Patna,Onion,1789.49
2025-08-27,Bihar,Patna,Patna,Onion,1735.46
2025-08-28,Bihar,Patna,Patna,Onion,1863.04
2025-08-29,Bihar,Patna,Patna,Onion,1887.55
2025-08-30,Bihar,Patna,Patna,Onion,1735.18
2025-08-31,Bihar,Patna,Patna,Onion,1636.89
2025-09-01,Bihar,Patna,Patna,Onion,1781.59
2025-09-02,Bihar,Patna,Patna,Onion,1814.85
2025-09-03,Bihar,Patna,Patna,Onion,1856.47
2025-09-04,Bihar,Patna,Patna,Onion,2044.95
2025-09-05,Bihar,Patna,Patna,Onion,1793.41
2025-09-06,Bihar,Patna,Patna,Onion,2026.87
2025-09-07,Bihar,Patna,Patna,Onion,1626.12
2025-09-08,Bihar,Patna,Patna,Onion,1566.55
2025-09-09,Bihar,Patna,Patna,Onion,1492.1
2025-09-10,Bihar,Patna,Patna,Onion,1714.34
2025-09-11,Bihar,Patna,Patna,Onion,1772.57
2025-09-12,Bihar,Patna,Patna,Onion,1921.35
2025-09-13,Bihar,Patna,Patna,Onion,1834.94
2025-09-14,Bihar,Patna,Patna,Onion,1582.29
2025-09-15,Bihar,Patna,Patna,Onion,1631.66
2025-09-16,Bihar,Patna,Patna,Onion,1649.9
2025-09-17,Bihar,Patna,Patna,Onion,1542.99
2025-09-18,Bihar,Patna,Patna,Onion,1704.5
2025-09-19,Bihar,Patna,Patna,Onion,1746.87
2025-09-20,Bihar,Patna,Patna,Onion,1978.78
2025-09-21,Bihar,Patna,Patna,Onion,1744.56
2025-09-22,Bihar,Patna,Patna,Onion,1751.1
2025-09-23,Bihar,Patna,Patna,Onion,1512.93
2025-09-24,Bihar,Patna,Patna,Onion,1905.85
2025-09-25,Bihar,Patna,Patna,Onion,1993.91
2025-09-26,Bihar,Patna,Patna,Onion,1586.43
2025-09-27,Bihar,Patna,Patna,Onion,1708.22
2025-09-28,Bihar,Patna,Patna,Onion,1780.52
2025-09-29,Bihar,Patna,Patna,Onion,1748.95
2025-09-30,Bihar,Patna,Patna,Onion,1610.49
2025-10-01,Bihar,Patna,Patna,Onion,1722.39
2025-10-02,Bihar,Patna,Patna,Onion,1752.89
2025-10-03,Bihar,Patna,Patna,Onion,1861.33
2025-10-04,Bihar,Patna,Patna,Onion,1951.0
2025-10-05,Bihar,Patna,Patna,Onion,1631.42
2025-10-06,Bihar,Patna,Patna,Onion,1795.21
2025-10-07,Bihar,Patna,Patna,Onion,1602.88
2025-10-08,Bihar,Patna,Patna,Onion,1660.97
2025-10-09,Bihar,Patna,Patna,Onion,1941.2
2025-10-10,Bihar,Patna,Patna,Onion,1974.06
2025-10-11,Bihar,Patna,Patna,Onion,1915.71
2025-10-12,Bihar,Patna,Patna,Onion,1573.02
2025-10-13,Bihar,Patna,Patna,Onion,1631.17
2025-10-14,Bihar,Patna,Patna,Onion,1803.08
2025-10-15,Bihar,Patna,Patna,Onion,1781.12
2025-10-16,Bihar,Patna,Patna,Onion,1708.44
2025-10-17,Bihar,Patna,Patna,Onion,1926.33
2025-10-18,Bihar,Patna,Patna,Onion,1729.27
2025-10-19,Bihar,Patna,Patna,Onion,1964.31
2025-10-20,Bihar,Patna,Patna,Onion,1882.64
2025-10-21,Bihar,Patna,Patna,Onion,1791.01
2025-10-22,Bihar,Patna,Patna,Onion,1961.21
2025-10-23,Bihar,Patna,Patna,Onion,1871.61
2025-10-24,Bihar,Patna,Patna,Onion,1984.03
2025-10-25,Bihar,Patna,Patna,Onion,2027.29
2025-10-26,Bihar,Patna,Patna,Onion,1792.15
2025-10-27,Bihar,Patna,Patna,Onion,1685.16
2025-10-28,Bihar,Patna,Patna,Onion,1528.86
2025-10-29,Bihar,Patna,Patna,Onion,1799.06
2025-10-30,Bihar,Patna,Patna,Onion,1992.07
2025-10-31,Bihar,Patna,Patna,Onion,2030.35
2025-11-01,Bihar,Patna,Patna,Onion,1924.08
2025-11-02,Bihar,Patna,Patna,Onion,1715.22
2025-11-03,Bihar,Patna,Patna,Onion,1496.38
2025-11-04,Bihar,Patna,Patna,Onion,1696.72
2025-11-05,Bihar,Patna,Patna,Onion,1793.66
2025-11-06,Bihar,Patna,Patna,Onion,1866.32
2025-11-07,Bihar,Patna,Patna,Onion,2013.28
2025-11-08,Bihar,Patna,Patna,Onion,2145.66
2025-11-09,Bihar,Patna,Patna,Onion,1823.22
2025-11-10,Bihar,Patna,Patna,Onion,1734.62
2025-11-11,Bihar,Patna,Patna,Onion,1750.72
2025-11-12,Bihar,Patna,Patna,Onion,1875.88
2025-11-13,Bihar,Patna,Patna,Onion,1824.42
2025-11-14,Bihar,Patna,Patna,Onion,1975.62
2025-11-15,Bihar,Patna,Patna,Onion,1973.36
2025-11-16,Bihar,Patna,Patna,Onion,1862.97
2025-11-17,Bihar,Patna,Patna,Onion,1846.79
2025-11-18,Bihar,Patna,Patna,Onion,1866.98
2025-11-19,Bihar,Patna,Patna,Onion,1655.8
2025-11-20,Bihar,Patna,Patna,Onion,2056.74
2025-11-21,Bihar,Patna,Patna,Onion,1898.61
2025-11-22,Bihar,Patna,Patna,Onion,1796.41
2025-11-23,Bihar,Patna,Patna,Onion,1723.36
2025-11-24,Bihar,Patna,Patna,Onion,1876.02
2025-11-25,Bihar,Patna,Patna,Onion,1815.26
2025-11-26,Bihar,Patna,Patna,Onion,1697.49
2025-11-27,Bihar,Patna,Patna,Onion,2071.57
2025-11-28,Bihar,Patna,Patna,Onion,1824.07
2025-11-29,Bihar,Patna,Patna,Onion,2000.84
2025-11-30,Bihar,Patna,Patna,Onion,1934.17
2025-12-01,Bihar,Patna,Patna,Onion,1969.81
2025-12-02,Bihar,Patna,Patna,Onion,2113.09
2025-12-03,Bihar,Patna,Patna,Onion,1773.29
2025-12-04,Bihar,Patna,Patna,Onion,2035.36
2025-12-05,Bihar,Patna,Patna,Onion,2027.59
2025-12-06,Bihar,Patna,Patna,Onion,2081.22
2025-12-07,Bihar,Patna,Patna,Onion,1968.83
2025-12-08,Bihar,Patna,Patna,Onion,1844.58
2025-12-09,Bihar,Patna,Patna,Onion,1856.74
2025-12-10,Bihar,Patna,Patna,Onion,1843.23
2025-12-11,Bihar,Patna,Patna,Onion,2227.69
2025-12-12,Bihar,Patna,Patna,Onion,2176.8
2025-12-13,Bihar,Patna,Patna,Onion,2192.9
2025-12-14,Bihar,Patna,Patna,Onion,1935.72
2025-12-15,Bihar,Patna,Patna,Onion,1840.86
2025-12-16,Bihar,Patna,Patna,Onion,1807.27
2025-12-17,Bihar,Patna,Patna,Onion,2091.52
2025-12-18,Bihar,Patna,Patna,Onion,1971.44
2025-12-19,Bihar,Patna,Patna,Onion,2430.73
2025-12-20,Bihar,Patna,Patna,Onion,1910.35
2025-12-21,Bihar,Patna,Patna,Onion,2058.1
2025-12-22,Bihar,Patna,Patna,Onion,2185.32
2025-12-23,Bihar,Patna,Patna,Onion,2078.8
2025-12-24,Bihar,Patna,Patna,Onion,2107.98
2025-12-25,Bihar,Patna,Patna,Onion,2022.99
2025-12-26,Bihar,Patna,Patna,Onion,1984.21
2025-12-27,Bihar,Patna,Patna,Onion,2261.96
2025-12-28,Bihar,Patna,Patna,Onion,2278.43
2025-12-29,Bihar,Patna,Patna,Onion,1948.23
2025-12-30,Bihar,Patna,Patna,Onion,1873.92
2025-12-31,Bihar,Patna,Patna,Onion,1759.58
2026-01-01,Bihar,Patna,Patna,Onion,2062.72
2026-01-02,Bihar,Patna,Patna,Onion,2223.98
2026-01-03,Bihar,Patna,Patna,Onion,2435.47
2026-01-04,Bihar,Patna,Patna,Onion,2202.42
2026-01-05,Bihar,Patna,Patna,Onion,2094.82
2026-01-06,Bihar,Patna,Patna,Onion,2019.56
2026-01-07,Bihar,Patna,Patna,Onion,2079.92
2026-01-08,Bihar,Patna,Patna,Onion,2481.94
2026-01-09,Bihar,Patna,Patna,Onion,2319.18
2026-01-10,Bihar,Patna,Patna,Onion,1905.47
2026-01-11,Bihar,Patna,Patna,Onion,2044.27
2026-01-12,Bihar,Patna,Patna,Onion,1966.24
2026-01-13,Bihar,Patna,Patna,Onion,2037.97
2026-01-14,Bihar,Patna,Patna,Onion,2298.42
2026-01-15,Bihar,Patna,Patna,Onion,2286.7
2026-01-16,Bihar,Patna,Patna,Onion,2319.23
2026-01-17,Bihar,Patna,Patna,Onion,2487.2
2026-01-18,Bihar,Patna,Patna,Onion,2080.3
2026-01-19,Bihar,Patna,Patna,Onion,2410.36
2026-01-20,Bihar,Patna,Patna,Onion,2058.01
2026-01-21,Bihar,Patna,Patna,Onion,2267.33
2026-01-22,Bihar,Patna,Patna,Onion,2301.26
2026-01-23,Bihar,Patna,Patna,Onion,2395.95
2026-01-24,Bihar,Patna,Patna,Onion,2392.31
2026-01-25,Bihar,Patna,Patna,Onion,2294.89
2026-01-26,Bihar,Patna,Patna,Onion,2056.69
2026-01-27,Bihar,Patna,Patna,Onion,2025.86
2026-01-28,Bihar,Patna,Patna,Onion,2695.74
2026-01-29,Bihar,Patna,Patna,Onion,2308.4
2026-01-30,Bihar,Patna,Patna,Onion,2535.75
2026-01-31,Bihar,Patna,Patna,Onion,2095.09
2026-02-01,Bihar,Patna,Patna,Onion,2221.55
2026-02-02,Bihar,Patna,Patna,Onion,2188.79
2026-02-03,Bihar,Patna,Patna,Onion,2310.09
2026-02-04,Bihar,Patna,Patna,Onion,1887.93
2026-02-05,Bihar,Patna,Patna,Onion,2457.39
2026-02-06,Bihar,Patna,Patna,Onion,2259.48
2026-02-07,Bihar,Patna,Patna,Onion,2453.67
2026-02-08,Bihar,Patna,Patna,Onion,2135.34
2026-02-09,Bihar,Patna,Patna,Onion,2109.21
2026-02-10,Bihar,Patna,Patna,Onion,2227.69
2026-02-11,Bihar,Patna,Patna,Onion,2194.11
2026-02-12,Bihar,Patna,Patna,Onion,2384.21
2026-02-13,Bihar,Patna,Patna,Onion,2285.97
2026-02-14,Bihar,Patna,Patna,Onion,2122.46
2026-02-15,Bihar,Patna,Patna,Onion,2502.63
2026-02-16,Bihar,Patna,Patna,Onion,2069.53
2026-02-17,Bihar,Patna,Patna,Onion,2274.75
2026-02-18,Bihar,Patna,Patna,Onion,2528.41
2026-02-19,Bihar,Patna,Patna,Onion,2392.75
2026-02-20,Bihar,Patna,Patna,Onion,2382.21
2026-02-21,Bihar,Patna,Patna,Onion,2506.54
2026-02-22,Bihar,Patna,Patna,Onion,2552.08
2026-02-23,Bihar,Patna,Patna,Onion,2116.7
2026-02-24,Bihar,Patna,Patna,Onion,2308.25
2026-02-25,Bihar,Patna,Patna,Onion,2136.82
2026-02-26,Bihar,Patna,Patna,Onion,2461.25
2026-02-27,Bihar,Patna,Patna,Onion,2564.64
2026-02-28,Bihar,Patna,Patna,Onion,2347.08
2026-03-01,Bihar,Patna,Patna,Onion,2317.48
2026-03-02,Bihar,Patna,Patna,Onion,2101.53
2026-03-03,Bihar,Patna,Patna,Onion,2371.17
2026-03-04,Bihar,Patna,Patna,Onion,2639.52
2026-03-05,Bihar,Patna,Patna,Onion,2361.1
2026-03-06,Bihar,Patna,Patna,Onion,2472.11
2026-03-07,Bihar,Patna,Patna,Onion,2610.11
2026-03-08,Bihar,Patna,Patna,Onion,2622.54
2026-03-09,Bihar,Patna,Patna,Onion,2107.51
2026-03-10,Bihar,Patna,Patna,Onion,2352.14
2026-03-11,Bihar,Patna,Patna,Onion,2529.14
2026-03-12,Bihar,Patna,Patna,Onion,2561.43
2026-03-13,Bihar,Patna,Patna,Onion,2154.75
2026-03-14,Bihar,Patna,Patna,Onion,2631.3
2026-03-15,Bihar,Patna,Patna,Onion,2695.81
2026-03-16,Bihar,Patna,Patna,Onion,2390.98
2026-03-17,Bihar,Patna,Patna,Onion,2224.87
2026-03-18,Bihar,Patna,Patna,Onion,2408.05
2026-03-19,Bihar,Patna,Patna,Onion,2919.5
2026-03-20,Bihar,Patna,Patna,Onion,2791.13
2026-03-21,Bihar,Patna,Patna,Onion,2672.95
2026-03-22,Bihar,Patna,Patna,Onion,2512.7
2026-03-23,Bihar,Patna,Patna,Onion,2275.06
2026-03-24,Bihar,Patna,Patna,Onion,2377.45
2026-03-25,Bihar,Patna,Patna,Onion,2497.31
2026-03-26,Bihar,Patna,Patna,Onion,2711.17
2026-03-27,Bihar,Patna,Patna,Onion,2914.95
2026-03-28,Bihar,Patna,Patna,Onion,2770.99
2026-03-29,Bihar,Patna,Patna,Onion,2217.27
2026-03-30,Bihar,Patna,Patna,Onion,2432.42
2026-03-31,Bihar,Patna,Patna,Onion,2544.98
2026-04-01,Bihar,Patna,Patna,Onion,2628.7
2026-04-02,Bihar,Patna,Patna,Onion,2503.56
2026-04-03,Bihar,Patna,Patna,Onion,3183.37
2026-04-04,Bihar,Patna,Patna,Onion,2346.14
2026-04-05,Bihar,Patna,Patna,Onion,2280.48
2026-04-06,Bihar,Patna,Patna,Onion,2439.01
2026-04-07,Bihar,Patna,Patna,Onion,2783.71
2026-04-08,Bihar,Patna,Patna,Onion,2375.64
2026-04-09,Bihar,Patna,Patna,Onion,2573.35
2026-04-10,Bihar,Patna,Patna,Onion,2846.14
2026-04-11,Bihar,Patna,Patna,Onion,2575.03
2026-04-12,Bihar,Patna,Patna,Onion,2410.8
2026-04-13,Bihar,Patna,Patna,Onion,2495.17
2026-04-14,Bihar,Patna,Patna,Onion,2470.42
2026-04-15,Bihar,Patna,Patna,Onion,2704.3
2026-04-16,Bihar,Patna,Patna,Onion,2857.31
2026-04-17,Bihar,Patna,Patna,Onion,2700.94
2026-04-18,Bihar,Patna,Patna,Onion,2627.76
2026-04-19,Bihar,Patna,Patna,Onion,2501.96
2026-04-20,Bihar,Patna,Patna,Onion,2478.03
2026-04-21,Bihar,Patna,Patna,Onion,2428.69
2026-04-22,Bihar,Patna,Patna,Onion,2516.57
2026-04-23,Bihar,Patna,Patna,Onion,2832.76
2026-04-24,Bihar,Patna,Patna,Onion,2916.59
2026-04-25,Bihar,Patna,Patna,Onion,2296.41
2026-04-26,Bihar,Patna,Patna,Onion,2458.6
2026-04-27,Bihar,Patna,Patna,Onion,2272.36
2026-04-28,Bihar,Patna,Patna,Onion,2357.64
2026-04-29,Bihar,Patna,Patna,Onion,2577.03
2026-04-30,Bihar,Patna,Patna,Onion,2724.44
2026-05-01,Bihar,Patna,Patna,Onion,2604.06
2026-05-02,Bihar,Patna,Patna,Onion,2212.72
2026-05-03,Bihar,Patna,Patna,Onion,2279.23
2026-05-04,Bihar,Patna,Patna,Onion,2523.71
2026-05-05,Bihar,Patna,Patna,Onion,1936.87
2026-05-06,Bihar,Patna,Patna,Onion,2698.88
2026-05-07,Bihar,Patna,Patna,Onion,2681.02
2026-05-08,Bihar,Patna,Patna,Onion,2848.32
2026-05-09,Bihar,Patna,Patna,Onion,2502.82
2026-05-10,Bihar,Patna,Patna,Onion,2077.38
2026-05-11,Bihar,Patna,Patna,Onion,2428.97
2026-05-12,Bihar,Patna,Patna,Onion,2591.41
2026-05-13,Bihar,Patna,Patna,Onion,2633.08
2026-05-14,Bihar,Patna,Patna,Onion,2447.5
2026-05-15,Bihar,Patna,Patna,Onion,2602.89
2026-05-16,Bihar,Patna,Patna,Onion,2423.34
2026-05-17,Bihar,Patna,Patna,Onion,2269.12
2026-05-18,Bihar,Patna,Patna,Onion,2493.79
2026-05-19,Bihar,Patna,Patna,Onion,2160.29
2026-05-20,Bihar,Patna,Patna,Onion,2297.12
2026-05-21,Bihar,Patna,Patna,Onion,2346.09
2026-05-22,Bihar,Patna,Patna,Onion,2295.15
2026-05-23,Bihar,Patna,Patna,Onion,2518.18
2026-05-24,Bihar,Patna,Patna,Onion,2576.9
2026-05-25,Bihar,Patna,Patna,Onion,2283.71
2026-05-26,Bihar,Patna,Patna,Onion,2087.49
2026-05-27,Bihar,Patna,Patna,Onion,2567.02
2026-05-28,Bihar,Patna,Patna,Onion,2811.91
2026-05-29,Bihar,Patna,Patna,Onion,2419.63
2026-05-30,Bihar,Patna,Patna,Onion,2382.16
2026-05-31,Bihar,Patna,Patna,Onion,2441.05
2026-06-01,Bihar,Patna,Patna,Onion,2546.5
2026-06-02,Bihar,Patna,Patna,Onion,2222.09
2026-06-03,Bihar,Patna,Patna,Onion,2172.08
2026-06-04,Bihar,Patna,Patna,Onion,2594.45
2026-06-05,Bihar,Patna,Patna,Onion,2643.11
2026-06-06,Bihar,Patna,Patna,Onion,2435.03
2026-06-07,Bihar,Patna,Patna,Onion,2235.34
2026-06-08,Bihar,Patna,Patna,Onion,2414.71
2026-06-09,Bihar,Patna,Patna,Onion,2360.21
2026-06-10,Bihar,Patna,Patna,Onion,2236.88
2026-06-11,Bihar,Patna,Patna,Onion,2460.03
2026-06-12,Bihar,Patna,Patna,Onion,2235.79
2026-06-13,Bihar,Patna,Patna,Onion,2516.17
2026-06-14,Bihar,Patna,Patna,Onion,2252.14
2026-06-15,Bihar,Patna,Patna,Onion,2158.34
2026-06-16,Bihar,Patna,Patna,Onion,2239.01
2026-06-17,Bihar,Patna,Patna,Onion,2337.16
2026-06-18,Bihar,Patna,Patna,Onion,2567.98
2026-06-19,Bihar,Patna,Patna,Onion,2534.57
2026-06-20,Bihar,Patna,Patna,Onion,2340.1
2026-06-21,Bihar,Patna,Patna,Onion,2381.5
2026-06-22,Bihar,Patna,Patna,Onion,2254.9
2026-06-23,Bihar,Patna,Patna,Onion,2144.78
2026-06-24,Bihar,Patna,Patna,Onion,2275.64
2026-06-25,Bihar,Patna,Patna,Onion,2355.46
2026-06-26,Bihar,Patna,Patna,Onion,2481.71
2026-06-27,Bihar,Patna,Patna,Onion,2270.03
2026-06-28,Bihar,Patna,Patna,Onion,2165.11
2026-06-29,Bihar,Patna,Patna,Onion,2457.12
2026-06-30,Bihar,Patna,Patna,Onion,2319.67
2026-07-01,Bihar,Patna,Patna,Onion,2139.58
2026-07-02,Bihar,Patna,Patna,Onion,2436.52
2026-07-03,Bihar,Patna,Patna,Onion,2378.8
2026-07-04,Bihar,Patna,Patna,Onion,2355.98
2026-07-05,Bihar,Patna,Patna,Onion,2211.76
2026-07-06,Bihar,Patna,Patna,Onion,2302.2
2026-07-07,Bihar,Patna,Patna,Onion,2193.65
2026-07-08,Bihar,Patna,Patna,Onion,2214.16
2026-07-09,Bihar,Patna,Patna,Onion,2473.6
2026-07-10,Bihar,Patna,Patna,Onion,2359.35
2026-07-11,Bihar,Patna,Patna,Onion,2275.51
2026-07-12,Bihar,Patna,Patna,Onion,2202.88
2026-07-13,Bihar,Patna,Patna,Onion,2077.34
2026-07-14,Bihar,Patna,Patna,Onion,2108.74
2026-07-15,Bihar,Patna,Patna,Onion,2098.18
2026-07-16,Bihar,Patna,Patna,Onion,2149.05
2026-07-17,Bihar,Patna,Patna,Onion,2124.46
2026-07-18,Bihar,Patna,Patna,Onion,2003.76
2026-07-19,Bihar,Patna,Patna,Onion,1990.32
2026-07-20,Bihar,Patna,Patna,Onion,2032.46
2026-07-21,Bihar,Patna,Patna,Onion,2088.67
2026-07-22,Bihar,Patna,Patna,Onion,2112.26
2026-07-23,Bihar,Patna,Patna,Onion,1864.16
2026-07-24,Bihar,Patna,Patna,Onion,2495.68
2026-07-25,Bihar,Patna,Patna,Onion,2351.19
2026-07-26,Bihar,Patna,Patna,Onion,2152.68
2026-07-27,Bihar,Patna,Patna,Onion,2295.73
2026-07-28,Bihar,Patna,Patna,Onion,1901.68
2026-07-29,Bihar,Patna,Patna,Onion,2399.81
2026-07-30,Bihar,Patna,Patna,Onion,2049.29
2026-07-31,Bihar,Patna,Patna,Onion,2250.39
2026-08-01,Bihar,Patna,Patna,Onion,1959.81
2026-08-02,Bihar,Patna,Patna,Onion,2058.02
2026-08-03,Bihar,Patna,Patna,Onion,2048.76
2026-08-04,Bihar,Patna,Patna,Onion,1989.08
2026-08-05,Bihar,Patna,Patna,Onion,2192.68
2026-08-06,Bihar,Patna,Patna,Onion,2180.51
2026-08-07,Bihar,Patna,Patna,Onion,2101.42
2026-08-08,Bihar,Patna,Patna,Onion,2036.51
2026-08-09,Bihar,Patna,Patna,Onion,2141.59
2026-08-10,Bihar,Patna,Patna,Onion,1876.65
2026-08-11,Bihar,Patna,Patna,Onion,2109.81
2026-08-12,Bihar,Patna,Patna,Onion,2235.75
2026-08-13,Bihar,Patna,Patna,Onion,1886.45
2026-08-14,Bihar,Patna,Patna,Onion,2322.44
2026-08-15,Bihar,Patna,Patna,Onion,2394.25
2026-08-16,Bihar,Patna,Patna,Onion,2035.27
2026-08-17,Bihar,Patna,Patna,Onion,2022.65
2026-08-18,Bihar,Patna,Patna,Onion,2099.63
2026-08-19,Bihar,Patna,Patna,Onion,1994.47
2026-08-20,Bihar,Patna,Patna,Onion,2136.57
2026-08-21,Bihar,Patna,Patna,Onion,1930.2
2026-08-22,Bihar,Patna,Patna,Onion,2087.66
2026-08-23,Bihar,Patna,Patna,Onion,2045.59
2026-08-24,Bihar,Patna,Patna,Onion,1988.39
2026-08-25,Bihar,Patna,Patna,Onion,2079.98
2026-08-26,Bihar,Patna,Patna,Onion,1902.32
2026-08-27,Bihar,Patna,Patna,Onion,2009.25
2026-08-28,Bihar,Patna,Patna,Onion,2382.63
2026-08-29,Bihar,Patna,Patna,Onion,2024.96
2026-08-30,Bihar,Patna,Patna,Onion,1984.42
2026-08-31,Bihar,Patna,Patna,Onion,1891.57
2025-01-01,Bihar,Patna,Patna,Potato,1583.37
2025-01-02,Bihar,Patna,Patna,Potato,1949.77
2025-01-03,Bihar,Patna,Patna,Potato,1706.77
2025-01-04,Bihar,Patna,Patna,Potato,1594.92
2025-01-05,Bihar,Patna,Patna,Potato,1610.37
2025-01-06,Bihar,Patna,Patna,Potato,1394.34
2025-01-07,Bihar,Patna,Patna,Potato,1567.84
2025-01-08,Bihar,Patna,Patna,Potato,1598.29
2025-01-09,Bihar,Patna,Patna,Potato,1863.83
2025-01-10,Bihar,Patna,Patna,Potato,1723.11
2025-01-11,Bihar,Patna,Patna,Potato,1876.5
2025-01-12,Bihar,Patna,Patna,Potato,1862.54
2025-01-13,Bihar,Patna,Patna,Potato,1744.65
2025-01-14,Bihar,Patna,Patna,Potato,1650.39
2025-01-15,Bihar,Patna,Patna,Potato,1765.95
2025-01-16,Bihar,Patna,Patna,Potato,1627.55
2025-01-17,Bihar,Patna,Patna,Potato,1826.77
2025-01-18,Bihar,Patna,Patna,Potato,1692.88
2025-01-19,Bihar,Patna,Patna,Potato,1813.62
2025-01-20,Bihar,Patna,Patna,Potato,1989.94
2025-01-21,Bihar,Patna,Patna,Potato,1767.69
2025-01-22,Bihar,Patna,Patna,Potato,1533.74
2025-01-23,Bihar,Patna,Patna,Potato,1809.73
2025-01-24,Bihar,Patna,Patna,Potato,1894.93
2025-01-25,Bihar,Patna,Patna,Potato,1846.32
2025-01-26,Bihar,Patna,Patna,Potato,1671.56
2025-01-27,Bihar,Patna,Patna,Potato,1746.82
2025-01-28,Bihar,Patna,Patna,Potato,1587.88
2025-01-29,Bihar,Patna,Patna,Potato,1694.41
2025-01-30,Bihar,Patna,Patna,Potato,1975.46
2025-01-31,Bihar,Patna,Patna,Potato,1776.31
2025-02-01,Bihar,Patna,Patna,Potato,1937.81
2025-02-02,Bihar,Patna,Patna,Potato,1620.62
2025-02-03,Bihar,Patna,Patna,Potato,1962.85
2025-02-04,Bihar,Patna,Patna,Potato,1673.03
2025-02-05,Bihar,Patna,Patna,Potato,1816.25
2025-02-06,Bihar,Patna,Patna,Potato,1966.14
2025-02-07,Bihar,Patna,Patna,Potato,1866.99
2025-02-08,Bihar,Patna,Patna,Potato,1917.07
2025-02-09,Bihar,Patna,Patna,Potato,1894.79
2025-02-10,Bihar,Patna,Patna,Potato,1894.29
2025-02-11,Bihar,Patna,Patna,Potato,1896.36
2025-02-12,Bihar,Patna,Patna,Potato,1851.34
2025-02-13,Bihar,Patna,Patna,Potato,1931.18
2025-02-14,Bihar,Patna,Patna,Potato,2297.9
2025-02-15,Bihar,Patna,Patna,Potato,2054.49
2025-02-16,Bihar,Patna,Patna,Potato,1729.02
2025-02-17,Bihar,Patna,Patna,Potato,1813.32
2025-02-18,Bihar,Patna,Patna,Potato,1779.76
2025-02-19,Bihar,Patna,Patna,Potato,1882.28
2025-02-20,Bihar,Patna,Patna,Potato,1808.0
2025-02-21,Bihar,Patna,Patna,Potato,1942.64
2025-02-22,Bihar,Patna,Patna,Potato,2199.8
2025-02-23,Bihar,Patna,Patna,Potato,1948.56
2025-02-24,Bihar,Patna,Patna,Potato,1505.96
2025-02-25,Bihar,Patna,Patna,Potato,2002.9
2025-02-26,Bihar,Patna,Patna,Potato,2070.75
2025-02-27,Bihar,Patna,Patna,Potato,1952.12
2025-02-28,Bihar,Patna,Patna,Potato,2125.97
2025-03-01,Bihar,Patna,Patna,Potato,1856.38
2025-03-02,Bihar,Patna,Patna,Potato,1831.87
2025-03-03,Bihar,Patna,Patna,Potato,2038.1
2025-03-04,Bihar,Patna,Patna,Potato,1830.56
2025-03-05,Bihar,Patna,Patna,Potato,1690.21
2025-03-06,Bihar,Patna,Patna,Potato,2014.61
2025-03-07,Bihar,Patna,Patna,Potato,2033.89
2025-03-08,Bihar,Patna,Patna,Potato,2162.37
2025-03-09,Bihar,Patna,Patna,Potato,1914.66
2025-03-10,Bihar,Patna,Patna,Potato,1807.21
2025-03-11,Bihar,Patna,Patna,Potato,2021.11
2025-03-12,Bihar,Patna,Patna,Potato,1978.84
2025-03-13,Bihar,Patna,Patna,Potato,1934.1
2025-03-14,Bihar,Patna,Patna,Potato,2229.25
2025-03-15,Bihar,Patna,Patna,Potato,2038.69
2025-03-16,Bihar,Patna,Patna,Potato,1928.37
2025-03-17,Bihar,Patna,Patna,Potato,1899.87
2025-03-18,Bihar,Patna,Patna,Potato,1755.14
2025-03-19,Bihar,Patna,Patna,Potato,1903.32
2025-03-20,Bihar,Patna,Patna,Potato,2055.88
2025-03-21,Bihar,Patna,Patna,Potato,2047.89
2025-03-22,Bihar,Patna,Patna,Potato,2204.53
2025-03-23,Bihar,Patna,Patna,Potato,1969.25
2025-03-24,Bihar,Patna,Patna,Potato,2000.4
2025-03-25,Bihar,Patna,Patna,Potato,1909.15
2025-03-26,Bihar,Patna,Patna,Potato,2133.69
2025-03-27,Bihar,Patna,Patna,Potato,2123.17
2025-03-28,Bihar,Patna,Patna,Potato,2088.01
2025-03-29,Bihar,Patna,Patna,Potato,2031.42
2025-03-30,Bihar,Patna,Patna,Potato,1817.76
2025-03-31,Bihar,Patna,Patna,Potato,1962.12
2025-04-01,Bihar,Patna,Patna,Potato,1909.51
2025-04-02,Bihar,Patna,Patna,Potato,1923.48
2025-04-03,Bihar,Patna,Patna,Potato,2232.64
2025-04-04,Bihar,Patna,Patna,Potato,1908.92
2025-04-05,Bihar,Patna,Patna,Potato,1978.27
2025-04-06,Bihar,Patna,Patna,Potato,2092.86
2025-04-07,Bihar,Patna,Patna,Potato,1940.68
2025-04-08,Bihar,Patna,Patna,Potato,1911.85
2025-04-09,Bihar,Patna,Patna,Potato,2031.59
2025-04-10,Bihar,Patna,Patna,Potato,2100.73
2025-04-11,Bihar,Patna,Patna,Potato,1871.69
2025-04-12,Bihar,Patna,Patna,Potato,1990.07
2025-04-13,Bihar,Patna,Patna,Potato,2174.22
2025-04-14,Bihar,Patna,Patna,Potato,1811.37
2025-04-15,Bihar,Patna,Patna,Potato,1875.29
2025-04-16,Bihar,Patna,Patna,Potato,1920.05
2025-04-17,Bihar,Patna,Patna,Potato,2060.67
2025-04-18,Bihar,Patna,Patna,Potato,2006.65
2025-04-19,Bihar,Patna,Patna,Potato,2106.92
2025-04-20,Bihar,Patna,Patna,Potato,1977.28
2025-04-21,Bihar,Patna,Patna,Potato,1998.37
2025-04-22,Bihar,Patna,Patna,Potato,1773.38
2025-04-23,Bihar,Patna,Patna,Potato,1943.77
2025-04-24,Bihar,Patna,Patna,Potato,2035.39
2025-04-25,Bihar,Patna,Patna,Potato,2152.76
2025-04-26,Bihar,Patna,Patna,Potato,1918.5
2025-04-27,Bihar,Patna,Patna,Potato,2068.49
2025-04-28,Bihar,Patna,Patna,Potato,2045.84
2025-04-29,Bihar,Patna,Patna,Potato,1774.89
2025-04-30,Bihar,Patna,Patna,Potato,1914.94
2025-05-01,Bihar,Patna,Patna,Potato,1982.43
2025-05-02,Bihar,Patna,Patna,Potato,2459.3
2025-05-03,Bihar,Patna,Patna,Potato,1960.63
2025-05-04,Bihar,Patna,Patna,Potato,2161.11
2025-05-05,Bihar,Patna,Patna,Potato,1712.29
2025-05-06,Bihar,Patna,Patna,Potato,1764.86
2025-05-07,Bihar,Patna,Patna,Potato,1876.76
2025-05-08,Bihar,Patna,Patna,Potato,1925.43
2025-05-09,Bihar,Patna,Patna,Potato,2024.82
2025-05-10,Bihar,Patna,Patna,Potato,1908.55
2025-05-11,Bihar,Patna,Patna,Potato,1810.67
2025-05-12,Bihar,Patna,Patna,Potato,2016.94
2025-05-13,Bihar,Patna,Patna,Potato,2043.69
2025-05-14,Bihar,Patna,Patna,Potato,2086.73
2025-05-15,Bihar,Patna,Patna,Potato,2105.23
2025-05-16,Bihar,Patna,Patna,Potato,2060.35
2025-05-17,Bihar,Patna,Patna,Potato,1922.43
2025-05-18,Bihar,Patna,Patna,Potato,1777.57
2025-05-19,Bihar,Patna,Patna,Potato,1896.51
2025-05-20,Bihar,Patna,Patna,Potato,1712.45
2025-05-21,Bihar,Patna,Patna,Potato,1804.02
2025-05-22,Bihar,Patna,Patna,Potato,2174.21
2025-05-23,Bihar,Patna,Patna,Potato,2297.34
2025-05-24,Bihar,Patna,Patna,Potato,2026.64
2025-05-25,Bihar,Patna,Patna,Potato,2031.77
2025-05-26,Bihar,Patna,Patna,Potato,1799.24
2025-05-27,Bihar,Patna,Patna,Potato,1673.53
2025-05-28,Bihar,Patna,Patna,Potato,2000.68
2025-05-29,Bihar,Patna,Patna,Potato,2069.53
2025-05-30,Bihar,Patna,Patna,Potato,2015.45
2025-05-31,Bihar,Patna,Patna,Potato,1917.29
2025-06-01,Bihar,Patna,Patna,Potato,1989.94
2025-06-02,Bihar,Patna,Patna,Potato,1684.8
2025-06-03,Bihar,Patna,Patna,Potato,1725.99
2025-06-04,Bihar,Patna,Patna,Potato,1761.91
2025-06-05,Bihar,Patna,Patna,Potato,1977.93
2025-06-06,Bihar,Patna,Patna,Potato,1830.02
2025-06-07,Bihar,Patna,Patna,Potato,1833.94
2025-06-08,Bihar,Patna,Patna,Potato,1750.0
2025-06-09,Bihar,Patna,Patna,Potato,1754.05
2025-06-10,Bihar,Patna,Patna,Potato,1613.77
2025-06-11,Bihar,Patna,Patna,Potato,1882.38
2025-06-12,Bihar,Patna,Patna,Potato,2109.69
2025-06-13,Bihar,Patna,Patna,Potato,1972.97
2025-06-14,Bihar,Patna,Patna,Potato,2105.23
2025-06-15,Bihar,Patna,Patna,Potato,1985.41
2025-06-16,Bihar,Patna,Patna,Potato,1857.96
2025-06-17,Bihar,Patna,Patna,Potato,1785.55
2025-06-18,Bihar,Patna,Patna,Potato,1847.6
2025-06-19,Bihar,Patna,Patna,Potato,2015.07
2025-06-20,Bihar,Patna,Patna,Potato,1873.7
2025-06-21,Bihar,Patna,Patna,Potato,1626.05
2025-06-22,Bihar,Patna,Patna,Potato,1851.11
2025-06-23,Bihar,Patna,Patna,Potato,1598.79
2025-06-24,Bihar,Patna,Patna,Potato,1632.23
2025-06-25,Bihar,Patna,Patna,Potato,1817.36
2025-06-26,Bihar,Patna,Patna,Potato,1871.7
2025-06-27,Bihar,Patna,Patna,Potato,1710.01
2025-06-28,Bihar,Patna,Patna,Potato,1865.91
2025-06-29,Bihar,Patna,Patna,Potato,1881.48
2025-06-30,Bihar,Patna,Patna,Potato,1574.71
2025-07-01,Bihar,Patna,Patna,Potato,1876.74
2025-07-02,Bihar,Patna,Patna,Potato,1593.91
2025-07-03,Bihar,Patna,Patna,Potato,2130.03
2025-07-04,Bihar,Patna,Patna,Potato,1814.32
2025-07-05,Bihar,Patna,Patna,Potato,1834.3
2025-07-06,Bihar,Patna,Patna,Potato,1504.99
2025-07-07,Bihar,Patna,Patna,Potato,1675.62
2025-07-08,Bihar,Patna,Patna,Potato,1723.28
2025-07-09,Bihar,Patna,Patna,Potato,1750.51
2025-07-10,Bihar,Patna,Patna,Potato,1753.84
2025-07-11,Bihar,Patna,Patna,Potato,1716.75
2025-07-12,Bihar,Patna,Patna,Potato,1928.48
2025-07-13,Bihar,Patna,Patna,Potato,1710.95
2025-07-14,Bihar,Patna,Patna,Potato,1834.9
2025-07-15,Bihar,Patna,Patna,Potato,1607.75
2025-07-16,Bihar,Patna,Patna,Potato,1680.48
2025-07-17,Bihar,Patna,Patna,Potato,1899.48
2025-07-18,Bihar,Patna,Patna,Potato,1603.91
2025-07-19,Bihar,Patna,Patna,Potato,1609.42
2025-07-20,Bihar,Patna,Patna,Potato,1809.42
2025-07-21,Bihar,Patna,Patna,Potato,1496.46
2025-07-22,Bihar,Patna,Patna,Potato,1433.84
2025-07-23,Bihar,Patna,Patna,Potato,1929.23
2025-07-24,Bihar,Patna,Patna,Potato,1596.26
2025-07-25,Bihar,Patna,Patna,Potato,1804.28
2025-07-26,Bihar,Patna,Patna,Potato,1739.93
2025-07-27,Bihar,Patna,Patna,Potato,1328.91
2025-07-28,Bihar,Patna,Patna,Potato,1575.12
2025-07-29,Bihar,Patna,Patna,Potato,1668.73
2025-07-30,Bihar,Patna,Patna,Potato,1721.82
2025-07-31,Bihar,Patna,Patna,Potato,1852.29
2025-08-01,Bihar,Patna,Patna,Potato,1706.98
2025-08-02,Bihar,Patna,Patna,Potato,1790.81
2025-08-03,Bihar,Patna,Patna,Potato,1551.25
2025-08-04,Bihar,Patna,Patna,Potato,1425.41
2025-08-05,Bihar,Patna,Patna,Potato,1449.53
2025-08-06,Bihar,Patna,Patna,Potato,1486.39
2025-08-07,Bihar,Patna,Patna,Potato,1838.52
2025-08-08,Bihar,Patna,Patna,Potato,1546.31
2025-08-09,Bihar,Patna,Patna,Potato,1714.05
2025-08-10,Bihar,Patna,Patna,Potato,1577.34
2025-08-11,Bihar,Patna,Patna,Potato,1548.64
2025-08-12,Bihar,Patna,Patna,Potato,1722.84
2025-08-13,Bihar,Patna,Patna,Potato,1583.53
2025-08-14,Bihar,Patna,Patna,Potato,1766.98
2025-08-15,Bihar,Patna,Patna,Potato,1711.6
2025-08-16,Bihar,Patna,Patna,Potato,1642.47
2025-08-17,Bihar,Patna,Patna,Potato,1842.36
2025-08-18,Bihar,Patna,Patna,Potato,1384.95
2025-08-19,Bihar,Patna,Patna,Potato,1693.57
2025-08-20,Bihar,Patna,Patna,Potato,1688.1
2025-08-21,Bihar,Patna,Patna,Potato,1618.13
2025-08-22,Bihar,Patna,Patna,Potato,1879.66
2025-08-23,Bihar,Patna,Patna,Potato,1428.86
2025-08-24,Bihar,Patna,Patna,Potato,1511.81
2025-08-25,Bihar,Patna,Patna,Potato,1394.61
2025-08-26,Bihar,Patna,Patna,Potato,1581.08
2025-08-27,Bihar,Patna,Patna,Potato,1472.6
2025-08-28,Bihar,Patna,Patna,Potato,1707.46
2025-08-29,Bihar,Patna,Patna,Potato,1648.61
2025-08-30,Bihar,Patna,Patna,Potato,1570.71
2025-08-31,Bihar,Patna,Patna,Potato,1596.59
2025-09-01,Bihar,Patna,Patna,Potato,1481.13
2025-09-02,Bihar,Patna,Patna,Potato,1407.01
2025-09-03,Bihar,Patna,Patna,Potato,1893.76
2025-09-04,Bihar,Patna,Patna,Potato,1587.37
2025-09-05,Bihar,Patna,Patna,Potato,1399.77
2025-09-06,Bihar,Patna,Patna,Potato,1517.6
2025-09-07,Bihar,Patna,Patna,Potato,1405.88
2025-09-08,Bihar,Patna,Patna,Potato,1585.41
2025-09-09,Bihar,Patna,Patna,Potato,1546.73
2025-09-10,Bihar,Patna,Patna,Potato,1616.85
2025-09-11,Bihar,Patna,Patna,Potato,1590.9
2025-09-12,Bihar,Patna,Patna,Potato,1615.01
2025-09-13,Bihar,Patna,Patna,Potato,1562.04
2025-09-14,Bihar,Patna,Patna,Potato,1525.91
2025-09-15,Bihar,Patna,Patna,Potato,1578.57
2025-09-16,Bihar,Patna,Patna,Potato,1541.15
2025-09-17,Bihar,Patna,Patna,Potato,1621.09
2025-09-18,Bihar,Patna,Patna,Potato,1683.7
2025-09-19,Bihar,Patna,Patna,Potato,1742.95
2025-09-20,Bihar,Patna,Patna,Potato,1630.74
2025-09-21,Bihar,Patna,Patna,Potato,1568.65
2025-09-22,Bihar,Patna,Patna,Potato,1611.38
2025-09-23,Bihar,Patna,Patna,Potato,1432.5
2025-09-24,Bihar,Patna,Patna,Potato,1469.74
2025-09-25,Bihar,Patna,Patna,Potato,1489.57
2025-09-26,Bihar,Patna,Patna,Potato,1660.49
2025-09-27,Bihar,Patna,Patna,Potato,1390.02
2025-09-28,Bihar,Patna,Patna,Potato,1579.08
2025-09-29,Bihar,Patna,Patna,Potato,1476.16
2025-09-30,Bihar,Patna,Patna,Potato,1622.3
2025-10-01,Bihar,Patna,Patna,Potato,1490.88
2025-10-02,Bihar,Patna,Patna,Potato,1602.98
2025-10-03,Bihar,Patna,Patna,Potato,1770.79
2025-10-04,Bihar,Patna,Patna,Potato,1755.05
2025-10-05,Bihar,Patna,Patna,Potato,1459.9
2025-10-06,Bihar,Patna,Patna,Potato,1510.24
2025-10-07,Bihar,Patna,Patna,Potato,1538.32
2025-10-08,Bihar,Patna,Patna,Potato,1610.6
2025-10-09,Bihar,Patna,Patna,Potato,1602.0
2025-10-10,Bihar,Patna,Patna,Potato,1796.2
2025-10-11,Bihar,Patna,Patna,Potato,1394.49
2025-10-12,Bihar,Patna,Patna,Potato,1494.69
2025-10-13,Bihar,Patna,Patna,Potato,1545.81
2025-10-14,Bihar,Patna,Patna,Potato,1563.94
2025-10-15,Bihar,Patna,Patna,Potato,1728.11
2025-10-16,Bihar,Patna,Patna,Potato,1779.75
2025-10-17,Bihar,Patna,Patna,Potato,1625.9
2025-10-18,Bihar,Patna,Patna,Potato,1765.32
2025-10-19,Bihar,Patna,Patna,Potato,1473.66
2025-10-20,Bihar,Patna,Patna,Potato,1608.55
2025-10-21,Bihar,Patna,Patna,Potato,1721.0
2025-10-22,Bihar,Patna,Patna,Potato,1727.02
2025-10-23,Bihar,Patna,Patna,Potato,1668.4
2025-10-24,Bihar,Patna,Patna,Potato,1635.02
2025-10-25,Bihar,Patna,Patna,Potato,1458.36
2025-10-26,Bihar,Patna,Patna,Potato,1600.15
2025-10-27,Bihar,Patna,Patna,Potato,1406.11
2025-10-28,Bihar,Patna,Patna,Potato,1457.44
2025-10-29,Bihar,Patna,Patna,Potato,1474.45
2025-10-30,Bihar,Patna,Patna,Potato,1620.27
2025-10-31,Bihar,Patna,Patna,Potato,1689.4
2025-11-01,Bihar,Patna,Patna,Potato,1683.61
2025-11-02,Bihar,Patna,Patna,Potato,1518.08
2025-11-03,Bihar,Patna,Patna,Potato,1659.28
2025-11-04,Bihar,Patna,Patna,Potato,1539.59
2025-11-05,Bihar,Patna,Patna,Potato,1539.24
2025-11-06,Bihar,Patna,Patna,Potato,1722.97
2025-11-07,Bihar,Patna,Patna,Potato,1951.08
2025-11-08,Bihar,Patna,Patna,Potato,1713.78
2025-11-09,Bihar,Patna,Patna,Potato,1565.93
2025-11-10,Bihar,Patna,Patna,Potato,1398.24
2025-11-11,Bihar,Patna,Patna,Potato,1560.61
2025-11-12,Bihar,Patna,Patna,Potato,1680.24
2025-11-13,Bihar,Patna,Patna,Potato,1674.81
2025-11-14,Bihar,Patna,Patna,Potato,1538.44
2025-11-15,Bihar,Patna,Patna,Potato,1599.19
2025-11-16,Bihar,Patna,Patna,Potato,1798.19
2025-11-17,Bihar,Patna,Patna,Potato,1750.31
2025-11-18,Bihar,Patna,Patna,Potato,1510.67
2025-11-19,Bihar,Patna,Patna,Potato,1759.35
2025-11-20,Bihar,Patna,Patna,Potato,1605.8
2025-11-21,Bihar,Patna,Patna,Potato,1944.91
2025-11-22,Bihar,Patna,Patna,Potato,1759.17
2025-11-23,Bihar,Patna,Patna,Potato,1770.59
2025-11-24,Bihar,Patna,Patna,Potato,1424.15
2025-11-25,Bihar,Patna,Patna,Potato,1716.86
2025-11-26,Bihar,Patna,Patna,Potato,1709.32
2025-11-27,Bihar,Patna,Patna,Potato,1888.02
2025-11-28,Bihar,Patna,Patna,Potato,1918.57
2025-11-29,Bihar,Patna,Patna,Potato,1769.39
2025-11-30,Bihar,Patna,Patna,Potato,1619.91
2025-12-01,Bihar,Patna,Patna,Potato,1738.72
2025-12-02,Bihar,Patna,Patna,Potato,1662.99
2025-12-03,Bihar,Patna,Patna,Potato,1636.27
2025-12-04,Bihar,Patna,Patna,Potato,1698.92
2025-12-05,Bihar,Patna,Patna,Potato,1647.82
2025-12-06,Bihar,Patna,Patna,Potato,1731.32
2025-12-07,Bihar,Patna,Patna,Potato,1857.12
2025-12-08,Bihar,Patna,Patna,Potato,1702.04
2025-12-09,Bihar,Patna,Patna,Potato,1639.84
2025-12-10,Bihar,Patna,Patna,Potato,1877.46
2025-12-11,Bihar,Patna,Patna,Potato,1744.16
2025-12-12,Bihar,Patna,Patna,Potato,1887.18
2025-12-13,Bihar,Patna,Patna,Potato,1808.54
2025-12-14,Bihar,Patna,Patna,Potato,1854.79
2025-12-15,Bihar,Patna,Patna,Potato,1525.81
2025-12-16,Bihar,Patna,Patna,Potato,1634.21
2025-12-17,Bihar,Patna,Patna,Potato,1605.59
2025-12-18,Bihar,Patna,Patna,Potato,1855.61
2025-12-19,Bihar,Patna,Patna,Potato,2075.31
2025-12-20,Bihar,Patna,Patna,Potato,1803.05
2025-12-21,Bihar,Patna,Patna,Potato,1730.87
2025-12-22,Bihar,Patna,Patna,Potato,1857.32
2025-12-23,Bihar,Patna,Patna,Potato,1906.1
2025-12-24,Bihar,Patna,Patna,Potato,1839.52
2025-12-25,Bihar,Patna,Patna,Potato,2021.44
2025-12-26,Bihar,Patna,Patna,Potato,1805.4
2025-12-27,Bihar,Patna,Patna,Potato,2091.82
2025-12-28,Bihar,Patna,Patna,Potato,2107.68
2025-12-29,Bihar,Patna,Patna,Potato,1851.83
2025-12-30,Bihar,Patna,Patna,Potato,1545.94
2025-12-31,Bihar,Patna,Patna,Potato,1815.32
2026-01-01,Bihar,Patna,Patna,Potato,2053.14
2026-01-02,Bihar,Patna,Patna,Potato,1933.93
2026-01-03,Bihar,Patna,Patna,Potato,2120.31
2026-01-04,Bihar,Patna,Patna,Potato,1946.58
2026-01-05,Bihar,Patna,Patna,Potato,1732.97
2026-01-06,Bihar,Patna,Patna,Potato,1851.06
2026-01-07,Bihar,Patna,Patna,Potato,1806.9
2026-01-08,Bihar,Patna,Patna,Potato,1982.86
2026-01-09,Bihar,Patna,Patna,Potato,1954.0
2026-01-10,Bihar,Patna,Patna,Potato,2149.38
2026-01-11,Bihar,Patna,Patna,Potato,2189.51
2026-01-12,Bihar,Patna,Patna,Potato,1673.19
2026-01-13,Bihar,Patna,Patna,Potato,1629.98
2026-01-14,Bihar,Patna,Patna,Potato,1931.85
2026-01-15,Bihar,Patna,Patna,Potato,1830.34
2026-01-16,Bihar,Patna,Patna,Potato,2079.39
2026-01-17,Bihar,Patna,Patna,Potato,2130.84
2026-01-18,Bihar,Patna,Patna,Potato,2147.24
2026-01-19,Bihar,Patna,Patna,Potato,1921.94
2026-01-20,Bihar,Patna,Patna,Potato,1893.59
2026-01-21,Bihar,Patna,Patna,Potato,1725.52
2026-01-22,Bihar,Patna,Patna,Potato,2090.46
2026-01-23,Bihar,Patna,Patna,Potato,2122.03
2026-01-24,Bihar,Patna,Patna,Potato,2154.56
2026-01-25,Bihar,Patna,Patna,Potato,1881.59
2026-01-26,Bihar,Patna,Patna,Potato,1871.13
2026-01-27,Bihar,Patna,Patna,Potato,1752.18
2026-01-28,Bihar,Patna,Patna,Potato,1711.92
2026-01-29,Bihar,Patna,Patna,Potato,1959.07
2026-01-30,Bihar,Patna,Patna,Potato,1912.62
2026-01-31,Bihar,Patna,Patna,Potato,2147.91
2026-02-01,Bihar,Patna,Patna,Potato,1941.08
2026-02-02,Bihar,Patna,Patna,Potato,1889.11
2026-02-03,Bihar,Patna,Patna,Potato,1850.66
2026-02-04,Bihar,Patna,Patna,Potato,1604.13
2026-02-05,Bihar,Patna,Patna,Potato,2387.21
2026-02-06,Bihar,Patna,Patna,Potato,2031.28
2026-02-07,Bihar,Patna,Patna,Potato,2071.05
2026-02-08,Bihar,Patna,Patna,Potato,1838.12
2026-02-09,Bihar,Patna,Patna,Potato,2129.96
2026-02-10,Bihar,Patna,Patna,Potato,2039.11
2026-02-11,Bihar,Patna,Patna,Potato,1983.62
2026-02-12,Bihar,Patna,Patna,Potato,2132.08
2026-02-13,Bihar,Patna,Patna,Potato,2477.65
2026-02-14,Bihar,Patna,Patna,Potato,2153.32
2026-02-15,Bihar,Patna,Patna,Potato,2050.17
2026-02-16,Bihar,Patna,Patna,Potato,1889.81
2026-02-17,Bihar,Patna,Patna,Potato,1776.05
2026-02-18,Bihar,Patna,Patna,Potato,2111.04
2026-02-19,Bihar,Patna,Patna,Potato,2273.2
2026-02-20,Bihar,Patna,Patna,Potato,2420.31
2026-02-21,Bihar,Patna,Patna,Potato,1848.09
2026-02-22,Bihar,Patna,Patna,Potato,1938.18
2026-02-23,Bihar,Patna,Patna,Potato,1965.94
2026-02-24,Bihar,Patna,Patna,Potato,2073.07
2026-02-25,Bihar,Patna,Patna,Potato,2139.59
2026-02-26,Bihar,Patna,Patna,Potato,2230.54
2026-02-27,Bihar,Patna,Patna,Potato,2339.2
2026-02-28,Bihar,Patna,Patna,Potato,2078.73
2026-03-01,Bihar,Patna,Patna,Potato,2267.21
2026-03-02,Bihar,Patna,Patna,Potato,2135.18
2026-03-03,Bihar,Patna,Patna,Potato,2049.46
2026-03-04,Bihar,Patna,Patna,Potato,2429.62
2026-03-05,Bihar,Patna,Patna,Potato,2521.03
2026-03-06,Bihar,Patna,Patna,Potato,2447.61
2026-03-07,Bihar,Patna,Patna,Potato,1767.68
2026-03-08,Bihar,Patna,Patna,Potato,2386.33
2026-03-09,Bihar,Patna,Patna,Potato,2208.39
2026-03-10,Bihar,Patna,Patna,Potato,2412.95
2026-03-11,Bihar,Patna,Patna,Potato,2395.39
2026-03-12,Bihar,Patna,Patna,Potato,2546.57
2026-03-13,Bihar,Patna,Patna,Potato,2459.56
2026-03-14,Bihar,Patna,Patna,Potato,2473.01
2026-03-15,Bihar,Patna,Patna,Potato,2468.26
2026-03-16,Bihar,Patna,Patna,Potato,2140.06
2026-03-17,Bihar,Patna,Patna,Potato,1896.92
2026-03-18,Bihar,Patna,Patna,Potato,2172.45
2026-03-19,Bihar,Patna,Patna,Potato,2372.07
2026-03-20,Bihar,Patna,Patna,Potato,2344.66
2026-03-21,Bihar,Patna,Patna,Potato,2075.64
2026-03-22,Bihar,Patna,Patna,Potato,1930.34
2026-03-23,Bihar,Patna,Patna,Potato,2010.39
2026-03-24,Bihar,Patna,Patna,Potato,2264.57
2026-03-25,Bihar,Patna,Patna,Potato,2478.92
2026-03-26,Bihar,Patna,Patna,Potato,2469.54
2026-03-27,Bihar,Patna,Patna,Potato,2517.0
2026-03-28,Bihar,Patna,Patna,Potato,2271.36
2026-03-29,Bihar,Patna,Patna,Potato,1921.48
2026-03-30,Bihar,Patna,Patna,Potato,2060.94
2026-03-31,Bihar,Patna,Patna,Potato,2112.29
2026-04-01,Bihar,Patna,Patna,Potato,2161.68
2026-04-02,Bihar,Patna,Patna,Potato,2336.84
2026-04-03,Bihar,Patna,Patna,Potato,2422.86
2026-04-04,Bihar,Patna,Patna,Potato,2426.95
2026-04-05,Bihar,Patna,Patna,Potato,2150.71
2026-04-06,Bihar,Patna,Patna,Potato,1848.86
2026-04-07,Bihar,Patna,Patna,Potato,2082.23
2026-04-08,Bihar,Patna,Patna,Potato,2249.83
2026-04-09,Bihar,Patna,Patna,Potato,2530.3
2026-04-10,Bihar,Patna,Patna,Potato,2259.0
2026-04-11,Bihar,Patna,Patna,Potato,2374.0
2026-04-12,Bihar,Patna,Patna,Potato,2238.89
2026-04-13,Bihar,Patna,Patna,Potato,2140.01
2026-04-14,Bihar,Patna,Patna,Potato,2295.18
2026-04-15,Bihar,Patna,Patna,Potato,2138.38
2026-04-16,Bihar,Patna,Patna,Potato,2235.48
2026-04-17,Bihar,Patna,Patna,Potato,2348.37
2026-04-18,Bihar,Patna,Patna,Potato,2186.47
2026-04-19,Bihar,Patna,Patna,Potato,2269.05
2026-04-20,Bihar,Patna,Patna,Potato,2023.45
2026-04-21,Bihar,Patna,Patna,Potato,2184.6
2026-04-22,Bihar,Patna,Patna,Potato,2221.36
2026-04-23,Bihar,Patna,Patna,Potato,2358.35
2026-04-24,Bihar,Patna,Patna,Potato,2268.36
2026-04-25,Bihar,Patna,Patna,Potato,2227.91
2026-04-26,Bihar,Patna,Patna,Potato,2198.57
2026-04-27,Bihar,Patna,Patna,Potato,2152.2
2026-04-28,Bihar,Patna,Patna,Potato,2141.68
2026-04-29,Bihar,Patna,Patna,Potato,2493.88
2026-04-30,Bihar,Patna,Patna,Potato,2152.89
2026-05-01,Bihar,Patna,Patna,Potato,2322.54
2026-05-02,Bihar,Patna,Patna,Potato,2020.86
2026-05-03,Bihar,Patna,Patna,Potato,2229.35
2026-05-04,Bihar,Patna,Patna,Potato,1946.05
2026-05-05,Bihar,Patna,Patna,Potato,2088.82
2026-05-06,Bihar,Patna,Patna,Potato,2157.21
2026-05-07,Bihar,Patna,Patna,Potato,2344.44
2026-05-08,Bihar,Patna,Patna,Potato,2228.54
2026-05-09,Bihar,Patna,Patna,Potato,2162.08
2026-05-10,Bihar,Patna,Patna,Potato,2374.84
2026-05-11,Bihar,Patna,Patna,Potato,2137.69
2026-05-12,Bihar,Patna,Patna,Potato,2031.73
2026-05-13,Bihar,Patna,Patna,Potato,2159.62
2026-05-14,Bihar,Patna,Patna,Potato,2544.14
2026-05-15,Bihar,Patna,Patna,Potato,2261.86
2026-05-16,Bihar,Patna,Patna,Potato,2129.57
2026-05-17,Bihar,Patna,Patna,Potato,2037.11
2026-05-18,Bihar,Patna,Patna,Potato,1997.88
2026-05-19,Bihar,Patna,Patna,Potato,2008.74
2026-05-20,Bihar,Patna,Patna,Potato,1983.06
2026-05-21,Bihar,Patna,Patna,Potato,2082.22
2026-05-22,Bihar,Patna,Patna,Potato,2145.51
2026-05-23,Bihar,Patna,Patna,Potato,2307.42
2026-05-24,Bihar,Patna,Patna,Potato,2061.82
2026-05-25,Bihar,Patna,Patna,Potato,2026.76
2026-05-26,Bihar,Patna,Patna,Potato,2258.58
2026-05-27,Bihar,Patna,Patna,Potato,2350.44
2026-05-28,Bihar,Patna,Patna,Potato,2191.51
2026-05-29,Bihar,Patna,Patna,Potato,2153.21
2026-05-30,Bihar,Patna,Patna,Potato,2058.3
2026-05-31,Bihar,Patna,Patna,Potato,2195.79
2026-06-01,Bihar,Patna,Patna,Potato,2003.65
2026-06-02,Bihar,Patna,Patna,Potato,1994.32
2026-06-03,Bihar,Patna,Patna,Potato,2008.06
2026-06-04,Bihar,Patna,Patna,Potato,2089.57
2026-06-05,Bihar,Patna,Patna,Potato,2274.83
2026-06-06,Bihar,Patna,Patna,Potato,1964.32
2026-06-07,Bihar,Patna,Patna,Potato,2211.75
2026-06-08,Bihar,Patna,Patna,Potato,1931.74
2026-06-09,Bihar,Patna,Patna,Potato,2001.99
2026-06-10,Bihar,Patna,Patna,Potato,1904.71
2026-06-11,Bihar,Patna,Patna,Potato,2177.32
2026-06-12,Bihar,Patna,Patna,Potato,2144.61
2026-06-13,Bihar,Patna,Patna,Potato,2126.65
2026-06-14,Bihar,Patna,Patna,Potato,2249.43
2026-06-15,Bihar,Patna,Patna,Potato,2003.49
2026-06-16,Bihar,Patna,Patna,Potato,1883.85
2026-06-17,Bihar,Patna,Patna,Potato,1968.48
2026-06-18,Bihar,Patna,Patna,Potato,2237.57
2026-06-19,Bihar,Patna,Patna,Potato,2360.11
2026-06-20,Bihar,Patna,Patna,Potato,2144.62
2026-06-21,Bihar,Patna,Patna,Potato,2106.34
2026-06-22,Bihar,Patna,Patna,Potato,2032.88
2026-06-23,Bihar,Patna,Patna,Potato,2160.36
2026-06-24,Bihar,Patna,Patna,Potato,1762.12
2026-06-25,Bihar,Patna,Patna,Potato,2214.5
2026-06-26,Bihar,Patna,Patna,Potato,2277.32
2026-06-27,Bihar,Patna,Patna,Potato,1876.94
2026-06-28,Bihar,Patna,Patna,Potato,1855.95
2026-06-29,Bihar,Patna,Patna,Potato,1805.25
2026-06-30,Bihar,Patna,Patna,Potato,1835.97
2026-07-01,Bihar,Patna,Patna,Potato,1941.06
2026-07-02,Bihar,Patna,Patna,Potato,2117.93
2026-07-03,Bihar,Patna,Patna,Potato,2224.19
2026-07-04,Bihar,Patna,Patna,Potato,2192.62
2026-07-05,Bihar,Patna,Patna,Potato,1833.09
2026-07-06,Bihar,Patna,Patna,Potato,1777.38
2026-07-07,Bihar,Patna,Patna,Potato,2079.21
2026-07-08,Bihar,Patna,Patna,Potato,2066.22
2026-07-09,Bihar,Patna,Patna,Potato,2061.14
2026-07-10,Bihar,Patna,Patna,Potato,2131.88
2026-07-11,Bihar,Patna,Patna,Potato,2001.44
2026-07-12,Bihar,Patna,Patna,Potato,1986.36
2026-07-13,Bihar,Patna,Patna,Potato,1814.98
2026-07-14,Bihar,Patna,Patna,Potato,1908.47
2026-07-15,Bihar,Patna,Patna,Potato,1739.27
2026-07-16,Bihar,Patna,Patna,Potato,1919.22
2026-07-17,Bihar,Patna,Patna,Potato,1934.11
2026-07-18,Bihar,Patna,Patna,Potato,1921.69
2026-07-19,Bihar,Patna,Patna,Potato,1763.0
2026-07-20,Bihar,Patna,Patna,Potato,1760.63
2026-07-21,Bihar,Patna,Patna,Potato,1647.88
2026-07-22,Bihar,Patna,Patna,Potato,1987.42
2026-07-23,Bihar,Patna,Patna,Potato,1972.76
2026-07-24,Bihar,Patna,Patna,Potato,1759.63
2026-07-25,Bihar,Patna,Patna,Potato,1828.73
2026-07-26,Bihar,Patna,Patna,Potato,1899.31
2026-07-27,Bihar,Patna,Patna,Potato,1731.84
2026-07-28,Bihar,Patna,Patna,Potato,1726.0
2026-07-29,Bihar,Patna,Patna,Potato,1874.36
2026-07-30,Bihar,Patna,Patna,Potato,2000.57
2026-07-31,Bihar,Patna,Patna,Potato,1769.65
2026-08-01,Bihar,Patna,Patna,Potato,1986.25
2026-08-02,Bihar,Patna,Patna,Potato,1725.1
2026-08-03,Bihar,Patna,Patna,Potato,1770.96
2026-08-04,Bihar,Patna,Patna,Potato,1783.0
2026-08-05,Bihar,Patna,Patna,Potato,1787.8
2026-08-06,Bihar,Patna,Patna,Potato,1786.96
2026-08-07,Bihar,Patna,Patna,Potato,1900.05
2026-08-08,Bihar,Patna,Patna,Potato,2099.48
2026-08-09,Bihar,Patna,Patna,Potato,1629.68
2026-08-10,Bihar,Patna,Patna,Potato,1955.22
2026-08-11,Bihar,Patna,Patna,Potato,1730.41
2026-08-12,Bihar,Patna,Patna,Potato,1835.18
2026-08-13,Bihar,Patna,Patna,Potato,1754.2
2026-08-14,Bihar,Patna,Patna,Potato,1809.44
2026-08-15,Bihar,Patna,Patna,Potato,1794.48
2026-08-16,Bihar,Patna,Patna,Potato,1647.64
2026-08-17,Bihar,Patna,Patna,Potato,1700.31
2026-08-18,Bihar,Patna,Patna,Potato,1690.45
2026-08-19,Bihar,Patna,Patna,Potato,2041.92
2026-08-20,Bihar,Patna,Patna,Potato,1722.19
2026-08-21,Bihar,Patna,Patna,Potato,1903.14
2026-08-22,Bihar,Patna,Patna,Potato,1869.74
2026-08-23,Bihar,Patna,Patna,Potato,1625.4
2026-08-24,Bihar,Patna,Patna,Potato,1787.84
2026-08-25,Bihar,Patna,Patna,Potato,1672.58
2026-08-26,Bihar,Patna,Patna,Potato,1475.99
2026-08-27,Bihar,Patna,Patna,Potato,1940.85
2026-08-28,Bihar,Patna,Patna,Potato,1723.61
2026-08-29,Bihar,Patna,Patna,Potato,1685.69
2026-08-30,Bihar,Patna,Patna,Potato,1823.34
2026-08-31,Bihar,Patna,Patna,Potato,1648.27
2025-01-01,Bihar,Patna,Patna,Wheat,2458.4
2025-01-02,Bihar,Patna,Patna,Wheat,2611.27
2025-01-03,Bihar,Patna,Patna,Wheat,2326.81
2025-01-04,Bihar,Patna,Patna,Wheat,2513.09
2025-01-05,Bihar,Patna,Patna,Wheat,2165.5
2025-01-06,Bihar,Patna,Patna,Wheat,2578.16
2025-01-07,Bihar,Patna,Patna,Wheat,2149.19
2025-01-08,Bihar,Patna,Patna,Wheat,2526.74
2025-01-09,Bihar,Patna,Patna,Wheat,2601.69
2025-01-10,Bihar,Patna,Patna,Wheat,2541.5
2025-01-11,Bihar,Patna,Patna,Wheat,2315.2
2025-01-12,Bihar,Patna,Patna,Wheat,2307.92
2025-01-13,Bihar,Patna,Patna,Wheat,1931.63
2025-01-14,Bihar,Patna,Patna,Wheat,2340.22
2025-01-15,Bihar,Patna,Patna,Wheat,2463.27
2025-01-16,Bihar,Patna,Patna,Wheat,2528.74
2025-01-17,Bihar,Patna,Patna,Wheat,2007.82
2025-01-18,Bihar,Patna,Patna,Wheat,2257.45
2025-01-19,Bihar,Patna,Patna,Wheat,2253.6
2025-01-20,Bihar,Patna,Patna,Wheat,2365.94
2025-01-21,Bihar,Patna,Patna,Wheat,2395.97
2025-01-22,Bihar,Patna,Patna,Wheat,2421.23
2025-01-23,Bihar,Patna,Patna,Wheat,2666.45
2025-01-24,Bihar,Patna,Patna,Wheat,2397.8
2025-01-25,Bihar,Patna,Patna,Wheat,2631.05
2025-01-26,Bihar,Patna,Patna,Wheat,2502.82
2025-01-27,Bihar,Patna,Patna,Wheat,2423.74
2025-01-28,Bihar,Patna,Patna,Wheat,2360.85
2025-01-29,Bihar,Patna,Patna,Wheat,2814.55
2025-01-30,Bihar,Patna,Patna,Wheat,2688.5
2025-01-31,Bihar,Patna,Patna,Wheat,2451.13
2025-02-01,Bihar,Patna,Patna,Wheat,2612.38
2025-02-02,Bihar,Patna,Patna,Wheat,2594.43
2025-02-03,Bihar,Patna,Patna,Wheat,2303.26
2025-02-04,Bihar,Patna,Patna,Wheat,2617.69
2025-02-05,Bihar,Patna,Patna,Wheat,2604.91
2025-02-06,Bihar,Patna,Patna,Wheat,2209.03
2025-02-07,Bihar,Patna,Patna,Wheat,2728.96
2025-02-08,Bihar,Patna,Patna,Wheat,2535.6
2025-02-09,Bihar,Patna,Patna,Wheat,2598.65
2025-02-10,Bihar,Patna,Patna,Wheat,2601.84
2025-02-11,Bihar,Patna,Patna,Wheat,2504.37
2025-02-12,Bihar,Patna,Patna,Wheat,2876.93
2025-02-13,Bihar,Patna,Patna,Wheat,2649.35
2025-02-14,Bihar,Patna,Patna,Wheat,2832.1
2025-02-15,Bihar,Patna,Patna,Wheat,2798.06
2025-02-16,Bihar,Patna,Patna,Wheat,2524.08
2025-02-17,Bihar,Patna,Patna,Wheat,2610.96
2025-02-18,Bihar,Patna,Patna,Wheat,2401.65
2025-02-19,Bihar,Patna,Patna,Wheat,2535.59
2025-02-20,Bihar,Patna,Patna,Wheat,2470.2
2025-02-21,Bihar,Patna,Patna,Wheat,2796.92
2025-02-22,Bihar,Patna,Patna,Wheat,2745.45
2025-02-23,Bihar,Patna,Patna,Wheat,2787.45
2025-02-24,Bihar,Patna,Patna,Wheat,2646.95
2025-02-25,Bihar,Patna,Patna,Wheat,2487.24
2025-02-26,Bihar,Patna,Patna,Wheat,2427.32
2025-02-27,Bihar,Patna,Patna,Wheat,2836.84
2025-02-28,Bihar,Patna,Patna,Wheat,2999.88
2025-03-01,Bihar,Patna,Patna,Wheat,2859.48
2025-03-02,Bihar,Patna,Patna,Wheat,2802.28
2025-03-03,Bihar,Patna,Patna,Wheat,2498.72
2025-03-04,Bihar,Patna,Patna,Wheat,2482.02
2025-03-05,Bihar,Patna,Patna,Wheat,2536.09
2025-03-06,Bihar,Patna,Patna,Wheat,2771.53
2025-03-07,Bihar,Patna,Patna,Wheat,2796.6
2025-03-08,Bihar,Patna,Patna,Wheat,2782.83
2025-03-09,Bihar,Patna,Patna,Wheat,2606.22
2025-03-10,Bihar,Patna,Patna,Wheat,2536.53
2025-03-11,Bihar,Patna,Patna,Wheat,2448.8
2025-03-12,Bihar,Patna,Patna,Wheat,2875.94
2025-03-13,Bihar,Patna,Patna,Wheat,2821.78
2025-03-14,Bihar,Patna,Patna,Wheat,2801.3
2025-03-15,Bihar,Patna,Patna,Wheat,2621.01
2025-03-16,Bihar,Patna,Patna,Wheat,2403.8
2025-03-17,Bihar,Patna,Patna,Wheat,2816.43
2025-03-18,Bihar,Patna,Patna,Wheat,2710.13
2025-03-19,Bihar,Patna,Patna,Wheat,2408.54
2025-03-20,Bihar,Patna,Patna,Wheat,2977.1
2025-03-21,Bihar,Patna,Patna,Wheat,3039.1
2025-03-22,Bihar,Patna,Patna,Wheat,2807.56
2025-03-23,Bihar,Patna,Patna,Wheat,2965.5
2025-03-24,Bihar,Patna,Patna,Wheat,2634.61
2025-03-25,Bihar,Patna,Patna,Wheat,2363.18
2025-03-26,Bihar,Patna,Patna,Wheat,2801.66
2025-03-27,Bihar,Patna,Patna,Wheat,2889.01
2025-03-28,Bihar,Patna,Patna,Wheat,2747.19
2025-03-29,Bihar,Patna,Patna,Wheat,2908.05
2025-03-30,Bihar,Patna,Patna,Wheat,2365.7
2025-03-31,Bihar,Patna,Patna,Wheat,2786.13
2025-04-01,Bihar,Patna,Patna,Wheat,2471.14
2025-04-02,Bihar,Patna,Patna,Wheat,2552.12
2025-04-03,Bihar,Patna,Patna,Wheat,2826.5
2025-04-04,Bihar,Patna,Patna,Wheat,2963.69
2025-04-05,Bihar,Patna,Patna,Wheat,2835.18
2025-04-06,Bihar,Patna,Patna,Wheat,2544.99
2025-04-07,Bihar,Patna,Patna,Wheat,2518.28
2025-04-08,Bihar,Patna,Patna,Wheat,2428.43
2025-04-09,Bihar,Patna,Patna,Wheat,2702.03
2025-04-10,Bihar,Patna,Patna,Wheat,3067.35
2025-04-11,Bihar,Patna,Patna,Wheat,2878.39
2025-04-12,Bihar,Patna,Patna,Wheat,2973.67
2025-04-13,Bihar,Patna,Patna,Wheat,2959.26
2025-04-14,Bihar,Patna,Patna,Wheat,2503.66
2025-04-15,Bihar,Patna,Patna,Wheat,2602.85
2025-04-16,Bihar,Patna,Patna,Wheat,3161.17
2025-04-17,Bihar,Patna,Patna,Wheat,3139.01
2025-04-18,Bihar,Patna,Patna,Wheat,2539.8
2025-04-19,Bihar,Patna,Patna,Wheat,2877.48
2025-04-20,Bihar,Patna,Patna,Wheat,2681.82
2025-04-21,Bihar,Patna,Patna,Wheat,2757.42
2025-04-22,Bihar,Patna,Patna,Wheat,2494.77
2025-04-23,Bihar,Patna,Patna,Wheat,2576.99
2025-04-24,Bihar,Patna,Patna,Wheat,2709.02
2025-04-25,Bihar,Patna,Patna,Wheat,2753.7
2025-04-26,Bihar,Patna,Patna,Wheat,2952.43
2025-04-27,Bihar,Patna,Patna,Wheat,2451.85
2025-04-28,Bihar,Patna,Patna,Wheat,2484.13
2025-04-29,Bihar,Patna,Patna,Wheat,2293.61
2025-04-30,Bihar,Patna,Patna,Wheat,2918.97
2025-05-01,Bihar,Patna,Patna,Wheat,3083.17
2025-05-02,Bihar,Patna,Patna,Wheat,2790.01
2025-05-03,Bihar,Patna,Patna,Wheat,2721.53
2025-05-04,Bihar,Patna,Patna,Wheat,2743.61
2025-05-05,Bihar,Patna,Patna,Wheat,2850.1
2025-05-06,Bihar,Patna,Patna,Wheat,2681.89
2025-05-07,Bihar,Patna,Patna,Wheat,2578.47
2025-05-08,Bihar,Patna,Patna,Wheat,2495.17
2025-05-09,Bihar,Patna,Patna,Wheat,2615.85
2025-05-10,Bihar,Patna,Patna,Wheat,2775.41
2025-05-11,Bihar,Patna,Patna,Wheat,2519.99
2025-05-12,Bihar,Patna,Patna,Wheat,2600.28
2025-05-13,Bihar,Patna,Patna,Wheat,2488.16
2025-05-14,Bihar,Patna,Patna,Wheat,2491.19
2025-05-15,Bihar,Patna,Patna,Wheat,2562.2
2025-05-16,Bihar,Patna,Patna,Wheat,3122.54
2025-05-17,Bihar,Patna,Patna,Wheat,2909.04
2025-05-18,Bihar,Patna,Patna,Wheat,2936.14
2025-05-19,Bihar,Patna,Patna,Wheat,2639.2
2025-05-20,Bihar,Patna,Patna,Wheat,2488.16
2025-05-21,Bihar,Patna,Patna,Wheat,2912.98
2025-05-22,Bihar,Patna,Patna,Wheat,2759.88
2025-05-23,Bihar,Patna,Patna,Wheat,2831.02
2025-05-24,Bihar,Patna,Patna,Wheat,2703.84
2025-05-25,Bihar,Patna,Patna,Wheat,2058.0
2025-05-26,Bihar,Patna,Patna,Wheat,2800.05
2025-05-27,Bihar,Patna,Patna,Wheat,2626.09
2025-05-28,Bihar,Patna,Patna,Wheat,2698.79
2025-05-29,Bihar,Patna,Patna,Wheat,2724.72
2025-05-30,Bihar,Patna,Patna,Wheat,2788.96
2025-05-31,Bihar,Patna,Patna,Wheat,2569.65
2025-06-01,Bihar,Patna,Patna,Wheat,2674.15
2025-06-02,Bihar,Patna,Patna,Wheat,2260.63
2025-06-03,Bihar,Patna,Patna,Wheat,2541.82
2025-06-04,Bihar,Patna,Patna,Wheat,2709.03
2025-06-05,Bihar,Patna,Patna,Wheat,2665.97
2025-06-06,Bihar,Patna,Patna,Wheat,2794.41
2025-06-07,Bihar,Patna,Patna,Wheat,2464.74
2025-06-08,Bihar,Patna,Patna,Wheat,2360.16
2025-06-09,Bihar,Patna,Patna,Wheat,2497.34
2025-06-10,Bihar,Patna,Patna,Wheat,2594.45
2025-06-11,Bihar,Patna,Patna,Wheat,2234.94
2025-06-12,Bihar,Patna,Patna,Wheat,2765.38
2025-06-13,Bihar,Patna,Patna,Wheat,2585.16
2025-06-14,Bihar,Patna,Patna,Wheat,2577.53
2025-06-15,Bihar,Patna,Patna,Wheat,2262.67
2025-06-16,Bihar,Patna,Patna,Wheat,2278.37
2025-06-17,Bihar,Patna,Patna,Wheat,2607.53
2025-06-18,Bihar,Patna,Patna,Wheat,2542.29
2025-06-19,Bihar,Patna,Patna,Wheat,2559.63
2025-06-20,Bihar,Patna,Patna,Wheat,2627.36
2025-06-21,Bihar,Patna,Patna,Wheat,2663.34
2025-06-22,Bihar,Patna,Patna,Wheat,2536.41
2025-06-23,Bihar,Patna,Patna,Wheat,2374.82
2025-06-24,Bihar,Patna,Patna,Wheat,2590.48
2025-06-25,Bihar,Patna,Patna,Wheat,2668.58
2025-06-26,Bihar,Patna,Patna,Wheat,2665.81
2025-06-27,Bihar,Patna,Patna,Wheat,2619.14
2025-06-28,Bihar,Patna,Patna,Wheat,2652.95
2025-06-29,Bihar,Patna,Patna,Wheat,2476.46
2025-06-30,Bihar,Patna,Patna,Wheat,2525.47
2025-07-01,Bihar,Patna,Patna,Wheat,2518.66
2025-07-02,Bihar,Patna,Patna,Wheat,2284.95
2025-07-03,Bihar,Patna,Patna,Wheat,2356.84
2025-07-04,Bihar,Patna,Patna,Wheat,2442.55
2025-07-05,Bihar,Patna,Patna,Wheat,2667.31
2025-07-06,Bihar,Patna,Patna,Wheat,2122.07
2025-07-07,Bihar,Patna,Patna,Wheat,2377.98
2025-07-08,Bihar,Patna,Patna,Wheat,2391.39
2025-07-09,Bihar,Patna,Patna,Wheat,2618.64
2025-07-10,Bihar,Patna,Patna,Wheat,2542.18
2025-07-11,Bihar,Patna,Patna,Wheat,2290.33
2025-07-12,Bihar,Patna,Patna,Wheat,2292.19
2025-07-13,Bihar,Patna,Patna,Wheat,2153.26
2025-07-14,Bihar,Patna,Patna,Wheat,2191.62
2025-07-15,Bihar,Patna,Patna,Wheat,2265.86
2025-07-16,Bihar,Patna,Patna,Wheat,2188.77
2025-07-17,Bihar,Patna,Patna,Wheat,2725.08
2025-07-18,Bihar,Patna,Patna,Wheat,2257.22
2025-07-19,Bihar,Patna,Patna,Wheat,2646.26
2025-07-20,Bihar,Patna,Patna,Wheat,2502.14
2025-07-21,Bihar,Patna,Patna,Wheat,2382.47
2025-07-22,Bihar,Patna,Patna,Wheat,2149.48
2025-07-23,Bihar,Patna,Patna,Wheat,2402.1
2025-07-24,Bihar,Patna,Patna,Wheat,2214.68
2025-07-25,Bihar,Patna,Patna,Wheat,2605.5
2025-07-26,Bihar,Patna,Patna,Wheat,2368.56
2025-07-27,Bihar,Patna,Patna,Wheat,2209.62
2025-07-28,Bihar,Patna,Patna,Wheat,2018.02
2025-07-29,Bihar,Patna,Patna,Wheat,1838.85
2025-07-30,Bihar,Patna,Patna,Wheat,2142.26
2025-07-31,Bihar,Patna,Patna,Wheat,2581.99
2025-08-01,Bihar,Patna,Patna,Wheat,2344.51
2025-08-02,Bihar,Patna,Patna,Wheat,2317.58
2025-08-03,Bihar,Patna,Patna,Wheat,2343.95
2025-08-04,Bihar,Patna,Patna,Wheat,2449.52
2025-08-05,Bihar,Patna,Patna,Wheat,2395.57
2025-08-06,Bihar,Patna,Patna,Wheat,2121.85
2025-08-07,Bihar,Patna,Patna,Wheat,2040.04
2025-08-08,Bihar,Patna,Patna,Wheat,2771.16
2025-08-09,Bihar,Patna,Patna,Wheat,2679.74
2025-08-10,Bihar,Patna,Patna,Wheat,2239.14
2025-08-11,Bihar,Patna,Patna,Wheat,1954.04
2025-08-12,Bihar,Patna,Patna,Wheat,2308.29
2025-08-13,Bihar,Patna,Patna,Wheat,2229.32
2025-08-14,Bihar,Patna,Patna,Wheat,2311.42
2025-08-15,Bihar,Patna,Patna,Wheat,2494.25
2025-08-16,Bihar,Patna,Patna,Wheat,2336.12
2025-08-17,Bihar,Patna,Patna,Wheat,2000.84
2025-08-18,Bihar,Patna,Patna,Wheat,2069.86
2025-08-19,Bihar,Patna,Patna,Wheat,2234.77
2025-08-20,Bihar,Patna,Patna,Wheat,2298.43
2025-08-21,Bihar,Patna,Patna,Wheat,2344.43
2025-08-22,Bihar,Patna,Patna,Wheat,2471.52
2025-08-23,Bihar,Patna,Patna,Wheat,2199.48
2025-08-24,Bihar,Patna,Patna,Wheat,2184.52
2025-08-25,Bihar,Patna,Patna,Wheat,1599.81
2025-08-26,Bihar,Patna,Patna,Wheat,2046.52
2025-08-27,Bihar,Patna,Patna,Wheat,2313.35
2025-08-28,Bihar,Patna,Patna,Wheat,2216.4
2025-08-29,Bihar,Patna,Patna,Wheat,2221.86
2025-08-30,Bihar,Patna,Patna,Wheat,2071.8
2025-08-31,Bihar,Patna,Patna,Wheat,2287.27
2025-09-01,Bihar,Patna,Patna,Wheat,2155.27
2025-09-02,Bihar,Patna,Patna,Wheat,2215.24
2025-09-03,Bihar,Patna,Patna,Wheat,1913.95
2025-09-04,Bihar,Patna,Patna,Wheat,2234.32
2025-09-05,Bihar,Patna,Patna,Wheat,2233.68
2025-09-06,Bihar,Patna,Patna,Wheat,2173.86
2025-09-07,Bihar,Patna,Patna,Wheat,2029.78
2025-09-08,Bihar,Patna,Patna,Wheat,2010.83
2025-09-09,Bihar,Patna,Patna,Wheat,2203.62
2025-09-10,Bihar,Patna,Patna,Wheat,1873.2
2025-09-11,Bihar,Patna,Patna,Wheat,2525.04
2025-09-12,Bihar,Patna,Patna,Wheat,2341.64
2025-09-13,Bihar,Patna,Patna,Wheat,2198.52
2025-09-14,Bihar,Patna,Patna,Wheat,2244.07
2025-09-15,Bihar,Patna,Patna,Wheat,1842.22
2025-09-16,Bihar,Patna,Patna,Wheat,1974.04
2025-09-17,Bihar,Patna,Patna,Wheat,2135.36
2025-09-18,Bihar,Patna,Patna,Wheat,2450.69
2025-09-19,Bihar,Patna,Patna,Wheat,2249.49
2025-09-20,Bihar,Patna,Patna,Wheat,2267.18
2025-09-21,Bihar,Patna,Patna,Wheat,2017.21
2025-09-22,Bihar,Patna,Patna,Wheat,2115.14
2025-09-23,Bihar,Patna,Patna,Wheat,2308.4
2025-09-24,Bihar,Patna,Patna,Wheat,2299.47
2025-09-25,Bihar,Patna,Patna,Wheat,2220.84
2025-09-26,Bihar,Patna,Patna,Wheat,2360.91
2025-09-27,Bihar,Patna,Patna,Wheat,2285.05
2025-09-28,Bihar,Patna,Patna,Wheat,2177.78
2025-09-29,Bihar,Patna,Patna,Wheat,2204.55
2025-09-30,Bihar,Patna,Patna,Wheat,2226.3
2025-10-01,Bihar,Patna,Patna,Wheat,2132.0
2025-10-02,Bihar,Patna,Patna,Wheat,2336.38
2025-10-03,Bihar,Patna,Patna,Wheat,2196.97
2025-10-04,Bihar,Patna,Patna,Wheat,2058.01
2025-10-05,Bihar,Patna,Patna,Wheat,2067.96
2025-10-06,Bihar,Patna,Patna,Wheat,2039.54
2025-10-07,Bihar,Patna,Patna,Wheat,1831.42
2025-10-08,Bihar,Patna,Patna,Wheat,2288.09
2025-10-09,Bihar,Patna,Patna,Wheat,1809.3
2025-10-10,Bihar,Patna,Patna,Wheat,2697.19
2025-10-11,Bihar,Patna,Patna,Wheat,2442.03
2025-10-12,Bihar,Patna,Patna,Wheat,2078.94
2025-10-13,Bihar,Patna,Patna,Wheat,2062.23
2025-10-14,Bihar,Patna,Patna,Wheat,2127.91
2025-10-15,Bihar,Patna,Patna,Wheat,2081.09
2025-10-16,Bihar,Patna,Patna,Wheat,2288.22
2025-10-17,Bihar,Patna,Patna,Wheat,2258.22
2025-10-18,Bihar,Patna,Patna,Wheat,2210.19
2025-10-19,Bihar,Patna,Patna,Wheat,2159.99
2025-10-20,Bihar,Patna,Patna,Wheat,1885.53
2025-10-21,Bihar,Patna,Patna,Wheat,2106.02
2025-10-22,Bihar,Patna,Patna,Wheat,2213.57
2025-10-23,Bihar,Patna,Patna,Wheat,2297.73
2025-10-24,Bihar,Patna,Patna,Wheat,2266.83
2025-10-25,Bihar,Patna,Patna,Wheat,2424.37
2025-10-26,Bihar,Patna,Patna,Wheat,2100.09
2025-10-27,Bihar,Patna,Patna,Wheat,2130.48
2025-10-28,Bihar,Patna,Patna,Wheat,2314.46
2025-10-29,Bihar,Patna,Patna,Wheat,2199.44
2025-10-30,Bihar,Patna,Patna,Wheat,2336.62
2025-10-31,Bihar,Patna,Patna,Wheat,2311.77
2025-11-01,Bihar,Patna,Patna,Wheat,2468.21
2025-11-02,Bihar,Patna,Patna,Wheat,2139.64
2025-11-03,Bihar,Patna,Patna,Wheat,2313.32
2025-11-04,Bihar,Patna,Patna,Wheat,2132.67
2025-11-05,Bihar,Patna,Patna,Wheat,2105.21
2025-11-06,Bihar,Patna,Patna,Wheat,2443.05
2025-11-07,Bihar,Patna,Patna,Wheat,2308.25
2025-11-08,Bihar,Patna,Patna,Wheat,2402.44
2025-11-09,Bihar,Patna,Patna,Wheat,1787.17
2025-11-10,Bihar,Patna,Patna,Wheat,2153.54
2025-11-11,Bihar,Patna,Patna,Wheat,2109.2
2025-11-12,Bihar,Patna,Patna,Wheat,2103.78
2025-11-13,Bihar,Patna,Patna,Wheat,2275.42
2025-11-14,Bihar,Patna,Patna,Wheat,2298.34
2025-11-15,Bihar,Patna,Patna,Wheat,2330.25
2025-11-16,Bihar,Patna,Patna,Wheat,2029.25
2025-11-17,Bihar,Patna,Patna,Wheat,2235.56
2025-11-18,Bihar,Patna,Patna,Wheat,2426.42
2025-11-19,Bihar,Patna,Patna,Wheat,2355.74
2025-11-20,Bihar,Patna,Patna,Wheat,2542.79
2025-11-21,Bihar,Patna,Patna,Wheat,2621.45
2025-11-22,Bihar,Patna,Patna,Wheat,2583.86
2025-11-23,Bihar,Patna,Patna,Wheat,2581.66
2025-11-24,Bihar,Patna,Patna,Wheat,2147.61
2025-11-25,Bihar,Patna,Patna,Wheat,2140.42
2025-11-26,Bihar,Patna,Patna,Wheat,2480.54
2025-11-27,Bihar,Patna,Patna,Wheat,2571.4
2025-11-28,Bihar,Patna,Patna,Wheat,2613.87
2025-11-29,Bihar,Patna,Patna,Wheat,2742.04
2025-11-30,Bihar,Patna,Patna,Wheat,2327.02
2025-12-01,Bihar,Patna,Patna,Wheat,2334.64
2025-12-02,Bihar,Patna,Patna,Wheat,2138.69
2025-12-03,Bihar,Patna,Patna,Wheat,2754.44
2025-12-04,Bihar,Patna,Patna,Wheat,2438.01
2025-12-05,Bihar,Patna,Patna,Wheat,2472.53
2025-12-06,Bihar,Patna,Patna,Wheat,2408.83
2025-12-07,Bihar,Patna,Patna,Wheat,2263.55
2025-12-08,Bihar,Patna,Patna,Wheat,2193.5
2025-12-09,Bihar,Patna,Patna,Wheat,2255.78
2025-12-10,Bihar,Patna,Patna,Wheat,2210.18
2025-12-11,Bihar,Patna,Patna,Wheat,2406.63
2025-12-12,Bihar,Patna,Patna,Wheat,2929.34
2025-12-13,Bihar,Patna,Patna,Wheat,2648.1
2025-12-14,Bihar,Patna,Patna,Wheat,2575.18
2025-12-15,Bihar,Patna,Patna,Wheat,2552.71
2025-12-16,Bihar,Patna,Patna,Wheat,2695.98
2025-12-17,Bihar,Patna,Patna,Wheat,2184.44
2025-12-18,Bihar,Patna,Patna,Wheat,2374.96
2025-12-19,Bihar,Patna,Patna,Wheat,2482.5
2025-12-20,Bihar,Patna,Patna,Wheat,2485.62
2025-12-21,Bihar,Patna,Patna,Wheat,2416.25
2025-12-22,Bihar,Patna,Patna,Wheat,2331.64
2025-12-23,Bihar,Patna,Patna,Wheat,2475.93
2025-12-24,Bihar,Patna,Patna,Wheat,2551.41
2025-12-25,Bihar,Patna,Patna,Wheat,2518.15
2025-12-26,Bihar,Patna,Patna,Wheat,2275.96
2025-12-27,Bihar,Patna,Patna,Wheat,2440.9
2025-12-28,Bihar,Patna,Patna,Wheat,2422.3
2025-12-29,Bihar,Patna,Patna,Wheat,2414.15
2025-12-30,Bihar,Patna,Patna,Wheat,2291.99
2025-12-31,Bihar,Patna,Patna,Wheat,2508.33
2026-01-01,Bihar,Patna,Patna,Wheat,2492.63
2026-01-02,Bihar,Patna,Patna,Wheat,2715.86
2026-01-03,Bihar,Patna,Patna,Wheat,2475.93
2026-01-04,Bihar,Patna,Patna,Wheat,2417.95
2026-01-05,Bihar,Patna,Patna,Wheat,2277.15
2026-01-06,Bihar,Patna,Patna,Wheat,2512.19
2026-01-07,Bihar,Patna,Patna,Wheat,2489.57
2026-01-08,Bihar,Patna,Patna,Wheat,2937.04
2026-01-09,Bihar,Patna,Patna,Wheat,2874.69
2026-01-10,Bihar,Patna,Patna,Wheat,2717.48
2026-01-11,Bihar,Patna,Patna,Wheat,2475.8
2026-01-12,Bihar,Patna,Patna,Wheat,2624.88
2026-01-13,Bihar,Patna,Patna,Wheat,2715.11
2026-01-14,Bihar,Patna,Patna,Wheat,2729.68
2026-01-15,Bihar,Patna,Patna,Wheat,3132.16
2026-01-16,Bihar,Patna,Patna,Wheat,2941.64
2026-01-17,Bihar,Patna,Patna,Wheat,2961.99
2026-01-18,Bihar,Patna,Patna,Wheat,2697.89
2026-01-19,Bihar,Patna,Patna,Wheat,2729.19
2026-01-20,Bihar,Patna,Patna,Wheat,2492.16
2026-01-21,Bihar,Patna,Patna,Wheat,2665.61
2026-01-22,Bihar,Patna,Patna,Wheat,2939.29
2026-01-23,Bihar,Patna,Patna,Wheat,2972.82
2026-01-24,Bihar,Patna,Patna,Wheat,2936.45
2026-01-25,Bihar,Patna,Patna,Wheat,2931.88
2026-01-26,Bihar,Patna,Patna,Wheat,2388.93
2026-01-27,Bihar,Patna,Patna,Wheat,2503.97
2026-01-28,Bihar,Patna,Patna,Wheat,2848.61
2026-01-29,Bihar,Patna,Patna,Wheat,2772.24
2026-01-30,Bihar,Patna,Patna,Wheat,3653.24
2026-01-31,Bihar,Patna,Patna,Wheat,2989.53
2026-02-01,Bihar,Patna,Patna,Wheat,2754.25
2026-02-02,Bihar,Patna,Patna,Wheat,2601.82
2026-02-03,Bihar,Patna,Patna,Wheat,2641.13
2026-02-04,Bihar,Patna,Patna,Wheat,2856.76
2026-02-05,Bihar,Patna,Patna,Wheat,2992.22
2026-02-06,Bihar,Patna,Patna,Wheat,2907.28
2026-02-07,Bihar,Patna,Patna,Wheat,2876.28
2026-02-08,Bihar,Patna,Patna,Wheat,3078.8
2026-02-09,Bihar,Patna,Patna,Wheat,3007.89
2026-02-10,Bihar,Patna,Patna,Wheat,2824.87
2026-02-11,Bihar,Patna,Patna,Wheat,2623.14
2026-02-12,Bihar,Patna,Patna,Wheat,3128.0
2026-02-13,Bihar,Patna,Patna,Wheat,3380.33
2026-02-14,Bihar,Patna,Patna,Wheat,3261.36
2026-02-15,Bihar,Patna,Patna,Wheat,3002.1
2026-02-16,Bihar,Patna,Patna,Wheat,3058.79
2026-02-17,Bihar,Patna,Patna,Wheat,2825.98
2026-02-18,Bihar,Patna,Patna,Wheat,3064.64
2026-02-19,Bihar,Patna,Patna,Wheat,2910.39
2026-02-20,Bihar,Patna,Patna,Wheat,3153.29
2026-02-21,Bihar,Patna,Patna,Wheat,3296.46
2026-02-22,Bihar,Patna,Patna,Wheat,2773.47
2026-02-23,Bihar,Patna,Patna,Wheat,2647.81
2026-02-24,Bihar,Patna,Patna,Wheat,2870.62
2026-02-25,Bihar,Patna,Patna,Wheat,2924.95
2026-02-26,Bihar,Patna,Patna,Wheat,3233.9
2026-02-27,Bihar,Patna,Patna,Wheat,3027.86
2026-02-28,Bihar,Patna,Patna,Wheat,3418.21
2026-03-01,Bihar,Patna,Patna,Wheat,2661.92
2026-03-02,Bihar,Patna,Patna,Wheat,3099.49
2026-03-03,Bihar,Patna,Patna,Wheat,2728.21
2026-03-04,Bihar,Patna,Patna,Wheat,2626.41
2026-03-05,Bihar,Patna,Patna,Wheat,3177.9
2026-03-06,Bihar,Patna,Patna,Wheat,3102.86
2026-03-07,Bihar,Patna,Patna,Wheat,2842.36
2026-03-08,Bihar,Patna,Patna,Wheat,2606.88
2026-03-09,Bihar,Patna,Patna,Wheat,2874.82
2026-03-10,Bihar,Patna,Patna,Wheat,3107.93
2026-03-11,Bihar,Patna,Patna,Wheat,3155.22
2026-03-12,Bihar,Patna,Patna,Wheat,3165.68
2026-03-13,Bihar,Patna,Patna,Wheat,3292.74
2026-03-14,Bihar,Patna,Patna,Wheat,3101.13
2026-03-15,Bihar,Patna,Patna,Wheat,2680.09
2026-03-16,Bihar,Patna,Patna,Wheat,2610.33
2026-03-17,Bihar,Patna,Patna,Wheat,2889.15
2026-03-18,Bihar,Patna,Patna,Wheat,3018.5
2026-03-19,Bihar,Patna,Patna,Wheat,3364.05
2026-03-20,Bihar,Patna,Patna,Wheat,3377.1
2026-03-21,Bihar,Patna,Patna,Wheat,3259.3
2026-03-22,Bihar,Patna,Patna,Wheat,2937.53
2026-03-23,Bihar,Patna,Patna,Wheat,2633.78
2026-03-24,Bihar,Patna,Patna,Wheat,3032.16
2026-03-25,Bihar,Patna,Patna,Wheat,3181.83
2026-03-26,Bihar,Patna,Patna,Wheat,2657.39
2026-03-27,Bihar,Patna,Patna,Wheat,3034.16
2026-03-28,Bihar,Patna,Patna,Wheat,2988.95
2026-03-29,Bihar,Patna,Patna,Wheat,3033.89
2026-03-30,Bihar,Patna,Patna,Wheat,2762.46
2026-03-31,Bihar,Patna,Patna,Wheat,2950.08
2026-04-01,Bihar,Patna,Patna,Wheat,3034.07
2026-04-02,Bihar,Patna,Patna,Wheat,3165.23
2026-04-03,Bihar,Patna,Patna,Wheat,3069.52
2026-04-04,Bihar,Patna,Patna,Wheat,3008.17
2026-04-05,Bihar,Patna,Patna,Wheat,2787.88
2026-04-06,Bihar,Patna,Patna,Wheat,3011.09
2026-04-07,Bihar,Patna,Patna,Wheat,3081.69
2026-04-08,Bihar,Patna,Patna,Wheat,2917.72
2026-04-09,Bihar,Patna,Patna,Wheat,3545.98
2026-04-10,Bihar,Patna,Patna,Wheat,3163.45
2026-04-11,Bihar,Patna,Patna,Wheat,3488.73
2026-04-12,Bihar,Patna,Patna,Wheat,2881.58
2026-04-13,Bihar,Patna,Patna,Wheat,2517.35
2026-04-14,Bihar,Patna,Patna,Wheat,3046.29
2026-04-15,Bihar,Patna,Patna,Wheat,3136.52
2026-04-16,Bihar,Patna,Patna,Wheat,3210.44
2026-04-17,Bihar,Patna,Patna,Wheat,3086.41
2026-04-18,Bihar,Patna,Patna,Wheat,3139.82
2026-04-19,Bihar,Patna,Patna,Wheat,2904.98
2026-04-20,Bihar,Patna,Patna,Wheat,2866.46
2026-04-21,Bihar,Patna,Patna,Wheat,3131.19
2026-04-22,Bihar,Patna,Patna,Wheat,3115.6
2026-04-23,Bihar,Patna,Patna,Wheat,3331.07
2026-04-24,Bihar,Patna,Patna,Wheat,3170.4
2026-04-25,Bihar,Patna,Patna,Wheat,3062.73
2026-04-26,Bihar,Patna,Patna,Wheat,2760.39
2026-04-27,Bihar,Patna,Patna,Wheat,2842.42
2026-04-28,Bihar,Patna,Patna,Wheat,2260.87
2026-04-29,Bihar,Patna,Patna,Wheat,2936.82
2026-04-30,Bihar,Patna,Patna,Wheat,3162.59
2026-05-01,Bihar,Patna,Patna,Wheat,3334.49
2026-05-02,Bihar,Patna,Patna,Wheat,3063.93
2026-05-03,Bihar,Patna,Patna,Wheat,3060.25
2026-05-04,Bihar,Patna,Patna,Wheat,2459.54
2026-05-05,Bihar,Patna,Patna,Wheat,2917.54
2026-05-06,Bihar,Patna,Patna,Wheat,2687.44
2026-05-07,Bihar,Patna,Patna,Wheat,2894.05
2026-05-08,Bihar,Patna,Patna,Wheat,3145.83
2026-05-09,Bihar,Patna,Patna,Wheat,3379.26
2026-05-10,Bihar,Patna,Patna,Wheat,3044.28
2026-05-11,Bihar,Patna,Patna,Wheat,2885.59
2026-05-12,Bihar,Patna,Patna,Wheat,2903.85
2026-05-13,Bihar,Patna,Patna,Wheat,2871.57
2026-05-14,Bihar,Patna,Patna,Wheat,3017.45
2026-05-15,Bihar,Patna,Patna,Wheat,3256.71
2026-05-16,Bihar,Patna,Patna,Wheat,2778.25
2026-05-17,Bihar,Patna,Patna,Wheat,3064.23
2026-05-18,Bihar,Patna,Patna,Wheat,2779.21
2026-05-19,Bihar,Patna,Patna,Wheat,3048.49
2026-05-20,Bihar,Patna,Patna,Wheat,3196.47
2026-05-21,Bihar,Patna,Patna,Wheat,2743.65
2026-05-22,Bihar,Patna,Patna,Wheat,3004.39
2026-05-23,Bihar,Patna,Patna,Wheat,2864.1
2026-05-24,Bihar,Patna,Patna,Wheat,2543.13
2026-05-25,Bihar,Patna,Patna,Wheat,2623.41
2026-05-26,Bihar,Patna,Patna,Wheat,3339.35
2026-05-27,Bihar,Patna,Patna,Wheat,3089.67
2026-05-28,Bihar,Patna,Patna,Wheat,3486.61
2026-05-29,Bihar,Patna,Patna,Wheat,3277.21
2026-05-30,Bihar,Patna,Patna,Wheat,2856.01
2026-05-31,Bihar,Patna,Patna,Wheat,2802.61
2026-06-01,Bihar,Patna,Patna,Wheat,2910.19
2026-06-02,Bihar,Patna,Patna,Wheat,2904.76
2026-06-03,Bihar,Patna,Patna,Wheat,2809.52
2026-06-04,Bihar,Patna,Patna,Wheat,2715.78
2026-06-05,Bihar,Patna,Patna,Wheat,3763.43
2026-06-06,Bihar,Patna,Patna,Wheat,2945.48
2026-06-07,Bihar,Patna,Patna,Wheat,2778.33
2026-06-08,Bihar,Patna,Patna,Wheat,2781.15
2026-06-09,Bihar,Patna,Patna,Wheat,2734.61
2026-06-10,Bihar,Patna,Patna,Wheat,2914.21
2026-06-11,Bihar,Patna,Patna,Wheat,3266.34
2026-06-12,Bihar,Patna,Patna,Wheat,2991.9
2026-06-13,Bihar,Patna,Patna,Wheat,2695.6
2026-06-14,Bihar,Patna,Patna,Wheat,2772.37
2026-06-15,Bihar,Patna,Patna,Wheat,2632.5
2026-06-16,Bihar,Patna,Patna,Wheat,3016.26
2026-06-17,Bihar,Patna,Patna,Wheat,3082.01
2026-06-18,Bihar,Patna,Patna,Wheat,2975.84
2026-06-19,Bihar,Patna,Patna,Wheat,2708.45
2026-06-20,Bihar,Patna,Patna,Wheat,2643.64
2026-06-21,Bihar,Patna,Patna,Wheat,2765.94
2026-06-22,Bihar,Patna,Patna,Wheat,2743.9
2026-06-23,Bihar,Patna,Patna,Wheat,2631.22
2026-06-24,Bihar,Patna,Patna,Wheat,2711.52
2026-06-25,Bihar,Patna,Patna,Wheat,2788.36
2026-06-26,Bihar,Patna,Patna,Wheat,2924.79
2026-06-27,Bihar,Patna,Patna,Wheat,2372.68
2026-06-28,Bihar,Patna,Patna,Wheat,2510.86
2026-06-29,Bihar,Patna,Patna,Wheat,2523.55
2026-06-30,Bihar,Patna,Patna,Wheat,2885.01
2026-07-01,Bihar,Patna,Patna,Wheat,2604.75
2026-07-02,Bihar,Patna,Patna,Wheat,2899.71
2026-07-03,Bihar,Patna,Patna,Wheat,2929.26
2026-07-04,Bihar,Patna,Patna,Wheat,3057.35
2026-07-05,Bihar,Patna,Patna,Wheat,2914.16
2026-07-06,Bihar,Patna,Patna,Wheat,2587.03
2026-07-07,Bihar,Patna,Patna,Wheat,2530.67
2026-07-08,Bihar,Patna,Patna,Wheat,2591.7
2026-07-09,Bihar,Patna,Patna,Wheat,2770.18
2026-07-10,Bihar,Patna,Patna,Wheat,2751.12
2026-07-11,Bihar,Patna,Patna,Wheat,2864.6
2026-07-12,Bihar,Patna,Patna,Wheat,2712.01
2026-07-13,Bihar,Patna,Patna,Wheat,2661.6
2026-07-14,Bihar,Patna,Patna,Wheat,2802.73
2026-07-15,Bihar,Patna,Patna,Wheat,3023.0
2026-07-16,Bihar,Patna,Patna,Wheat,2796.59
2026-07-17,Bihar,Patna,Patna,Wheat,3006.56
2026-07-18,Bihar,Patna,Patna,Wheat,2646.64
2026-07-19,Bihar,Patna,Patna,Wheat,2807.27
2026-07-20,Bihar,Patna,Patna,Wheat,2701.65
2026-07-21,Bihar,Patna,Patna,Wheat,2713.43
2026-07-22,Bihar,Patna,Patna,Wheat,2648.96
2026-07-23,Bihar,Patna,Patna,Wheat,2600.66
2026-07-24,Bihar,Patna,Patna,Wheat,2479.25
2026-07-25,Bihar,Patna,Patna,Wheat,2663.08
2026-07-26,Bihar,Patna,Patna,Wheat,2825.24
2026-07-27,Bihar,Patna,Patna,Wheat,2421.69
2026-07-28,Bihar,Patna,Patna,Wheat,2632.1
2026-07-29,Bihar,Patna,Patna,Wheat,2743.83
2026-07-30,Bihar,Patna,Patna,Wheat,2632.84
2026-07-31,Bihar,Patna,Patna,Wheat,2954.54
2026-08-01,Bihar,Patna,Patna,Wheat,2094.38
2026-08-02,Bihar,Patna,Patna,Wheat,2297.7
2026-08-03,Bihar,Patna,Patna,Wheat,2281.86
2026-08-04,Bihar,Patna,Patna,Wheat,2316.69
2026-08-05,Bihar,Patna,Patna,Wheat,2612.47
2026-08-06,Bihar,Patna,Patna,Wheat,2700.46
2026-08-07,Bihar,Patna,Patna,Wheat,2739.41
2026-08-08,Bihar,Patna,Patna,Wheat,2700.05
2026-08-09,Bihar,Patna,Patna,Wheat,2312.17
2026-08-10,Bihar,Patna,Patna,Wheat,2198.72
2026-08-11,Bihar,Patna,Patna,Wheat,2490.61
2026-08-12,Bihar,Patna,Patna,Wheat,2406.09
2026-08-13,Bihar,Patna,Patna,Wheat,2323.62
2026-08-14,Bihar,Patna,Patna,Wheat,2808.79
2026-08-15,Bihar,Patna,Patna,Wheat,2807.2
2026-08-16,Bihar,Patna,Patna,Wheat,2710.88
2026-08-17,Bihar,Patna,Patna,Wheat,2403.69
2026-08-18,Bihar,Patna,Patna,Wheat,2497.37
2026-08-19,Bihar,Patna,Patna,Wheat,2723.97
2026-08-20,Bihar,Patna,Patna,Wheat,2462.69
2026-08-21,Bihar,Patna,Patna,Wheat,2800.14
2026-08-22,Bihar,Patna,Patna,Wheat,2575.77
2026-08-23,Bihar,Patna,Patna,Wheat,2570.45
2026-08-24,Bihar,Patna,Patna,Wheat,2376.06
2026-08-25,Bihar,Patna,Patna,Wheat,2580.42
2026-08-26,Bihar,Patna,Patna,Wheat,2496.86
2026-08-27,Bihar,Patna,Patna,Wheat,2285.87
2026-08-28,Bihar,Patna,Patna,Wheat,2832.27
2026-08-29,Bihar,Patna,Patna,Wheat,2335.37
2026-08-30,Bihar,Patna,Patna,Wheat,2601.72
2026-08-31,Bihar,Patna,Patna,Wheat,2308.14
2025-01-01,Bihar,Patna,Patna,Soybean,1477.37
2025-01-02,Bihar,Patna,Patna,Soybean,1535.52
2025-01-03,Bihar,Patna,Patna,Soybean,1483.29
2025-01-04,Bihar,Patna,Patna,Soybean,1456.97
2025-01-05,Bihar,Patna,Patna,Soybean,1391.03
2025-01-06,Bihar,Patna,Patna,Soybean,1131.78
2025-01-07,Bihar,Patna,Patna,Soybean,1345.78
2025-01-08,Bihar,Patna,Patna,Soybean,1284.19
2025-01-09,Bihar,Patna,Patna,Soybean,1469.01
2025-01-10,Bihar,Patna,Patna,Soybean,1351.74
2025-01-11,Bihar,Patna,Patna,Soybean,1316.39
2025-01-12,Bihar,Patna,Patna,Soybean,1533.23
2025-01-13,Bihar,Patna,Patna,Soybean,1444.65
2025-01-14,Bihar,Patna,Patna,Soybean,1361.07
2025-01-15,Bihar,Patna,Patna,Soybean,1439.17
2025-01-16,Bihar,Patna,Patna,Soybean,1454.73
2025-01-17,Bihar,Patna,Patna,Soybean,1558.05
2025-01-18,Bihar,Patna,Patna,Soybean,1394.35
2025-01-19,Bihar,Patna,Patna,Soybean,1503.02
2025-01-20,Bihar,Patna,Patna,Soybean,1345.81
2025-01-21,Bihar,Patna,Patna,Soybean,1346.91
2025-01-22,Bihar,Patna,Patna,Soybean,1450.18
2025-01-23,Bihar,Patna,Patna,Soybean,1446.12
2025-01-24,Bihar,Patna,Patna,Soybean,1561.67
2025-01-25,Bihar,Patna,Patna,Soybean,1434.94
2025-01-26,Bihar,Patna,Patna,Soybean,1478.31
2025-01-27,Bihar,Patna,Patna,Soybean,1514.11
2025-01-28,Bihar,Patna,Patna,Soybean,1341.9
2025-01-29,Bihar,Patna,Patna,Soybean,1460.74
2025-01-30,Bihar,Patna,Patna,Soybean,1585.23
2025-01-31,Bihar,Patna,Patna,Soybean,1506.31
2025-02-01,Bihar,Patna,Patna,Soybean,1566.62
2025-02-02,Bihar,Patna,Patna,Soybean,1512.98
2025-02-03,Bihar,Patna,Patna,Soybean,1527.09
2025-02-04,Bihar,Patna,Patna,Soybean,1376.27
2025-02-05,Bihar,Patna,Patna,Soybean,1400.24
2025-02-06,Bihar,Patna,Patna,Soybean,1527.74
2025-02-07,Bihar,Patna,Patna,Soybean,1472.44
2025-02-08,Bihar,Patna,Patna,Soybean,1603.08
2025-02-09,Bihar,Patna,Patna,Soybean,1359.57
2025-02-10,Bihar,Patna,Patna,Soybean,1677.65
2025-02-11,Bihar,Patna,Patna,Soybean,1592.34
2025-02-12,Bihar,Patna,Patna,Soybean,1523.87
2025-02-13,Bihar,Patna,Patna,Soybean,1681.62
2025-02-14,Bihar,Patna,Patna,Soybean,1419.68
2025-02-15,Bihar,Patna,Patna,Soybean,1841.67
2025-02-16,Bihar,Patna,Patna,Soybean,1439.69
2025-02-17,Bihar,Patna,Patna,Soybean,1450.74
2025-02-18,Bihar,Patna,Patna,Soybean,1288.42
2025-02-19,Bihar,Patna,Patna,Soybean,1596.53
2025-02-20,Bihar,Patna,Patna,Soybean,1482.86
2025-02-21,Bihar,Patna,Patna,Soybean,1636.82
2025-02-22,Bihar,Patna,Patna,Soybean,1525.76
2025-02-23,Bihar,Patna,Patna,Soybean,1406.74
2025-02-24,Bihar,Patna,Patna,Soybean,1398.59
2025-02-25,Bihar,Patna,Patna,Soybean,1523.33
2025-02-26,Bihar,Patna,Patna,Soybean,1423.02
2025-02-27,Bihar,Patna,Patna,Soybean,1541.74
2025-02-28,Bihar,Patna,Patna,Soybean,1721.14
2025-03-01,Bihar,Patna,Patna,Soybean,1897.22
2025-03-02,Bihar,Patna,Patna,Soybean,1590.51
2025-03-03,Bihar,Patna,Patna,Soybean,1402.51
2025-03-04,Bihar,Patna,Patna,Soybean,1477.21
2025-03-05,Bihar,Patna,Patna,Soybean,1583.6
2025-03-06,Bihar,Patna,Patna,Soybean,1603.94
2025-03-07,Bihar,Patna,Patna,Soybean,1766.72
2025-03-08,Bihar,Patna,Patna,Soybean,1645.63
2025-03-09,Bihar,Patna,Patna,Soybean,1652.87
2025-03-10,Bihar,Patna,Patna,Soybean,1479.71
2025-03-11,Bihar,Patna,Patna,Soybean,1672.19
2025-03-12,Bihar,Patna,Patna,Soybean,1575.75
2025-03-13,Bihar,Patna,Patna,Soybean,1545.78
2025-03-14,Bihar,Patna,Patna,Soybean,1931.19
2025-03-15,Bihar,Patna,Patna,Soybean,1425.5
2025-03-16,Bihar,Patna,Patna,Soybean,1485.47
2025-03-17,Bihar,Patna,Patna,Soybean,1457.74
2025-03-18,Bihar,Patna,Patna,Soybean,1812.26
2025-03-19,Bihar,Patna,Patna,Soybean,1808.86
2025-03-20,Bihar,Patna,Patna,Soybean,1844.62
2025-03-21,Bihar,Patna,Patna,Soybean,1647.86
2025-03-22,Bihar,Patna,Patna,Soybean,1924.01
2025-03-23,Bihar,Patna,Patna,Soybean,1616.67
2025-03-24,Bihar,Patna,Patna,Soybean,1638.46
2025-03-25,Bihar,Patna,Patna,Soybean,1569.67
2025-03-26,Bihar,Patna,Patna,Soybean,1608.67
2025-03-27,Bihar,Patna,Patna,Soybean,1648.79
2025-03-28,Bihar,Patna,Patna,Soybean,1670.05
2025-03-29,Bihar,Patna,Patna,Soybean,1722.43
2025-03-30,Bihar,Patna,Patna,Soybean,1623.35
2025-03-31,Bihar,Patna,Patna,Soybean,1536.2
2025-04-01,Bihar,Patna,Patna,Soybean,1720.26
2025-04-02,Bihar,Patna,Patna,Soybean,1283.37
2025-04-03,Bihar,Patna,Patna,Soybean,1743.71
2025-04-04,Bihar,Patna,Patna,Soybean,1785.15
2025-04-05,Bihar,Patna,Patna,Soybean,1789.31
2025-04-06,Bihar,Patna,Patna,Soybean,1579.12
2025-04-07,Bihar,Patna,Patna,Soybean,1565.18
2025-04-08,Bihar,Patna,Patna,Soybean,1666.17
2025-04-09,Bihar,Patna,Patna,Soybean,1791.49
2025-04-10,Bihar,Patna,Patna,Soybean,1650.21
2025-04-11,Bihar,Patna,Patna,Soybean,1733.17
2025-04-12,Bihar,Patna,Patna,Soybean,1852.21
2025-04-13,Bihar,Patna,Patna,Soybean,1351.02
2025-04-14,Bihar,Patna,Patna,Soybean,1468.42
2025-04-15,Bihar,Patna,Patna,Soybean,1718.3
2025-04-16,Bihar,Patna,Patna,Soybean,1745.53
2025-04-17,Bihar,Patna,Patna,Soybean,1746.16
2025-04-18,Bihar,Patna,Patna,Soybean,1646.41
2025-04-19,Bihar,Patna,Patna,Soybean,1553.28
2025-04-20,Bihar,Patna,Patna,Soybean,1519.07
2025-04-21,Bihar,Patna,Patna,Soybean,1707.18
2025-04-22,Bihar,Patna,Patna,Soybean,1486.87
2025-04-23,Bihar,Patna,Patna,Soybean,1629.34
2025-04-24,Bihar,Patna,Patna,Soybean,1591.65
2025-04-25,Bihar,Patna,Patna,Soybean,1795.05
2025-04-26,Bihar,Patna,Patna,Soybean,1588.18
2025-04-27,Bihar,Patna,Patna,Soybean,1568.62
2025-04-28,Bihar,Patna,Patna,Soybean,1353.93
2025-04-29,Bihar,Patna,Patna,Soybean,1374.37
2025-04-30,Bihar,Patna,Patna,Soybean,1612.12
2025-05-01,Bihar,Patna,Patna,Soybean,1517.83
2025-05-02,Bihar,Patna,Patna,Soybean,1935.9
2025-05-03,Bihar,Patna,Patna,Soybean,1405.42
2025-05-04,Bihar,Patna,Patna,Soybean,1483.35
2025-05-05,Bihar,Patna,Patna,Soybean,1528.37
2025-05-06,Bihar,Patna,Patna,Soybean,1501.31
2025-05-07,Bihar,Patna,Patna,Soybean,1478.05
2025-05-08,Bihar,Patna,Patna,Soybean,1551.35
2025-05-09,Bihar,Patna,Patna,Soybean,1560.34
2025-05-10,Bihar,Patna,Patna,Soybean,1598.91
2025-05-11,Bihar,Patna,Patna,Soybean,1773.92
2025-05-12,Bihar,Patna,Patna,Soybean,1524.11
2025-05-13,Bihar,Patna,Patna,Soybean,1656.12
2025-05-14,Bihar,Patna,Patna,Soybean,1646.24
2025-05-15,Bihar,Patna,Patna,Soybean,1778.62
2025-05-16,Bihar,Patna,Patna,Soybean,1337.25
2025-05-17,Bihar,Patna,Patna,Soybean,1583.79
2025-05-18,Bihar,Patna,Patna,Soybean,1689.13
2025-05-19,Bihar,Patna,Patna,Soybean,1442.59
2025-05-20,Bihar,Patna,Patna,Soybean,1702.93
2025-05-21,Bihar,Patna,Patna,Soybean,1739.01
2025-05-22,Bihar,Patna,Patna,Soybean,1580.94
2025-05-23,Bihar,Patna,Patna,Soybean,1589.38
2025-05-24,Bihar,Patna,Patna,Soybean,1488.82
2025-05-25,Bihar,Patna,Patna,Soybean,1464.62
2025-05-26,Bihar,Patna,Patna,Soybean,1359.14
2025-05-27,Bihar,Patna,Patna,Soybean,1545.25
2025-05-28,Bihar,Patna,Patna,Soybean,1399.88
2025-05-29,Bihar,Patna,Patna,Soybean,1685.39
2025-05-30,Bihar,Patna,Patna,Soybean,1701.02
2025-05-31,Bihar,Patna,Patna,Soybean,1400.41
2025-06-01,Bihar,Patna,Patna,Soybean,1679.13
2025-06-02,Bihar,Patna,Patna,Soybean,1523.22
2025-06-03,Bihar,Patna,Patna,Soybean,1560.48
2025-06-04,Bihar,Patna,Patna,Soybean,1458.45
2025-06-05,Bihar,Patna,Patna,Soybean,1667.16
2025-06-06,Bihar,Patna,Patna,Soybean,1736.36
2025-06-07,Bihar,Patna,Patna,Soybean,1554.24
2025-06-08,Bihar,Patna,Patna,Soybean,1705.37
2025-06-09,Bihar,Patna,Patna,Soybean,1456.12
2025-06-10,Bihar,Patna,Patna,Soybean,1580.44
2025-06-11,Bihar,Patna,Patna,Soybean,1551.33
2025-06-12,Bihar,Patna,Patna,Soybean,1641.1
2025-06-13,Bihar,Patna,Patna,Soybean,1402.19
2025-06-14,Bihar,Patna,Patna,Soybean,1584.02
2025-06-15,Bihar,Patna,Patna,Soybean,1399.47
2025-06-16,Bihar,Patna,Patna,Soybean,1346.83
2025-06-17,Bihar,Patna,Patna,Soybean,1619.41
2025-06-18,Bihar,Patna,Patna,Soybean,1476.39
2025-06-19,Bihar,Patna,Patna,Soybean,1445.0
2025-06-20,Bihar,Patna,Patna,Soybean,1525.94
2025-06-21,Bihar,Patna,Patna,Soybean,1383.16
2025-06-22,Bihar,Patna,Patna,Soybean,1599.89
2025-06-23,Bihar,Patna,Patna,Soybean,1342.01
2025-06-24,Bihar,Patna,Patna,Soybean,1474.64
2025-06-25,Bihar,Patna,Patna,Soybean,1616.75
2025-06-26,Bihar,Patna,Patna,Soybean,1477.35
2025-06-27,Bihar,Patna,Patna,Soybean,1599.2
2025-06-28,Bihar,Patna,Patna,Soybean,1390.63
2025-06-29,Bihar,Patna,Patna,Soybean,1677.01
2025-06-30,Bihar,Patna,Patna,Soybean,1480.23
2025-07-01,Bihar,Patna,Patna,Soybean,1381.26
2025-07-02,Bihar,Patna,Patna,Soybean,1375.18
2025-07-03,Bihar,Patna,Patna,Soybean,1495.23
2025-07-04,Bihar,Patna,Patna,Soybean,1481.71
2025-07-05,Bihar,Patna,Patna,Soybean,1677.02
2025-07-06,Bihar,Patna,Patna,Soybean,1288.56
2025-07-07,Bihar,Patna,Patna,Soybean,1380.29
2025-07-08,Bihar,Patna,Patna,Soybean,1376.35
2025-07-09,Bihar,Patna,Patna,Soybean,1419.16
2025-07-10,Bihar,Patna,Patna,Soybean,1472.19
2025-07-11,Bihar,Patna,Patna,Soybean,1481.7
2025-07-12,Bihar,Patna,Patna,Soybean,1540.72
2025-07-13,Bihar,Patna,Patna,Soybean,1446.28
2025-07-14,Bihar,Patna,Patna,Soybean,1385.18
2025-07-15,Bihar,Patna,Patna,Soybean,1068.24
2025-07-16,Bihar,Patna,Patna,Soybean,1437.8
2025-07-17,Bihar,Patna,Patna,Soybean,1290.77
2025-07-18,Bihar,Patna,Patna,Soybean,1536.72
2025-07-19,Bihar,Patna,Patna,Soybean,1576.54
2025-07-20,Bihar,Patna,Patna,Soybean,1276.75
2025-07-21,Bihar,Patna,Patna,Soybean,1300.26
2025-07-22,Bihar,Patna,Patna,Soybean,1278.97
2025-07-23,Bihar,Patna,Patna,Soybean,1506.07
2025-07-24,Bihar,Patna,Patna,Soybean,1446.74
2025-07-25,Bihar,Patna,Patna,Soybean,1622.43
2025-07-26,Bihar,Patna,Patna,Soybean,1447.64
2025-07-27,Bihar,Patna,Patna,Soybean,1367.01
2025-07-28,Bihar,Patna,Patna,Soybean,1310.41
2025-07-29,Bihar,Patna,Patna,Soybean,1389.85
2025-07-30,Bihar,Patna,Patna,Soybean,1199.07
2025-07-31,Bihar,Patna,Patna,Soybean,1423.92
2025-08-01,Bihar,Patna,Patna,Soybean,1418.6
2025-08-02,Bihar,Patna,Patna,Soybean,1456.28
2025-08-03,Bihar,Patna,Patna,Soybean,1306.89
2025-08-04,Bihar,Patna,Patna,Soybean,1191.59
2025-08-05,Bihar,Patna,Patna,Soybean,1296.08
2025-08-06,Bihar,Patna,Patna,Soybean,1243.41
2025-08-07,Bihar,Patna,Patna,Soybean,1207.17
2025-08-08,Bihar,Patna,Patna,Soybean,1476.91
2025-08-09,Bihar,Patna,Patna,Soybean,1421.84
2025-08-10,Bihar,Patna,Patna,Soybean,1348.6
2025-08-11,Bihar,Patna,Patna,Soybean,1382.96
2025-08-12,Bihar,Patna,Patna,Soybean,1218.35
2025-08-13,Bihar,Patna,Patna,Soybean,1194.38
2025-08-14,Bihar,Patna,Patna,Soybean,1369.98
2025-08-15,Bihar,Patna,Patna,Soybean,1353.29
2025-08-16,Bihar,Patna,Patna,Soybean,1269.33
2025-08-17,Bihar,Patna,Patna,Soybean,1282.13
2025-08-18,Bihar,Patna,Patna,Soybean,1197.97
2025-08-19,Bihar,Patna,Patna,Soybean,1099.92
2025-08-20,Bihar,Patna,Patna,Soybean,1270.83
2025-08-21,Bihar,Patna,Patna,Soybean,1252.18
2025-08-22,Bihar,Patna,Patna,Soybean,1393.1
2025-08-23,Bihar,Patna,Patna,Soybean,1272.22
2025-08-24,Bihar,Patna,Patna,Soybean,1374.11
2025-08-25,Bihar,Patna,Patna,Soybean,1376.81
2025-08-26,Bihar,Patna,Patna,Soybean,1307.99
2025-08-27,Bihar,Patna,Patna,Soybean,1156.71
2025-08-28,Bihar,Patna,Patna,Soybean,1488.36
2025-08-29,Bihar,Patna,Patna,Soybean,1506.91
2025-08-30,Bihar,Patna,Patna,Soybean,1322.25
2025-08-31,Bihar,Patna,Patna,Soybean,1379.82
2025-09-01,Bihar,Patna,Patna,Soybean,1179.12
2025-09-02,Bihar,Patna,Patna,Soybean,1075.84
2025-09-03,Bihar,Patna,Patna,Soybean,1217.95
2025-09-04,Bihar,Patna,Patna,Soybean,1496.91
2025-09-05,Bihar,Patna,Patna,Soybean,1205.78
2025-09-06,Bihar,Patna,Patna,Soybean,1310.24
2025-09-07,Bihar,Patna,Patna,Soybean,1256.46
2025-09-08,Bihar,Patna,Patna,Soybean,1174.0
2025-09-09,Bihar,Patna,Patna,Soybean,1190.88
2025-09-10,Bihar,Patna,Patna,Soybean,1284.48
2025-09-11,Bihar,Patna,Patna,Soybean,1274.76
2025-09-12,Bihar,Patna,Patna,Soybean,1205.14
2025-09-13,Bihar,Patna,Patna,Soybean,1322.6
2025-09-14,Bihar,Patna,Patna,Soybean,1340.58
2025-09-15,Bihar,Patna,Patna,Soybean,1285.49
2025-09-16,Bihar,Patna,Patna,Soybean,1154.06
2025-09-17,Bihar,Patna,Patna,Soybean,1161.13
2025-09-18,Bihar,Patna,Patna,Soybean,1295.49
2025-09-19,Bihar,Patna,Patna,Soybean,1479.94
2025-09-20,Bihar,Patna,Patna,Soybean,1357.47
2025-09-21,Bihar,Patna,Patna,Soybean,1304.56
2025-09-22,Bihar,Patna,Patna,Soybean,1283.95
2025-09-23,Bihar,Patna,Patna,Soybean,1256.69
2025-09-24,Bihar,Patna,Patna,Soybean,1280.98
2025-09-25,Bihar,Patna,Patna,Soybean,1381.03
2025-09-26,Bihar,Patna,Patna,Soybean,1281.17
2025-09-27,Bihar,Patna,Patna,Soybean,1169.3
2025-09-28,Bihar,Patna,Patna,Soybean,1305.7
2025-09-29,Bihar,Patna,Patna,Soybean,1313.33
2025-09-30,Bihar,Patna,Patna,Soybean,1125.54
2025-10-01,Bihar,Patna,Patna,Soybean,1344.26
2025-10-02,Bihar,Patna,Patna,Soybean,1476.67
2025-10-03,Bihar,Patna,Patna,Soybean,1333.77
2025-10-04,Bihar,Patna,Patna,Soybean,1225.66
2025-10-05,Bihar,Patna,Patna,Soybean,1256.19
2025-10-06,Bihar,Patna,Patna,Soybean,1164.96
2025-10-07,Bihar,Patna,Patna,Soybean,1171.78
2025-10-08,Bihar,Patna,Patna,Soybean,1313.92
2025-10-09,Bihar,Patna,Patna,Soybean,1177.14
2025-10-10,Bihar,Patna,Patna,Soybean,1203.91
2025-10-11,Bihar,Patna,Patna,Soybean,1307.51
2025-10-12,Bihar,Patna,Patna,Soybean,1249.37
2025-10-13,Bihar,Patna,Patna,Soybean,1247.08
2025-10-14,Bihar,Patna,Patna,Soybean,1392.92
2025-10-15,Bihar,Patna,Patna,Soybean,1292.02
2025-10-16,Bihar,Patna,Patna,Soybean,1390.01
2025-10-17,Bihar,Patna,Patna,Soybean,1255.94
2025-10-18,Bihar,Patna,Patna,Soybean,1385.37
2025-10-19,Bihar,Patna,Patna,Soybean,1213.91
2025-10-20,Bihar,Patna,Patna,Soybean,1233.13
2025-10-21,Bihar,Patna,Patna,Soybean,1231.57
2025-10-22,Bihar,Patna,Patna,Soybean,1386.73
2025-10-23,Bihar,Patna,Patna,Soybean,1222.22
2025-10-24,Bihar,Patna,Patna,Soybean,1142.67
2025-10-25,Bihar,Patna,Patna,Soybean,1307.07
2025-10-26,Bihar,Patna,Patna,Soybean,1314.2
2025-10-27,Bihar,Patna,Patna,Soybean,1252.41
2025-10-28,Bihar,Patna,Patna,Soybean,1361.92
2025-10-29,Bihar,Patna,Patna,Soybean,1346.94
2025-10-30,Bihar,Patna,Patna,Soybean,1306.62
2025-10-31,Bihar,Patna,Patna,Soybean,1151.45
2025-11-01,Bihar,Patna,Patna,Soybean,1319.93
2025-11-02,Bihar,Patna,Patna,Soybean,1380.21
2025-11-03,Bihar,Patna,Patna,Soybean,1219.86
2025-11-04,Bihar,Patna,Patna,Soybean,1271.93
2025-11-05,Bihar,Patna,Patna,Soybean,1362.66
2025-11-06,Bihar,Patna,Patna,Soybean,1280.14
2025-11-07,Bihar,Patna,Patna,Soybean,1454.49
2025-11-08,Bihar,Patna,Patna,Soybean,1516.45
2025-11-09,Bihar,Patna,Patna,Soybean,1289.69
2025-11-10,Bihar,Patna,Patna,Soybean,1171.54
2025-11-11,Bihar,Patna,Patna,Soybean,1281.77
2025-11-12,Bihar,Patna,Patna,Soybean,1133.98
2025-11-13,Bihar,Patna,Patna,Soybean,1431.72
2025-11-14,Bihar,Patna,Patna,Soybean,1459.73
2025-11-15,Bihar,Patna,Patna,Soybean,1543.66
2025-11-16,Bihar,Patna,Patna,Soybean,1308.01
2025-11-17,Bihar,Patna,Patna,Soybean,1329.35
2025-11-18,Bihar,Patna,Patna,Soybean,1229.74
2025-11-19,Bihar,Patna,Patna,Soybean,1331.12
2025-11-20,Bihar,Patna,Patna,Soybean,1270.21
2025-11-21,Bihar,Patna,Patna,Soybean,1419.18
2025-11-22,Bihar,Patna,Patna,Soybean,1375.17
2025-11-23,Bihar,Patna,Patna,Soybean,1377.19
2025-11-24,Bihar,Patna,Patna,Soybean,1257.59
2025-11-25,Bihar,Patna,Patna,Soybean,1339.54
2025-11-26,Bihar,Patna,Patna,Soybean,1357.14
2025-11-27,Bihar,Patna,Patna,Soybean,1414.09
2025-11-28,Bihar,Patna,Patna,Soybean,1473.26
2025-11-29,Bihar,Patna,Patna,Soybean,1435.1
2025-11-30,Bihar,Patna,Patna,Soybean,1447.17
2025-12-01,Bihar,Patna,Patna,Soybean,1328.28
2025-12-02,Bihar,Patna,Patna,Soybean,1323.66
2025-12-03,Bihar,Patna,Patna,Soybean,1398.05
2025-12-04,Bihar,Patna,Patna,Soybean,1401.59
2025-12-05,Bihar,Patna,Patna,Soybean,1455.63
2025-12-06,Bihar,Patna,Patna,Soybean,1666.22
2025-12-07,Bihar,Patna,Patna,Soybean,1311.29
2025-12-08,Bihar,Patna,Patna,Soybean,1339.26
2025-12-09,Bihar,Patna,Patna,Soybean,1346.15
2025-12-10,Bihar,Patna,Patna,Soybean,1419.09
2025-12-11,Bihar,Patna,Patna,Soybean,1469.93
2025-12-12,Bihar,Patna,Patna,Soybean,1552.94
2025-12-13,Bihar,Patna,Patna,Soybean,1310.0
2025-12-14,Bihar,Patna,Patna,Soybean,1532.83
2025-12-15,Bihar,Patna,Patna,Soybean,1455.29
2025-12-16,Bihar,Patna,Patna,Soybean,1288.99
2025-12-17,Bihar,Patna,Patna,Soybean,1239.48
2025-12-18,Bihar,Patna,Patna,Soybean,1430.56
2025-12-19,Bihar,Patna,Patna,Soybean,1527.98
2025-12-20,Bihar,Patna,Patna,Soybean,1793.02
2025-12-21,Bihar,Patna,Patna,Soybean,1513.93
2025-12-22,Bihar,Patna,Patna,Soybean,1242.32
2025-12-23,Bihar,Patna,Patna,Soybean,1371.37
2025-12-24,Bihar,Patna,Patna,Soybean,1498.33
2025-12-25,Bihar,Patna,Patna,Soybean,1595.13
2025-12-26,Bihar,Patna,Patna,Soybean,1440.48
2025-12-27,Bihar,Patna,Patna,Soybean,1535.44
2025-12-28,Bihar,Patna,Patna,Soybean,1413.81
2025-12-29,Bihar,Patna,Patna,Soybean,1339.49
2025-12-30,Bihar,Patna,Patna,Soybean,1497.38
2025-12-31,Bihar,Patna,Patna,Soybean,1618.08
2026-01-01,Bihar,Patna,Patna,Soybean,1693.73
2026-01-02,Bihar,Patna,Patna,Soybean,1684.19
2026-01-03,Bihar,Patna,Patna,Soybean,1526.8
2026-01-04,Bihar,Patna,Patna,Soybean,1595.04
2026-01-05,Bihar,Patna,Patna,Soybean,1513.33
2026-01-06,Bihar,Patna,Patna,Soybean,1514.67
2026-01-07,Bihar,Patna,Patna,Soybean,1499.04
2026-01-08,Bihar,Patna,Patna,Soybean,1575.17
2026-01-09,Bihar,Patna,Patna,Soybean,1660.3
2026-01-10,Bihar,Patna,Patna,Soybean,1889.27
2026-01-11,Bihar,Patna,Patna,Soybean,1582.15
2026-01-12,Bihar,Patna,Patna,Soybean,1446.19
2026-01-13,Bihar,Patna,Patna,Soybean,1441.22
2026-01-14,Bihar,Patna,Patna,Soybean,1542.06
2026-01-15,Bihar,Patna,Patna,Soybean,1917.63
2026-01-16,Bihar,Patna,Patna,Soybean,1636.99
2026-01-17,Bihar,Patna,Patna,Soybean,1749.49
2026-01-18,Bihar,Patna,Patna,Soybean,1537.88
2026-01-19,Bihar,Patna,Patna,Soybean,1568.02
2026-01-20,Bihar,Patna,Patna,Soybean,1646.07
2026-01-21,Bihar,Patna,Patna,Soybean,1562.21
2026-01-22,Bihar,Patna,Patna,Soybean,1619.31
2026-01-23,Bihar,Patna,Patna,Soybean,1914.8
2026-01-24,Bihar,Patna,Patna,Soybean,1791.12
2026-01-25,Bihar,Patna,Patna,Soybean,1697.6
2026-01-26,Bihar,Patna,Patna,Soybean,1654.46
2026-01-27,Bihar,Patna,Patna,Soybean,1639.02
2026-01-28,Bihar,Patna,Patna,Soybean,1890.64
2026-01-29,Bihar,Patna,Patna,Soybean,1730.95
2026-01-30,Bihar,Patna,Patna,Soybean,1816.47
2026-01-31,Bihar,Patna,Patna,Soybean,1531.83
2026-02-01,Bihar,Patna,Patna,Soybean,1541.98
2026-02-02,Bihar,Patna,Patna,Soybean,1460.92
2026-02-03,Bihar,Patna,Patna,Soybean,1758.97
2026-02-04,Bihar,Patna,Patna,Soybean,1383.54
2026-02-05,Bihar,Patna,Patna,Soybean,1704.97
2026-02-06,Bihar,Patna,Patna,Soybean,1402.77
2026-02-07,Bihar,Patna,Patna,Soybean,1631.92
2026-02-08,Bihar,Patna,Patna,Soybean,1605.67
2026-02-09,Bihar,Patna,Patna,Soybean,1777.43
2026-02-10,Bihar,Patna,Patna,Soybean,1685.85
2026-02-11,Bihar,Patna,Patna,Soybean,1610.88
2026-02-12,Bihar,Patna,Patna,Soybean,1914.13
2026-02-13,Bihar,Patna,Patna,Soybean,1803.72
2026-02-14,Bihar,Patna,Patna,Soybean,1763.18
2026-02-15,Bihar,Patna,Patna,Soybean,1545.19
2026-02-16,Bihar,Patna,Patna,Soybean,1529.88
2026-02-17,Bihar,Patna,Patna,Soybean,1567.59
2026-02-18,Bihar,Patna,Patna,Soybean,1740.29
2026-02-19,Bihar,Patna,Patna,Soybean,1815.67
2026-02-20,Bihar,Patna,Patna,Soybean,2023.31
2026-02-21,Bihar,Patna,Patna,Soybean,1830.09
2026-02-22,Bihar,Patna,Patna,Soybean,1385.42
2026-02-23,Bihar,Patna,Patna,Soybean,1695.63
2026-02-24,Bihar,Patna,Patna,Soybean,1513.77
2026-02-25,Bihar,Patna,Patna,Soybean,1637.49
2026-02-26,Bihar,Patna,Patna,Soybean,1723.96
2026-02-27,Bihar,Patna,Patna,Soybean,1762.02
2026-02-28,Bihar,Patna,Patna,Soybean,1629.42
2026-03-01,Bihar,Patna,Patna,Soybean,1753.67
2026-03-02,Bihar,Patna,Patna,Soybean,1517.47
2026-03-03,Bihar,Patna,Patna,Soybean,1745.85
2026-03-04,Bihar,Patna,Patna,Soybean,2053.11
2026-03-05,Bihar,Patna,Patna,Soybean,1675.21
2026-03-06,Bihar,Patna,Patna,Soybean,1829.6
2026-03-07,Bihar,Patna,Patna,Soybean,1499.35
2026-03-08,Bihar,Patna,Patna,Soybean,1709.14
2026-03-09,Bihar,Patna,Patna,Soybean,1776.22
2026-03-10,Bihar,Patna,Patna,Soybean,1805.8
2026-03-11,Bihar,Patna,Patna,Soybean,1800.81
2026-03-12,Bihar,Patna,Patna,Soybean,1979.21
2026-03-13,Bihar,Patna,Patna,Soybean,2218.13
2026-03-14,Bihar,Patna,Patna,Soybean,2056.05
2026-03-15,Bihar,Patna,Patna,Soybean,1695.44
2026-03-16,Bihar,Patna,Patna,Soybean,1538.85
2026-03-17,Bihar,Patna,Patna,Soybean,1682.61
2026-03-18,Bihar,Patna,Patna,Soybean,1684.36
2026-03-19,Bihar,Patna,Patna,Soybean,1935.37
2026-03-20,Bihar,Patna,Patna,Soybean,1738.41
2026-03-21,Bihar,Patna,Patna,Soybean,1838.26
2026-03-22,Bihar,Patna,Patna,Soybean,1874.41
2026-03-23,Bihar,Patna,Patna,Soybean,1710.68
2026-03-24,Bihar,Patna,Patna,Soybean,1626.13
2026-03-25,Bihar,Patna,Patna,Soybean,1962.64
2026-03-26,Bihar,Patna,Patna,Soybean,1637.53
2026-03-27,Bihar,Patna,Patna,Soybean,1860.43
2026-03-28,Bihar,Patna,Patna,Soybean,1850.56
2026-03-29,Bihar,Patna,Patna,Soybean,1780.0
2026-03-30,Bihar,Patna,Patna,Soybean,1751.48
2026-03-31,Bihar,Patna,Patna,Soybean,1822.59
2026-04-01,Bihar,Patna,Patna,Soybean,1815.17
2026-04-02,Bihar,Patna,Patna,Soybean,1842.71
2026-04-03,Bihar,Patna,Patna,Soybean,1855.09
2026-04-04,Bihar,Patna,Patna,Soybean,1781.13
2026-04-05,Bihar,Patna,Patna,Soybean,1880.39
2026-04-06,Bihar,Patna,Patna,Soybean,1654.73
2026-04-07,Bihar,Patna,Patna,Soybean,1854.79
2026-04-08,Bihar,Patna,Patna,Soybean,1824.84
2026-04-09,Bihar,Patna,Patna,Soybean,1824.67
2026-04-10,Bihar,Patna,Patna,Soybean,1994.15
2026-04-11,Bihar,Patna,Patna,Soybean,1767.25
2026-04-12,Bihar,Patna,Patna,Soybean,1862.54
2026-04-13,Bihar,Patna,Patna,Soybean,1759.24
2026-04-14,Bihar,Patna,Patna,Soybean,1677.71
2026-04-15,Bihar,Patna,Patna,Soybean,1889.12
2026-04-16,Bihar,Patna,Patna,Soybean,1964.93
2026-04-17,Bihar,Patna,Patna,Soybean,2064.37
2026-04-18,Bihar,Patna,Patna,Soybean,1985.63
2026-04-19,Bihar,Patna,Patna,Soybean,1841.51
2026-04-20,Bihar,Patna,Patna,Soybean,1593.85
2026-04-21,Bihar,Patna,Patna,Soybean,2046.8
2026-04-22,Bihar,Patna,Patna,Soybean,1639.01
2026-04-23,Bihar,Patna,Patna,Soybean,2013.2
2026-04-24,Bihar,Patna,Patna,Soybean,1961.82
2026-04-25,Bihar,Patna,Patna,Soybean,1701.79
2026-04-26,Bihar,Patna,Patna,Soybean,1758.97
2026-04-27,Bihar,Patna,Patna,Soybean,1714.77
2026-04-28,Bihar,Patna,Patna,Soybean,1899.71
2026-04-29,Bihar,Patna,Patna,Soybean,1719.8
2026-04-30,Bihar,Patna,Patna,Soybean,1845.11
2026-05-01,Bihar,Patna,Patna,Soybean,1585.61
2026-05-02,Bihar,Patna,Patna,Soybean,2069.28
2026-05-03,Bihar,Patna,Patna,Soybean,1633.08
2026-05-04,Bihar,Patna,Patna,Soybean,1754.3
2026-05-05,Bihar,Patna,Patna,Soybean,1718.6
2026-05-06,Bihar,Patna,Patna,Soybean,1787.26
2026-05-07,Bihar,Patna,Patna,Soybean,1974.03
2026-05-08,Bihar,Patna,Patna,Soybean,2103.94
2026-05-09,Bihar,Patna,Patna,Soybean,1865.34
2026-05-10,Bihar,Patna,Patna,Soybean,1833.73
2026-05-11,Bihar,Patna,Patna,Soybean,1742.16
2026-05-12,Bihar,Patna,Patna,Soybean,1840.65
2026-05-13,Bihar,Patna,Patna,Soybean,1728.18
2026-05-14,Bihar,Patna,Patna,Soybean,1993.16
2026-05-15,Bihar,Patna,Patna,Soybean,2013.77
2026-05-16,Bihar,Patna,Patna,Soybean,1955.76
2026-05-17,Bihar,Patna,Patna,Soybean,1658.17
2026-05-18,Bihar,Patna,Patna,Soybean,1668.28
2026-05-19,Bihar,Patna,Patna,Soybean,1731.51
2026-05-20,Bihar,Patna,Patna,Soybean,1599.94
2026-05-21,Bihar,Patna,Patna,Soybean,2041.32
2026-05-22,Bihar,Patna,Patna,Soybean,1849.07
2026-05-23,Bihar,Patna,Patna,Soybean,1836.01
2026-05-24,Bihar,Patna,Patna,Soybean,1651.64
2026-05-25,Bihar,Patna,Patna,Soybean,1515.77
2026-05-26,Bihar,Patna,Patna,Soybean,1614.01
2026-05-27,Bihar,Patna,Patna,Soybean,1777.87
2026-05-28,Bihar,Patna,Patna,Soybean,1902.11
2026-05-29,Bihar,Patna,Patna,Soybean,1851.04
2026-05-30,Bihar,Patna,Patna,Soybean,1823.29
2026-05-31,Bihar,Patna,Patna,Soybean,1661.42
2026-06-01,Bihar,Patna,Patna,Soybean,1709.0
2026-06-02,Bihar,Patna,Patna,Soybean,1838.31
2026-06-03,Bihar,Patna,Patna,Soybean,1815.44
2026-06-04,Bihar,Patna,Patna,Soybean,1896.14
2026-06-05,Bihar,Patna,Patna,Soybean,1845.0
2026-06-06,Bihar,Patna,Patna,Soybean,1572.91
2026-06-07,Bihar,Patna,Patna,Soybean,1557.19
2026-06-08,Bihar,Patna,Patna,Soybean,1682.39
2026-06-09,Bihar,Patna,Patna,Soybean,1642.58
2026-06-10,Bihar,Patna,Patna,Soybean,1759.93
2026-06-11,Bihar,Patna,Patna,Soybean,1978.38
2026-06-12,Bihar,Patna,Patna,Soybean,1874.13
2026-06-13,Bihar,Patna,Patna,Soybean,1886.78
2026-06-14,Bihar,Patna,Patna,Soybean,1667.95
2026-06-15,Bihar,Patna,Patna,Soybean,1516.99
2026-06-16,Bihar,Patna,Patna,Soybean,1614.22
2026-06-17,Bihar,Patna,Patna,Soybean,1588.38
2026-06-18,Bihar,Patna,Patna,Soybean,1935.69
2026-06-19,Bihar,Patna,Patna,Soybean,1855.04
2026-06-20,Bihar,Patna,Patna,Soybean,1771.05
2026-06-21,Bihar,Patna,Patna,Soybean,1773.95
2026-06-22,Bihar,Patna,Patna,Soybean,1360.1
2026-06-23,Bihar,Patna,Patna,Soybean,1662.42
2026-06-24,Bihar,Patna,Patna,Soybean,1505.88
2026-06-25,Bihar,Patna,Patna,Soybean,1718.13
2026-06-26,Bihar,Patna,Patna,Soybean,1693.35
2026-06-27,Bihar,Patna,Patna,Soybean,1760.64
2026-06-28,Bihar,Patna,Patna,Soybean,1633.3
2026-06-29,Bihar,Patna,Patna,Soybean,1706.5
2026-06-30,Bihar,Patna,Patna,Soybean,1505.69
2026-07-01,Bihar,Patna,Patna,Soybean,1713.16
2026-07-02,Bihar,Patna,Patna,Soybean,1711.3
2026-07-03,Bihar,Patna,Patna,Soybean,1508.86
2026-07-04,Bihar,Patna,Patna,Soybean,1549.65
2026-07-05,Bihar,Patna,Patna,Soybean,1565.57
2026-07-06,Bihar,Patna,Patna,Soybean,1654.39
2026-07-07,Bihar,Patna,Patna,Soybean,1597.09
2026-07-08,Bihar,Patna,Patna,Soybean,1474.83
2026-07-09,Bihar,Patna,Patna,Soybean,1648.66
2026-07-10,Bihar,Patna,Patna,Soybean,1913.41
2026-07-11,Bihar,Patna,Patna,Soybean,1642.26
2026-07-12,Bihar,Patna,Patna,Soybean,1521.08
2026-07-13,Bihar,Patna,Patna,Soybean,1562.18
2026-07-14,Bihar,Patna,Patna,Soybean,1603.33
2026-07-15,Bihar,Patna,Patna,Soybean,1529.79
2026-07-16,Bihar,Patna,Patna,Soybean,1695.87
2026-07-17,Bihar,Patna,Patna,Soybean,1611.67
2026-07-18,Bihar,Patna,Patna,Soybean,1684.13
2026-07-19,Bihar,Patna,Patna,Soybean,1549.98
2026-07-20,Bihar,Patna,Patna,Soybean,1536.15
2026-07-21,Bihar,Patna,Patna,Soybean,1418.08
2026-07-22,Bihar,Patna,Patna,Soybean,1465.65
2026-07-23,Bihar,Patna,Patna,Soybean,1718.88
2026-07-24,Bihar,Patna,Patna,Soybean,1614.47
2026-07-25,Bihar,Patna,Patna,Soybean,1609.55
2026-07-26,Bihar,Patna,Patna,Soybean,1475.33
2026-07-27,Bihar,Patna,Patna,Soybean,1554.74
2026-07-28,Bihar,Patna,Patna,Soybean,1411.58
2026-07-29,Bihar,Patna,Patna,Soybean,1516.38
2026-07-30,Bihar,Patna,Patna,Soybean,1674.62
2026-07-31,Bihar,Patna,Patna,Soybean,1729.82
2026-08-01,Bihar,Patna,Patna,Soybean,1497.01
2026-08-02,Bihar,Patna,Patna,Soybean,1688.51
2026-08-03,Bihar,Patna,Patna,Soybean,1472.3
2026-08-04,Bihar,Patna,Patna,Soybean,1346.26
2026-08-05,Bihar,Patna,Patna,Soybean,1547.2
2026-08-06,Bihar,Patna,Patna,Soybean,1522.04
2026-08-07,Bihar,Patna,Patna,Soybean,1623.16
2026-08-08,Bihar,Patna,Patna,Soybean,1526.98
2026-08-09,Bihar,Patna,Patna,Soybean,1471.23
2026-08-10,Bihar,Patna,Patna,Soybean,1329.72
2026-08-11,Bihar,Patna,Patna,Soybean,1531.24
2026-08-12,Bihar,Patna,Patna,Soybean,1367.03
2026-08-13,Bihar,Patna,Patna,Soybean,1422.9
2026-08-14,Bihar,Patna,Patna,Soybean,1594.04
2026-08-15,Bihar,Patna,Patna,Soybean,1680.78
2026-08-16,Bihar,Patna,Patna,Soybean,1408.79
2026-08-17,Bihar,Patna,Patna,Soybean,1470.8
2026-08-18,Bihar,Patna,Patna,Soybean,1520.0
2026-08-19,Bihar,Patna,Patna,Soybean,1552.54
2026-08-20,Bihar,Patna,Patna,Soybean,1490.44
2026-08-21,Bihar,Patna,Patna,Soybean,1418.01
2026-08-22,Bihar,Patna,Patna,Soybean,1262.51
2026-08-23,Bihar,Patna,Patna,Soybean,1401.33
2026-08-24,Bihar,Patna,Patna,Soybean,1500.28
2026-08-25,Bihar,Patna,Patna,Soybean,1287.94
2026-08-26,Bihar,Patna,Patna,Soybean,1523.89
2026-08-27,Bihar,Patna,Patna,Soybean,1407.07
2026-08-28,Bihar,Patna,Patna,Soybean,1530.49
2026-08-29,Bihar,Patna,Patna,Soybean,1551.25
2026-08-30,Bihar,Patna,Patna,Soybean,1348.15
2026-08-31,Bihar,Patna,Patna,Soybean,1388.95
